,id,tag,entropy,KL_div,norm_entropy_diff
0,0,classic,7.154034768042491,8.165164558516802,0.19237124684619225
1,1,sci-fi,7.388011152099896,8.778943793484606,0.16595733337629395
2,2,dark comedy,7.08154193477254,9.263047598580911,0.20055506177646515
3,3,great dialogue,5.279865552928688,12.668773455016321,0.40394876854948364
4,4,so bad it's good,5.84010669279613,11.727677274920381,0.34070238131108116
5,5,tense,7.008402053640278,9.032435158857362,0.2088119228233998
6,6,artificial intelligence,5.951967840638607,12.692655672160305,0.32807422359483157
7,7,philosophical,6.22563401153643,11.933372746447587,0.2971796758956929
8,8,cliche,6.5217610189581805,10.193731068061464,0.2637494936931207
9,9,musical,6.863736159188949,8.159182171063005,0.22514345317624657
10,10,horror,7.101191125923295,8.60268492172083,0.19833683775825742
11,11,unpredictable,5.278413375089892,12.241277489068716,0.40411270688852324
12,12,oscar (best supporting actress),5.760112299782541,12.062862749611766,0.3497330575635168
13,13,adventure,7.148598142659024,8.58464976034768,0.19298499490895368
14,14,anime,6.039187014227851,11.407761988224037,0.3182279319984237
15,15,fantasy,7.246515293155983,8.291523322712882,0.1819309940923109
16,16,hayao miyazaki,4.323889652845006,13.716576423515644,0.5118701932088343
17,17,post-apocalyptic,6.380122162698868,11.703225959634285,0.279739297571323
18,18,clint eastwood,5.577736034444452,13.038586527634795,0.3703217631758815
19,19,music,7.317538834385736,6.775831962121651,0.1739130495466417
20,20,art,6.31671418419443,11.074402225808395,0.28689751084256704
21,21,documentary,6.6387658924066795,9.378269175026203,0.2505406537699137
22,22,aliens,6.818336018016019,10.471802892334395,0.23026873710305829
23,23,amazing photography,4.594915137372007,12.715534326389571,0.4812737561997168
24,24,first contact,4.691054267748962,13.349277163458057,0.47042047850214747
25,25,james cameron,4.175577710991836,12.782582975199242,0.528613330831224
26,26,apocalypse,6.047158259448694,12.014119353059034,0.31732804724142605
27,27,arnold schwarzenegger,5.197934126676625,13.579325972196475,0.4131981191290549
28,28,franchise,6.6821327652345275,9.88780052790634,0.24564490828282293
29,29,time travel,6.579854528103932,10.9591493933077,0.2571912381242075
30,30,science fiction,6.630925116378363,10.668436779935597,0.2514258096816231
31,31,unoriginal,5.173293958639036,11.95727847903352,0.4159797813427463
32,32,bad science,5.928622132784572,12.043636200498149,0.330709752430933
33,33,good science,3.0519986105449752,11.799320532007446,0.6554557096266334
34,34,hans zimmer,4.716860226618156,12.212586592105847,0.4675072085696939
35,35,philosophical issues,3.181812723975243,11.866967926269306,0.6408008171120222
36,36,space,6.544589471025267,11.30891104118972,0.2611723585690741
37,37,space travel,6.035876444210094,12.00929348975183,0.3186016667680132
38,38,time-travel,3.6140029759458288,12.316934854754297,0.5920102694502387
39,39,visually appealing,7.234293235297388,9.547275820328071,0.18331075889208576
40,40,bittersweet,6.866222382763743,10.530873030044205,0.224862780002174
41,41,boring,7.568201671068035,5.71766495070678,0.14561537965607246
42,42,dialogue driven,5.698687525687474,12.402359706533328,0.35666738418110017
43,43,loneliness,6.506527126230682,11.14266560160463,0.26546926864363507
44,44,love story,6.478727619730318,10.936120330396054,0.268607592890181
45,45,philosophy,6.063815243533767,12.04286239433543,0.3154476175644521
46,46,quirky,7.353310583503864,8.337607617908652,0.16987472794559788
47,47,reflective,6.027326333428544,11.840236222057975,0.3195669004485478
48,48,romantic,6.131071721907633,10.974090983149281,0.30785494188816886
49,49,thought-provoking,6.844274729823676,10.710012651279584,0.22734048051011954
50,50,wistful,5.2563517777408535,12.21634939448923,0.40660327073637836
51,51,american civil war,5.159775710364149,12.450382946235727,0.4175058748484476
52,52,based on book,6.055592930723368,11.417505982579808,0.316375845684445
53,53,culture clash,5.598139681886831,11.746670420497502,0.3680183675567703
54,54,drama,7.613018560538745,5.6369683046386445,0.14055593981030204
55,55,war,6.924757774995809,8.35584811054936,0.21825463964829528
56,56,western,5.970909620267321,11.595134437119135,0.32593586022925375
57,57,buddhism,4.20240154714187,12.717525811592417,0.5255851513427168
58,58,china,5.811080775360008,11.489054683458455,0.3439791567627184
59,59,great cinematography,5.607882447050649,12.441977280243513,0.36691849349455946
60,60,atmospheric,7.620862635091081,7.84373523387783,0.1396704115237122
61,61,based on a book,7.850811011804347,5.08379567008798,0.1137112253027746
62,62,canada,5.750167765501669,11.560332191017302,0.3508557096168494
63,63,death,7.183512887610029,8.137280688338212,0.18904342167849825
64,64,incest,6.098092986680712,11.564169131938385,0.31157795633742563
65,65,meditative,6.004486098857097,12.178038624101195,0.3221453657155996
66,66,melancholic,5.25738623399183,13.131018845504927,0.4064864895577489
67,67,nudity (full frontal),6.991608521194601,9.041096674451708,0.21070776763124685
68,68,small town,6.607783359041983,9.037825273141973,0.2540383142653103
69,69,aging,5.204059973023702,12.04300938414704,0.4125065639706425
70,70,based on a play,6.442524311451608,10.340725900677006,0.272694633794118
71,71,friendship,7.37100781210208,6.717851138102078,0.16787686364517515
72,72,morgan freeman,5.706313103222209,13.033942921225654,0.3558065223211652
73,73,racism,6.790928111807892,9.709881018512345,0.2333628530579187
74,74,usa,7.046536168051123,8.484615349063018,0.20450691057886436
75,75,emotional,6.684006336175969,10.255724594173095,0.2454333983010514
76,76,heartwarming,6.430798227679759,11.175846570909169,0.27401840740203226
77,77,holocaust,5.311588944941157,12.510690135639027,0.4003674715097643
78,78,italy,6.129511345347322,10.926408765945975,0.3080310949286158
79,79,love,7.218838417223472,6.608509760221265,0.18505547440661088
80,80,oscar (best foreign language film),5.552475029923249,12.137474932274198,0.3731735124679044
81,81,oscar winner,5.385495390687766,12.101661909709371,0.3920240719368411
82,82,sentimental,5.586062302127694,12.052365151683649,0.3693817994483526
83,83,survival,6.753395859883509,10.077347999523163,0.23759992022456855
84,84,natalie portman,5.151036601779474,13.479726543157774,0.4184924447490364
85,85,robots,6.148104435755539,12.134502659822955,0.30593209556524353
86,86,star wars,4.820108241471719,13.085750758083268,0.4558513991970194
87,87,abortion,5.319199704553616,12.21777750735551,0.39950828246530773
88,88,charlize theron,5.260975564028064,13.004202275478471,0.4060812851890518
89,89,medicine,5.7881080808161975,11.721488856396093,0.34657257561691235
90,90,orphans,5.0267989861427615,12.30236857880683,0.43251779881352814
91,91,funny,7.754472025191999,5.620979217520827,0.12458706504364311
92,92,relationships,6.346211633892731,11.204188149867994,0.28356750347001763
93,93,island,6.164998913535916,10.61185134386725,0.30402485490073056
94,94,dogs,5.986857966315082,11.56511438866045,0.3241354296678933
95,95,multiple storylines,5.88636016530075,12.514706497895336,0.335480763645088
96,96,action,7.565180164581755,6.78896976546051,0.14595648164890332
97,97,george lucas,4.28632966739283,12.76547330996441,0.5161103912513043
98,98,romance,7.539269162453123,5.854419437295381,0.14888161005834194
99,99,family,7.34847423768011,6.648652115481926,0.17042070962923572
100,100,mystery,6.708782460108417,8.980566996772666,0.2426363878407538
101,101,powerful ending,4.676349331357435,13.54263385262361,0.47208053884965184
102,102,twist ending,6.936338605005354,10.195578347163455,0.21694726393593847
103,103,adapted from:book,7.289489120661278,7.131976616269567,0.17707962002835104
104,104,assassin,6.485678119283626,10.363476404056494,0.26782294150532754
105,105,assassination,6.103624962824938,11.199090753088065,0.3109534439970893
106,106,history,7.0816937516189915,8.600949667594563,0.200537922965377
107,107,interesting,6.326858630975236,10.744214179645562,0.2857522903941543
108,108,thriller,7.259490507969511,7.672408070348936,0.18046620437552563
109,109,dialogue,7.059095057570458,8.828840730853338,0.2030891203929953
110,110,paris,6.609252945483249,9.673227097697257,0.25387241064536803
111,111,adultery,6.774020206904267,9.535231368973978,0.23527160952870868
112,112,biographical,5.766485568470534,11.746477860234334,0.3490135705592055
113,113,biography,7.240557449850573,7.874720198179093,0.18260358315795652
114,114,blindness,5.632416076359775,12.052754622372166,0.36414885858339335
115,115,disability,5.877033858032387,11.8938334225656,0.33653362320684516
116,116,drug addiction,5.492294769490193,11.537020085128573,0.3799673442389121
117,117,drugs,7.223486167089593,7.6334236740190535,0.184530783578141
118,118,genius,5.63423902119124,12.069713827462198,0.3639430638523024
119,119,great acting,6.6305179537089405,10.533900539055598,0.25147177483131816
120,120,music business,5.627712259365266,11.855134441533242,0.36467987890654147
121,121,catholicism,6.032164655205138,11.56160581137502,0.3190206956968959
122,122,child abuse,6.0006560926886205,11.375475924426985,0.32257774034148695
123,123,enigmatic,6.022117423003571,12.333661010667246,0.3201549414587206
124,124,mistaken identity,5.353394613475121,11.990820590017844,0.39564797250709377
125,125,queer,6.1467152781203,11.431466824911432,0.30608891946745526
126,126,soccer,5.369982040928784,12.068167583327622,0.393775395173213
127,127,spanish,4.64472610572615,12.446837085713504,0.47565052796983115
128,128,alcoholism,6.260861554430154,11.036589805892778,0.2932027904783866
129,129,complex characters,5.273776285769918,12.513675897543697,0.40463619423338254
130,130,confusing,6.170532776712079,11.276225966196325,0.3034001295307822
131,131,germany,5.997790014122025,11.393218594601159,0.3229012958642419
132,132,suicide,6.974836201753826,8.817929949746002,0.21260121767400597
133,133,suicide attempt,5.4804859891661595,11.494914312134352,0.3813004535735171
134,134,terminal illness,5.402383041111115,12.064496067920423,0.39011760202198514
135,135,touching,6.614875603295106,10.84006933680374,0.25323766112775514
136,136,true story,7.127944080853993,8.97325106137506,0.1953166601473829
137,137,deliberate,6.212271021976663,11.272397883460123,0.2986882420330525
138,138,biopic,5.821500615514839,11.293426474099283,0.3428028467802871
139,139,character study,5.438070810743509,12.173733155917452,0.3860887609797522
140,140,death penalty,5.289180411653749,12.199043418296082,0.40289720142941166
141,141,gay,6.387088516281585,9.518979731517973,0.2789528564034423
142,142,journalism,6.250768254441743,11.607670282319795,0.2943422368955694
143,143,prison,6.8246772707206524,9.06241647885058,0.2295528644268234
144,144,thought provoking,5.583496618335636,12.218450023182161,0.36967144299484783
145,145,writers,6.27666442278901,11.419130710512562,0.29141878309196323
146,146,based on a true story,7.194959167772038,8.393179324319913,0.1877512354821455
147,147,joaquin phoenix,5.08201908666182,12.943398118215173,0.4262839262678629
148,148,disturbing,7.124569506555979,9.579829121663709,0.1956976204475627
149,149,murder mystery,4.496806548067004,12.502439984371536,0.49234936880479224
150,150,twist,6.031517544272813,11.498008925189602,0.31909374893361775
151,151,strong woman,5.710922956314098,11.718786161173682,0.3552861097112831
152,152,world war ii,6.823959330210229,9.327146090747506,0.2296339137113281
153,153,cynical,6.142108113966496,11.610102603299449,0.3066090285194454
154,154,nudity (topless - notable),6.661813362536435,10.133622129151714,0.24793879339772304
155,155,nudity (topless),7.623687795649889,5.7325822643614455,0.13935147529072628
156,156,psychology,6.83794561830708,10.621266723762776,0.22805498255105922
157,157,epidemic,4.979517670367944,12.587077684452888,0.4378554511097213
158,158,husband-wife relationship,5.686891452496905,11.729166070784615,0.3579990589900579
159,159,science,5.92251882977578,11.238115554707848,0.33139876264110546
160,160,george clooney,5.328158507056449,13.61573270787359,0.3984969110183258
161,161,lawyers,5.639971258804111,12.091945574538133,0.3632959437213318
162,162,depressing,6.581215185466732,10.433785681635676,0.2570376316566661
163,163,hospital,6.024266753464843,10.090255352383508,0.31991230060823056
164,164,marriage,6.537945857721947,9.515752519457731,0.26192236514614087
165,165,jude law,5.441236428317212,13.022244741528535,0.38573139008949153
166,166,road movie,6.242871241011183,11.0445035516791,0.29523374152440524
167,167,soundtrack,7.4485198065850255,7.303851502846903,0.15912642875235525
168,168,alternate endings,3.5493046296313,13.146367563435945,0.5993141541054448
169,169,beautiful,6.734157042448003,10.264121749692922,0.23977181659373348
170,170,solitude,4.823568420780734,11.993377422044185,0.45546077483026187
171,171,awkward,4.765745084496025,12.208174844880432,0.4619885302159951
172,172,corruption,6.983364153590476,9.140451242173953,0.21163848554701714
173,173,murder,7.530497070053669,5.262575929711673,0.14987190354681762
174,174,newspaper,4.027918257002795,12.342003752838938,0.5452828082077188
175,175,politics,6.600656619462193,9.169108440675764,0.25484286162739317
176,176,secrets,5.78990738471664,11.905388036989748,0.34636944974280415
177,177,humorous,6.831352315014902,9.801079347307311,0.22879930956227437
178,178,nonlinear,5.934038304470387,12.445387868059779,0.3300983134140271
179,179,excellent script,4.952998483407218,13.34411850305608,0.4408492383352765
180,180,nostalgic,6.077071289995166,11.434164161638877,0.3139511243794885
181,181,revenge,7.29708314741216,7.217842457185229,0.17622231997948512
182,182,effects,5.054409625388612,12.090108119395023,0.42940079604922554
183,183,environmental,5.570848733496524,12.304647848137158,0.3710992799838817
184,184,alternate reality,6.230324810121358,12.22400529491458,0.2966501252385778
185,185,dystopia,6.9526255317166346,10.089438883851749,0.215108610541172
186,186,oscar (best picture),6.214919886916782,12.664797883657672,0.29838920805317615
187,187,mindfuck,6.414979635279414,11.750420358491848,0.275804189896969
188,188,animals,5.831221263624941,11.65021015164093,0.34170546954246916
189,189,genetics,5.036818519254758,12.979649776850685,0.4313866800397458
190,190,virus,5.066015847062475,12.40795655218981,0.4280905538372137
191,191,children,6.643101888952884,8.88254476295785,0.2500511571994003
192,192,cinematography,7.3863294946201945,8.181951540441224,0.16614717798532913
193,193,food,4.617115613165522,12.560695707763493,0.4787675141746388
194,194,japan,6.855135293115915,9.913960229676675,0.2261144166909386
195,195,tokyo,5.417570916044789,12.048722995089513,0.3884030220830487
196,196,humor,6.400181592061034,10.853211135213508,0.2774747612012858
197,197,sexuality,6.783657223713146,10.005290462511637,0.2341836735426768
198,198,strange,5.892325095726015,11.612029622480215,0.3348073745048051
199,199,oscar (best directing),6.143245018137706,11.985940287724052,0.3064806818552174
200,200,us president,4.888021170124369,12.354214632435053,0.44818461595244047
201,201,racing,5.151791073650879,12.488550609826042,0.4184072713893101
202,202,sports,6.210396937385008,10.502237435733583,0.2988998100014979
203,203,happy ending,6.1215846297150485,11.548455018782253,0.30892595267955875
204,204,ocean,5.919800244629668,11.748800572820116,0.33170566743023294
205,205,suspense,7.179591314956113,7.365033074963134,0.18948613336995276
206,206,disease,5.87026272867246,11.877383943689257,0.3372980252456541
207,207,matthew mcconaughey,4.970375683238039,13.118640558999413,0.4388875025193754
208,208,sad,6.450952941321697,9.858526448770181,0.2717431142595495
209,209,story,7.043954138926926,8.720633821092267,0.2047983993722229
210,210,cats,5.467947573189889,12.156643117164974,0.3827159324731549
211,211,new york city,7.122041494848851,8.021439613960098,0.1959830111409524
212,212,wall street,4.901194991410601,12.421569525148819,0.44669740527977253
213,213,meaning of life,5.067570253800202,12.590962862219197,0.4279150747381895
214,214,original plot,5.277135224175474,12.830660846084145,0.4042569990904517
215,215,afghanistan,5.181553013006549,12.554634947682882,0.4150474054182037
216,216,nudity (full frontal - notable),6.238398882387411,11.386293824719646,0.2957386321960453
217,217,matt damon,5.412244669652964,13.330741136362052,0.38900430931073116
218,218,lars von trier,4.638355187332583,13.211587489533237,0.4763697496461956
219,219,pornography,4.637995606757364,12.49560772079868,0.47641034318830694
220,220,unexpected ending,4.584579407565449,12.558839379659135,0.48244057085008646
221,221,original,6.515177284320273,10.709204688760432,0.26449274048589017
222,222,wormhole,3.8981996746288847,12.426343392569024,0.5599269160909387
223,223,espionage,6.253855680727076,11.26134528262713,0.2939936931266159
224,224,new york,6.635399605623984,8.677333723853664,0.2509206784811733
225,225,future,6.6926051833134315,10.316556646763818,0.24446266270675274
226,226,time loop,5.027199134992074,13.208447055759326,0.4324726254635621
227,227,tom cruise,5.299345348581178,13.878631725689946,0.4017496678203693
228,228,plot holes,6.395586505822529,10.707839623031184,0.27799350676092655
229,229,education,5.748296915847014,11.72012634644144,0.35106691238884
230,230,good acting,6.20366861525002,11.096709251535447,0.299659379474234
231,231,jazz,5.544987987545694,11.861731179101891,0.37401873490478793
232,232,motivation,4.348392418519742,12.339643578412439,0.5091040425354959
233,233,psychological,6.743723385949645,10.583768959525415,0.23869185901385356
234,234,ben affleck,5.204324693733483,13.249972099620964,0.41247667928826304
235,235,infidelity,6.1479409516058325,9.91684889413204,0.3059505515141268
236,236,psychopathy,3.2726743013580344,12.680304603389716,0.6305433295779869
237,237,superheroes,5.0265638977864375,12.832660412788194,0.4325443382590655
238,238,talking animals,5.989260323050408,11.17069265842379,0.3238642243358409
239,239,vin diesel,4.5429837149285905,13.259720837110251,0.48713636538702954
240,240,slow,7.014067380237147,7.910027569918582,0.20817235636838655
241,241,acting,7.124670098847853,7.6045337551608,0.19568626444638335
242,242,brad pitt,5.531044477655786,13.41361656797772,0.3755928367748653
243,243,technology,6.255355346260161,11.568547898040059,0.29382439383692793
244,244,mental illness,6.7818166877518005,9.943087054402028,0.23439145416043897
245,245,computers,5.200627932687977,13.034067481066096,0.41289401169028406
246,246,cryptography,3.1592764357691476,12.774526480801455,0.6433449694588782
247,247,mathematics,5.189031361202883,13.343833396125913,0.41420316447930927
248,248,physics,4.792887127084369,12.829957218519503,0.4589244279681849
249,249,mars,5.23235752253456,12.822049074443477,0.4093120149686091
250,250,nasa,4.335152718005614,12.576602952245604,0.5105986904041533
251,251,adoption,5.639391857198193,11.758612384909798,0.36336135315974444
252,252,oscar nominee: best picture,7.255443906675587,8.504912678688411,0.18092303072086602
253,253,dreamlike,6.63263798777902,11.360645631955531,0.2512324412904315
254,254,imagination,5.69682744739265,12.402089951954231,0.35687737095957206
255,255,surreal,7.369491438904804,8.653844070863823,0.16804804908588655
256,256,surrealism,6.329577544046545,10.9332207461689,0.2854453485851035
257,257,gay romance,5.019311752079199,12.720602877779461,0.4333630428901068
258,258,space adventure,3.6092149242538185,11.566966872387749,0.5925507991434027
259,259,coen brothers,5.050765862572224,14.098834664773763,0.4298121454087972
260,260,witty,6.723603373242259,9.654325283062832,0.24096323472045372
261,261,smart,5.486299094552767,11.650169982782991,0.3806442041691516
262,262,tom hanks,5.490562277633414,13.641814124407219,0.3801629276101853
263,263,4th wall,3.6565269676092695,12.13211931362508,0.5872096779686761
264,264,parody,6.406848107649179,10.575664211555509,0.2767221691540141
265,265,cult film,7.074059368661555,8.634894120861967,0.20139977888150368
266,266,unintentional comedy,5.494281202742661,12.111728526839057,0.3797430930767454
267,267,dark,7.225480623999684,9.028519584284318,0.18430562661430977
268,268,torture,6.570843721941452,10.301172432754445,0.25820848033533333
269,269,ewan mcgregor,5.5208817145045055,13.069786143855318,0.3767401249833502
270,270,ai,5.029042123340461,12.072549428314264,0.43226456799247825
271,271,inspiring,6.174095804741045,10.824517897245762,0.30299789443159875
272,272,summer,5.8673000055891436,11.100482623996918,0.33763249109986093
273,273,england,6.745986108436847,9.407035876337005,0.2384364171827297
274,274,violent,6.786009602635687,10.290622591114957,0.23391811027414974
275,275,television,6.2922388691733,11.025656601272154,0.2896605625741384
276,276,michael moore,3.830050497856455,13.108783975443155,0.5676203697083351
277,277,propaganda,5.9199124644718335,11.600814047160785,0.3316929987790248
278,278,christopher nolan,4.585178584515402,13.454186474103247,0.4823729289460841
279,279,magic,6.702912604115651,10.05736002876476,0.24329904389853632
280,280,nicolas cage,5.379702060705565,13.1665964104856,0.39267808886880157
281,281,manipulation,5.476170704025016,11.815415660992022,0.3817876120052336
282,282,dark humor,6.26446365516096,11.687392726944179,0.292796144408542
283,283,kidnapping,6.551626986314698,9.366578263136141,0.2603778838589576
284,284,bad ending,6.16221932921756,11.338045210419235,0.3043386459697015
285,285,nudity (topless - brief),6.894150872519862,9.0571000877943,0.22170989465977084
286,286,oscar (best actor),5.7473737293942015,12.331203293415212,0.35117113216802587
287,287,oscar (best actress),6.109191422562185,11.993306812722825,0.3103250387568525
288,288,want to see again,6.128842670065093,10.808685610770166,0.3081065825942425
289,289,animation,7.022517871642982,8.974885892289791,0.20721836885519768
290,290,big budget,5.956892786990634,11.629555139418391,0.327518239676581
291,291,christian,5.520125792609072,12.297080428039784,0.3768254620382689
292,292,christmas,6.352810840737413,10.137512605622828,0.2828225099986995
293,293,film noir,6.263668666645437,10.854557348113923,0.29288589174754465
294,294,low budget,6.018967877725869,11.371910334078608,0.3205104979255405
295,295,plot twist,6.26868406185932,11.489031252896911,0.29231969693377935
296,296,stylized violence,4.789127021243026,12.45007083695519,0.45934891145069967
297,297,anti-hero,5.742100526081078,12.259721352940929,0.35176643129012813
298,298,better than expected,5.814237220278018,11.769417008516132,0.3436228213860832
299,299,innovative,4.726387856900324,12.341792720812071,0.4664316213780198
300,300,movie to see,7.214075230319572,7.895097869408765,0.18559319707989444
301,301,superhero,6.549459980116424,11.470907101706116,0.26062252014753234
302,302,will smith,5.074317594176153,13.818864745684785,0.4271533582702634
303,303,chick flick,6.244584158822453,11.399612318266271,0.2950403678938561
304,304,space program,4.045055239811767,12.963130616687481,0.5433481908194088
305,305,special effects,6.539748454220703,10.988107340300934,0.26171886756611334
306,306,off-beat comedy,5.0626667644864,13.177748708716967,0.42846863634209725
307,307,disney,6.362712505956395,10.832236622993994,0.28170469749229743
308,308,cult classic,5.9617794272126385,11.960730450386233,0.3269665801896523
309,309,great soundtrack,7.0711718843036255,9.108755810098414,0.2017257509332699
310,310,stylized,7.16850156892218,9.011275008780744,0.1907380699417719
311,311,weird,6.541352126730151,10.408244083981092,0.26153782678685156
312,312,studio ghibli,4.746359572352928,13.936643630758592,0.4641769871509985
313,313,black comedy,6.803873839909334,10.585891837507308,0.2319013921363223
314,314,comedy,7.738388163707169,5.213351033958866,0.1264027941277284
315,315,awesome,5.447739960661414,11.279780416294205,0.38499719744316746
316,316,colorful,5.5931393518338535,12.007520306064976,0.3685828616439509
317,317,jeff goldblum,4.7050325522010406,12.721972934299995,0.4688424508842651
318,318,heartbreaking,5.616856926045143,12.185639324342974,0.3659053523070291
319,319,classic sci-fi,3.371712862752464,11.379042198155062,0.6193627311539431
320,320,good vs evil,5.409320174098962,11.464225332857968,0.3893344596069574
321,321,scary,6.251528584559439,11.232103877943345,0.29425640219042054
322,322,ghosts,6.055786456461449,11.77005294422393,0.31635399829963096
323,323,bisexual,4.994549349446476,12.278140500848785,0.43615850433414316
324,324,canadian,5.496301402055218,11.714589042555797,0.3795150300179508
325,325,lgbt,6.427823787506903,10.354218103501283,0.2743541960144758
326,326,quentin tarantino,4.555728113548108,14.357555457535925,0.4856976328255449
327,327,violence,7.628730443480595,6.255102008384782,0.1387822038918369
328,328,courtroom,5.457549792486919,12.019650604983205,0.3838897521339453
329,329,courtroom drama,5.160552167115321,12.875834868079991,0.4174182195856261
330,330,social commentary,7.165707170150025,8.925086735987836,0.19105353343466003
331,331,college,6.25148808021879,10.913851827381439,0.29426097478074137
332,332,nerds,4.722567189283303,12.956479976112204,0.46686294176208243
333,333,dystopic future,5.35587621464028,12.325602540286994,0.39536782116315633
334,334,futuristic,6.013804313842293,12.181224073598228,0.3210934197027383
335,335,intelligent,6.338957337326674,11.246343640887071,0.28438645091444775
336,336,uma thurman,5.099914200180062,12.899131138793875,0.42426372246862437
337,337,underdog,6.121476311798724,11.076927434277232,0.30893818083703095
338,338,jim carrey,4.949048424965891,13.942628946544424,0.44129516582616657
339,339,poignant,6.255854228110877,11.13616921025466,0.29376807438362235
340,340,sexy,5.816254215795745,11.633548818796825,0.34339512000806155
341,341,conspiracy,6.613457317098115,10.435796747878026,0.2533977733930754
342,342,political,6.275261266339708,11.223275199409933,0.29157718733940863
343,343,satire,6.998688307385573,9.22509298042463,0.20990852090133827
344,344,unique,6.379066681744369,11.162740298202479,0.27985845225744044
345,345,crude humor,5.621958172381545,12.482890269900205,0.36532946564282076
346,346,sexual,5.831261011565653,12.210541872996998,0.3417009823431699
347,347,stupid,6.449690458295139,9.429541845554734,0.27188563769222435
348,348,coming of age,7.279698685078138,8.222764763397125,0.1781848756692888
349,349,coming-of-age,4.391100573234744,12.468139302117773,0.5042826606355846
350,350,john hughes,4.411426991460601,13.152980503308704,0.501987983528176
351,351,teen,6.412754881811517,10.802733898037491,0.27605534535366016
352,352,teen movie,5.719136600139852,12.117280634794215,0.3543588602448036
353,353,high school,6.959289182775518,8.978316528934455,0.21435634187451985
354,354,reese witherspoon,4.843456900557856,13.160703682781453,0.4532155371922965
355,355,stereotypes,5.837578441773944,11.430663680398302,0.34098779902107457
356,356,guilty pleasure,5.167402919114192,12.186400699185377,0.4166448288383893
357,357,1980s,6.691716931419993,10.075300433372128,0.24456293867583087
358,358,breaking the fourth wall,5.334142686282627,12.292527760375517,0.3978213488546253
359,359,charming,5.518972239388629,12.116266747468199,0.37695568823639763
360,360,rebellion,5.995524221931613,11.77468498371929,0.3231570842383524
361,361,complicated,5.220435148273799,13.207426791523554,0.41065794807783357
362,362,tolkien,3.3809130918052626,12.672540460333348,0.6183241047340894
363,363,cloning,5.069338020387507,12.448781291784213,0.42771550915442275
364,364,immortality,5.559466057976222,12.440266861841422,0.3723842857653858
365,365,hilarious,6.5055789356987095,10.119765321287652,0.2655763111674581
366,366,sex,7.110010572712013,7.9949095581115355,0.19734119836811959
367,367,sex comedy,5.004046320694348,12.411521404743269,0.4350863782827129
368,368,steve carell,5.207599990164201,13.34405395277404,0.41210692660207726
369,369,jonah hill,4.892495386610399,12.76855070818922,0.44767951554419333
370,370,marijuana,5.738027710354498,11.469580749846672,0.35222621701856444
371,371,quotable,6.1377460615017565,11.555518694141316,0.3071014665781792
372,372,stoner movie,4.623254588765593,12.716871195198934,0.47807447683692905
373,373,video games,4.996254020220167,12.995025894950524,0.43596606172292696
374,374,underrated,6.379501295562366,10.310110566603925,0.2798093881101008
375,375,emma stone,4.876656689811693,13.64079157962951,0.4494675676521118
376,376,teacher,6.614072186252038,9.831950505255659,0.2533283599747406
377,377,hawaii,5.372374996479888,12.213203763422317,0.3935052511536839
378,378,jason segel,3.7874476837356994,13.296998320066184,0.5724298595647289
379,379,mila kunis,4.802959514434303,13.048829556650393,0.45778734240731406
380,380,paul rudd,4.4853835130024535,13.446688373103678,0.4936389308303538
381,381,cia,6.220563809030568,11.388030422626784,0.297752057979484
382,382,father daughter relationship,6.282359271388635,11.058467571851256,0.29077588385774933
383,383,gritty,6.492424823095738,10.61708984227641,0.2670612968999624
384,384,buddy movie,5.272586111519585,12.494162641656986,0.4047705546295782
385,385,silly,7.0544475275403125,8.822169212132161,0.20361378640388164
386,386,spoof,6.034216262189068,11.283747160977942,0.31878908698319575
387,387,will ferrell,4.907476234332288,13.634711585702707,0.44598830718987237
388,388,geeky,4.333574883568135,12.325492107708692,0.510776814288191
389,389,jason bateman,4.456270121426636,12.858737871680152,0.4969255813570593
390,390,jennifer aniston,5.226463939598767,13.168439175203066,0.40997734959338694
391,391,weak ending,5.453916156500265,12.212904463163932,0.384299958261881
392,392,absurd,6.286182562204347,11.0055678364082,0.2903442673372046
393,393,travel,5.369160822873221,11.635300998735548,0.39386810360080476
394,394,feminism,6.245603679462624,11.234824642300325,0.29492527281672365
395,395,romantic comedy,6.248923106334756,11.001182669499094,0.2945505381847506
396,396,woody harrelson,5.415516988391699,12.885464566748327,0.38863489278025903
397,397,uplifting,5.723181753456931,11.840785656173978,0.35390219736354644
398,398,sibling relationship,6.2163853332016945,8.649490116165111,0.2982237718211376
399,399,bad writing,5.4529588262227335,12.073676255737253,0.3844080325840597
400,400,dinosaurs,4.996324547193948,13.0735349348145,0.4359580998365586
401,401,disaster,5.267218769506037,12.123175223389637,0.40537648119810926
402,402,predictable,7.344261698755349,7.629737737158322,0.17089626890029408
403,403,unrealistic,6.551759052494126,10.285263623644106,0.26036297472763753
404,404,slasher,6.001699663466555,11.520627306006489,0.32245993021146413
405,405,detective,6.344327268287373,10.100464884177448,0.28378023207613784
406,406,1930s,6.247247546261889,11.290344291053216,0.2947396944492028
407,407,church,5.796456956009518,11.247062318813947,0.3456300596967021
408,408,extramarital affair,5.83788917671874,10.916361231408281,0.34095271972887603
409,409,farm,6.067870866758313,11.340271979906994,0.3149897727210452
410,410,female protagonist,6.061093117761434,11.079839551769316,0.3157549220597081
411,411,period piece,6.851234261922032,9.218910637581153,0.22655480942892242
412,412,poverty,6.290008015182283,10.87562898413865,0.28991240672721424
413,413,rural setting,5.558331183080949,11.188851310789602,0.37251240334188246
414,414,nudity,5.818307094485544,10.140722056842312,0.34316336772974937
415,415,dance,5.786535808875742,11.516221468953866,0.346750071543066
416,416,feel-good,6.0607129481914885,11.842570925342406,0.31579783992154653
417,417,haunted house,6.014751605442184,11.915886250317183,0.32098647866058533
418,418,conspiracy theory,5.113134028545177,13.154669659793392,0.4227713179940027
419,419,exorcism,5.147517680292955,12.291129847728387,0.4188897006004196
420,420,bad acting,6.921098241563809,8.839300181839146,0.2186677693741968
421,421,siblings,6.48240091617008,10.666255186301303,0.26819290943954105
422,422,artist,5.018695742380627,11.44679220037103,0.4334325850660843
423,423,stephen king,5.4152547233649795,13.46019042000209,0.3886645002372247
424,424,zombies,6.127054205771468,12.110606736223477,0.3083084847703366
425,425,feminist,6.117489674158051,11.703614276439204,0.3093882378036808
426,426,friends,6.193902546342861,10.284247283968487,0.3007618843278498
427,427,lesbian,6.297113487743662,11.250415670414203,0.28911026022787806
428,428,hollywood,6.20455798489081,10.918845440853456,0.2995589773211311
429,429,hackers,4.976962440120346,13.244764608218912,0.43814391454130913
430,430,hacking,4.920435647565075,12.712710068215824,0.44452530133511264
431,431,internet,5.602338815617505,12.034272084963344,0.36754432161637607
432,432,fun,6.814533341171323,9.550976892978378,0.23069802648426843
433,433,kids,5.766247801012212,11.154476974978273,0.3490404124522255
434,434,schizophrenia,5.434568243292572,11.992278587745515,0.3864841706017285
435,435,childish,6.1352211965544985,11.377049224700414,0.30738650202955065
436,436,sexist,5.260236683709396,11.575360481867719,0.4061646983971008
437,437,illogical,5.526523492579507,11.705946449986858,0.376103216953124
438,438,johnny depp,5.57518255750892,13.656414214819971,0.3706100286736764
439,439,serial killer,6.858178191293918,9.084395418672806,0.2257708997608207
440,440,rachel mcadams,5.127843017780263,13.077659927656383,0.4211108001154552
441,441,realistic action,4.697706197026662,12.716397630212187,0.4696695331233782
442,442,remake,6.933172173139251,8.487018277153805,0.21730472675278006
443,443,light,5.807408732105349,11.26095033621905,0.34439369873958076
444,444,spy,6.3664223886358435,10.573124597985554,0.2812858837711042
445,445,life & death,4.992185130225465,12.589121057789942,0.4364254042701313
446,446,deception,5.853280975439677,11.303987732434008,0.3392151185551559
447,447,harrison ford,5.040113919364728,13.387375151487099,0.43101465782175946
448,448,great visuals,4.676068122996916,12.137112842005408,0.47211228484543555
449,449,marvel cinematic universe,5.040739460439961,13.034490565869193,0.4309440396356565
450,450,redemption,6.358366743111068,10.648377025771852,0.2821952965936538
451,451,antihero,4.460761569865581,12.368202651224234,0.49641853561011884
452,452,punk,4.630075096231657,12.533859234125,0.4773045004362971
453,453,great performances,5.226735666586244,12.528539190684054,0.409946673962752
454,454,kevin smith,4.0829191143793935,13.738565840367215,0.5390736863197625
455,455,gene wilder,3.995171790182283,12.710008710285111,0.5489796015594345
456,456,nick frost,4.217904909627208,12.899759395451111,0.5238349555833032
457,457,simon pegg,4.923971655760177,13.236462075285198,0.44412611654186723
458,458,bd-r,7.578995474817038,4.772757108879662,0.14439685241288164
459,459,space action,2.354588133739772,10.643655869065885,0.7341873306043026
460,460,hallucinatory,6.01299929918139,12.48934777630973,0.32118429890698263
461,461,pixar,5.385607957647148,13.429083999454551,0.3920113640990965
462,462,intense,6.582792166262831,10.7485891917313,0.25685960414136944
463,463,inspirational,6.294802605223053,11.255785956912383,0.28937113891093136
464,464,post apocalyptic,5.514017913433106,12.664536891973917,0.37751498885820206
465,465,bradley cooper,4.788266189698549,12.906360090472315,0.45944609189914354
466,466,entertaining,5.723559923042452,11.625114617778184,0.35385950528268045
467,467,excellent acting,4.985597870908646,12.427177916570553,0.4371690489687158
468,468,investigation,6.207782725526277,10.158731819320433,0.29919493194770064
469,469,dvd,7.278040169226805,7.373531113095474,0.17837210778829968
470,470,art house,5.3855223608113025,12.057404318852477,0.39202102724276977
471,471,mother-son relationship,5.471704056427561,11.757608335037833,0.3822918579513149
472,472,cheesy,6.779212457748423,9.649905633105954,0.23468544924136148
473,473,ridiculous,6.2524616525045165,11.431091729793172,0.29415106687608056
474,474,surprise ending,5.56634740283848,12.707433818253186,0.3716074413480294
475,475,insanity,6.18073498128451,11.170290083866469,0.30224838872640997
476,476,martin scorsese,5.304525482906486,13.42433874697786,0.40116487538337886
477,477,psychological thriller,5.780459876810595,11.758088096812118,0.34743599181003787
478,478,mind bending,3.922615950273537,12.319424319324186,0.5571705293951908
479,479,freedom,5.722955045083172,11.738534532166875,0.35392779078140996
480,480,hope,4.791552243954511,11.850661481280916,0.4590751247473771
481,481,aardman,3.6846491263611725,13.315032475299525,0.5840349290689013
482,482,tear jerker,5.079798184629549,12.178930819432516,0.4265346469307274
483,483,strong female lead,6.373947238288005,11.197377337888089,0.2804363932193679
484,484,tim burton,5.1187589693541105,13.903601951492169,0.4221363107457327
485,485,jack black,5.047657340813185,13.353723450539409,0.43016307067458126
486,486,marvel,5.7453112479617605,13.439317539755528,0.3514039685130666
487,487,masterpiece,5.515865468517596,12.093693568305715,0.37730641584204405
488,488,bruce willis,5.481507510644718,13.28463367330787,0.3811851326190071
489,489,great ending,5.482278499368944,12.748600610479754,0.3810980946492136
490,490,supernatural,6.774804653076955,9.787129911366478,0.23518305232918346
491,491,morality,5.517670757173034,11.958200596612254,0.37710261434077275
492,492,epic,5.815498072652108,11.030217173026442,0.343480482039992
493,493,historical,6.577962932997886,10.305535389120912,0.25740478287853163
494,494,medieval,5.49519058730819,12.703652044194387,0.37964043141146026
495,495,space opera,5.190394304884098,12.231363263117165,0.4140492999061602
496,496,crime,7.213774888605009,7.618369840377033,0.18562710306614094
497,497,vietnam war,5.401997394690875,12.459301940890267,0.3901611381729314
498,498,biblical,5.489816592196652,12.38678005540179,0.3802471090573076
499,499,british,6.77615925350274,10.055491055405056,0.23503012963753175
500,500,british comedy,5.309825276946323,13.00805674928246,0.4005665743978308
501,501,controversial,6.289575665959445,11.569233702966688,0.28996121522131435
502,502,monty python,3.9633410902763826,13.50037246510413,0.5525730127337625
503,503,akira kurosawa,4.745749536073827,13.371449277234472,0.4642458549794957
504,504,french,6.485503264104366,10.159671573651398,0.2678426811452631
505,505,stylish,5.80563551916948,11.977556196467898,0.3445938791690734
506,506,farce,5.551787427503848,11.863970535598465,0.37325113684388966
507,507,mockumentary,5.789740701207444,12.242383538337148,0.34638826687174856
508,508,long,6.616722722071069,9.003236511155261,0.25302913736706256
509,509,samurai,5.575587460514955,12.22259037260931,0.3705643186204665
510,510,toshiro mifune,4.507246447101484,12.734273649740572,0.49117079434804883
511,511,existentialism,5.833984136201473,12.372359863897593,0.341393565084851
512,512,scifi,5.482211379139188,12.075126957665061,0.38110567194359746
513,513,memory,6.167822491436954,11.459749056375172,0.30370609733614123
514,514,anti-war,5.361924304120177,12.66490683178588,0.39468504408364985
515,515,nature,6.123455631293806,11.207054557027835,0.3087147327566488
516,516,wilderness,6.053078099274524,11.541282147269149,0.31665974844048056
517,517,deadpan,5.926034711753241,12.12944506991047,0.33100184992405
518,518,hip hop,4.7985166239918815,12.72772789060474,0.4582889063757253
519,519,clever,6.279017769396661,11.303843244288002,0.291153110580143
520,520,sad ending,5.964275746352294,11.522434254902912,0.32668476731347784
521,521,comic book,6.557824624138634,11.35653116243379,0.25967822406269775
522,522,brutal,6.106401805669032,11.773821600877858,0.31063996241689096
523,523,vengeance,5.181674506039105,12.268931196986728,0.41503368990387063
524,524,intellectual,5.376773899385087,12.446267691801877,0.3930086529984106
525,525,depression,6.546155627119044,10.872073285058558,0.26099555306920263
526,526,finnish,4.880109377407198,12.463191315810054,0.4490777890351216
527,527,mythology,5.346091682901784,12.133378618321366,0.39647241031101105
528,528,cyborgs,4.7375997528947895,12.924267707861473,0.46516589513037143
529,529,nuclear war,5.018212779354921,12.276993501426709,0.4334871074214987
530,530,high fantasy,4.2793922222942005,12.280658776666836,0.5168935689009444
531,531,wizards,4.476907277351502,13.008373120479252,0.4945958246465253
532,532,scarlett johansson,5.488034946303742,13.459502062270946,0.380448241494835
533,533,007,4.648396812751809,13.395633816106633,0.47523613684168503
534,534,bond,4.628939311220797,12.94329666210389,0.4774327207569851
535,535,james bond,4.845427470628646,13.968627632219295,0.4529930768463692
536,536,sean connery,5.172054078481749,13.482440715196093,0.41611975310664695
537,537,spy thriller,4.009297330950339,12.973839493351399,0.5473849499749762
538,538,business,6.2332759901585675,11.113234698524106,0.29631696249460693
539,539,michael douglas,4.618691263716288,13.073038745041076,0.478589636832554
540,540,stock market,4.378573067568395,12.770807398639045,0.5056969078554383
541,541,daniel craig,4.8272364953558,13.036124961875737,0.4550466808830575
542,542,poker,4.420311595034891,12.73052610418205,0.5009849884995493
543,543,spies,5.286912750114096,12.492216486419734,0.4031532008369105
544,544,1920s,5.914017617329817,11.891002073260175,0.3323584761217694
545,545,leonardo dicaprio,5.133197848726924,13.913703698247282,0.4205062859383477
546,546,prostitution,6.402694706770431,10.858543299398216,0.2771910522503104
547,547,fairy tale,6.118247928732979,11.80096295982424,0.30930263740938896
548,548,cerebral,6.118736670846258,11.939233633437436,0.3092474626448876
549,549,satirical,6.40494861171406,11.274079604898215,0.2769366058437201
550,550,neo-noir,6.145776456966691,11.266468839313411,0.3061949042693618
551,551,astronomy,4.07252719003961,12.847767649115635,0.5402468448477165
552,552,catastrophe,4.210272823818204,12.526953906832468,0.5246965521712068
553,553,natural disaster,4.564061929402747,12.873291963443247,0.48475681697464046
554,554,cyberpunk,5.275790863006312,12.827490836894992,0.4044087658584423
555,555,virtual reality,5.34470770858125,12.957697088895385,0.39662864906174833
556,556,amazing cinematography,5.010065671526559,12.55912669661396,0.43440684554838377
557,557,fascism,5.713156349417462,11.985873587153439,0.35503397891434746
558,558,philip k. dick,4.358028673856761,13.810456602449207,0.5080161925130621
559,559,teleportation,4.474164059509846,12.602345632723194,0.49490551025428653
560,560,alternate history,4.579368252036565,12.578848683342674,0.48302886531310524
561,561,james franco,4.6424786835093155,13.02653619875284,0.47590424253254204
562,562,robert downey jr.,5.308027234527479,13.438566707342396,0.4007695578615588
563,563,atmosphere,5.172268824360162,12.087685833200382,0.4160955101512168
564,564,steampunk,5.5534918366134,12.953605094510309,0.3730587237722954
565,565,artistic,5.569263933372037,12.448437686466113,0.37127819023383674
566,566,sci fi,4.899559405079287,12.321657243039818,0.44688204885396027
567,567,twists & turns,5.706148430198777,12.615341542513068,0.3558251124836267
568,568,joss whedon,4.055189683204637,12.75938230806857,0.542204099667119
569,569,anne hathaway,5.08450634259009,13.340594469343571,0.4260031365499967
570,570,christian bale,5.253024227501481,13.54121664775959,0.406978922426371
571,571,atheism,4.592210273205108,12.883642130032303,0.48157911200876624
572,572,david fincher,4.454475010106794,13.407988164042749,0.4971282339250189
573,573,meta,5.495743054391587,11.933837729076325,0.37957806264807153
574,574,samuel l. jackson,5.858400857343494,12.421034447311657,0.3386371280962969
575,575,michael cera,3.796752402562133,13.490667294082357,0.5713794371516582
576,576,gwyneth paltrow,4.965342099987231,12.942071538379544,0.4394557506054633
577,577,humour,5.044588876259706,12.314832557663959,0.43050947382773525
578,578,iron man,4.349770958586682,12.63864567204892,0.5089484172650669
579,579,found footage,5.618076192762301,12.299604955346775,0.3657677076225304
580,580,lovecraftian,4.9044539937478255,12.48897126266876,0.4463294920560494
581,581,visually stunning,6.087236545775596,11.727747141087765,0.3128035547746954
582,582,parallel universe,4.730038171477372,12.75422855474816,0.4660195323812414
583,583,dystopian,5.1751545074413645,12.402761981365229,0.4157697414480398
584,584,post apocalypse,4.299600067396778,12.681219050260985,0.5146122776753239
585,585,tom hardy,4.986421801745951,12.98932652996147,0.43707603429148906
586,586,x-men,4.1704213840407816,12.992954379976242,0.5291954356212281
587,587,colonialism,5.571044619636753,11.983899175872175,0.3710771661300463
588,588,mcu,4.689646114941166,13.344830177763917,0.4705794467953253
589,589,genocide,4.452667553235851,12.541066543498623,0.4973322801990991
590,590,steven spielberg,5.522664344757956,13.453700313213375,0.3765388814200173
591,591,cult,5.905917484126718,11.323045050665783,0.3332729112190688
592,592,satanism,4.307315491932663,12.73491560471519,0.5137412728647512
593,593,scientist,5.500928388118979,11.129713064853181,0.37899268324348057
594,594,thoughtful sci-fi,3.336671827245379,12.126795233140715,0.6233185614977127
595,595,claustrophobic,6.16717827496317,11.815134403827074,0.30377882381348625
596,596,body horror,4.713797155575717,12.740273069800578,0.4678530028420222
597,597,product placement,5.419108828138681,11.514777054794,0.38822940508688897
598,598,photography,6.172802687138137,11.155628782653217,0.3031438762434265
599,599,alien invasion,5.922186782226886,12.200050769355894,0.3314362479422811
600,600,dc comics,5.605977099559127,12.42294239650881,0.36713359077445756
601,601,own,6.6889485188349145,9.30625934468847,0.2448754685525782
602,602,disney animated feature,5.493802679164127,12.100010664491254,0.37979711425690693
603,603,80s,5.94198166117228,11.784818982130789,0.329201577030013
604,604,star trek,4.372646867377907,13.638541418663856,0.5063659246866345
605,605,campy,6.57936351875465,10.39406697885639,0.257246668840077
606,606,favorite,6.226357235584624,10.200571901684224,0.297098030145395
607,607,prequel,5.426249557928792,11.828405622012639,0.38742327835086054
608,608,dumb,5.051906665949001,12.054304151157051,0.42968335855792866
609,609,gothic,6.113575879179153,11.829145713471384,0.30983007146278285
610,610,nicole kidman,4.901544182390322,13.163345102907678,0.446657984633283
611,611,black and white,6.9176842824798825,9.853947456086795,0.21905317587663456
612,612,unusual,5.2607249420672435,12.13814128420613,0.4061095782444106
613,613,based on true story,4.51288147886415,12.766929326689768,0.4905346479182336
614,614,owned,6.911218003666644,8.879468519073269,0.21978316292098182
615,615,john cusack,5.263509040337414,13.029903562296813,0.4057952775892558
616,616,greek mythology,4.335285445638034,12.989578818550251,0.5105837066005018
617,617,alcoholic,6.244159145948494,10.972568577350856,0.2950883481775141
618,618,bad script,6.13429026144499,11.349634227070842,0.307491596565171
619,619,hitman,5.949953282587345,11.18408306512546,0.32830164980393595
620,620,keanu reeves,5.4514269300916975,13.125976183886664,0.38458097042995837
621,621,secret society,5.034153708719887,12.171299379793902,0.43168751413958584
622,622,apocalyptic,4.772326440023229,12.587431184815914,0.46124555200428147
623,623,desert,5.590055039032391,10.823060890963767,0.368931053927459
624,624,harry potter,4.166271064715618,13.244913948356643,0.5296639708367327
625,625,world war i,5.333443151124932,12.324567247919173,0.3979003203337297
626,626,over the top,6.462902568401937,10.774998834899307,0.27039410454232277
627,627,androids,5.162990911466918,12.704696697277779,0.41714290640588875
628,628,jared leto,4.731243641653208,12.68637289991556,0.46588344520713043
629,629,ryan gosling,5.14143788601901,13.445201521735822,0.41957605687741617
630,630,mafia,6.08275243625717,11.09156772939238,0.3133097720208778
631,631,marlon brando,4.565737703872431,12.650202741177011,0.4845676365066389
632,632,boxing,5.744628216641965,12.336754023667158,0.351481076851376
633,633,robert de niro,5.478476460839756,13.132590036308613,0.3815273119701145
634,634,1970s,6.654843648211179,9.897812871464495,0.24872561396441778
635,635,al pacino,5.128312115190542,13.414914238167713,0.42105784306829863
636,636,david lynch,4.619156250339744,13.448311654495496,0.47853714385773477
637,637,mel gibson,4.906873062649455,13.606772380796718,0.44605640006472386
638,638,finance,3.18418689207243,13.115518180044806,0.6405327940338182
639,639,divorce,5.989355466936628,10.804991493858882,0.32385348341261505
640,640,double life,5.932401047514896,11.588958494977806,0.3302831455872593
641,641,prison escape,5.244763422342919,12.711569529404262,0.40791149600010573
642,642,royalty,5.734615156159692,11.484889748479796,0.35261146492115114
643,643,batman,4.866516680905173,13.319576515741867,0.4506122871028368
644,644,mask,5.968175572798254,11.133144787039424,0.3262445105811321
645,645,vigilante,5.918534377715472,11.619229371634859,0.3318485728746036
646,646,scenic,5.5728737677978675,12.16314865270337,0.37087067109660127
647,647,on the run,5.182548829086374,11.651294774691403,0.4149349863812551
648,648,car chase,6.120172437544411,11.359492930017016,0.3090853769819231
649,649,sniper,5.102291410121808,12.1713811044063,0.4239953559924348
650,650,good music,5.305023474812899,12.008697329630943,0.4011086563971009
651,651,independent film,6.794411479270245,6.631531222126841,0.23296961094886945
652,652,good dialogue,5.235197619198805,12.585130900915923,0.4089913925782865
653,653,gangster,6.388243706700598,10.252283006743674,0.2788224453797316
654,654,organized crime,6.2308745862548545,11.394900124550022,0.29658806026019763
655,655,gangsters,5.923122676210619,11.968393440564483,0.33133059359257855
656,656,dramatic,5.228117980840723,12.358117859686008,0.40979062261913823
657,657,grim,5.746080215042719,12.041564698519963,0.351317158769342
658,658,addiction,6.143966693876806,11.37886570996517,0.30639921089564726
659,659,drug abuse,5.70521190885407,11.850775188564445,0.35593083765696615
660,660,alien,6.456642841826581,10.316978434527194,0.27110077362250695
661,661,mental hospital,5.460357705520743,12.061022316445952,0.38357276299760473
662,662,psychiatrist,5.436569086843656,11.632512194934595,0.3862582926412752
663,663,downbeat,6.047610345954771,11.411262489374026,0.31727701057847163
664,664,somber,5.980194423487605,11.618448275749547,0.32488768611615415
665,665,tragedy,6.090782180244725,11.064973206054448,0.3124032832582313
666,666,wwii,6.22350317941083,11.331895249183049,0.297420228443811
667,667,psychopath,6.558448248387707,10.484961482581236,0.25960782226971724
668,668,paranoid,5.600678520162663,12.281334511291895,0.3677317546372569
669,669,ending,6.160010604350635,10.277493348244771,0.3045879919357434
670,670,kung fu,5.489188917749961,12.12271244817899,0.3803179680826274
671,671,martial arts,6.208520026227708,10.491992235962613,0.29911169706479845
672,672,brutality,5.927010384280603,11.691405975673733,0.3308917049202432
673,673,africa,6.380496087250202,10.912017507745368,0.2796970847181627
674,674,isolation,6.1441304269864165,11.367795538248016,0.3063807268413405
675,675,madness,5.434436826986023,11.522975928690666,0.38649900636801204
676,676,bullying,5.762071930525925,11.531795072714193,0.3495118321731971
677,677,gang,6.158334816703867,10.955540907735354,0.30477717389132397
678,678,realistic,6.676111656847864,10.289925465196939,0.24632463942987404
679,679,suburbia,5.42547220051884,12.438750900689215,0.3875110352902815
680,680,gangs,5.536509878227278,12.176308335855627,0.37497584024183783
681,681,police corruption,6.130586464938803,11.393468381360771,0.30790972320995463
682,682,slow paced,6.2889878291884,10.720840452748352,0.29002757691703573
683,683,tension,5.201809088870359,12.054479531163011,0.41276066935609274
684,684,capitalism,5.862788243324015,11.687011632175848,0.33814183010237586
685,685,greed,5.7680577281017325,11.583597870524141,0.34883608731179727
686,686,bleak,6.490134789366833,10.9279258761061,0.26731982193445314
687,687,cannibalism,5.697320086348437,12.384941637915539,0.35682175627519913
688,688,mentor,4.807276401646332,13.09770039523596,0.45730000311562774
689,689,sacrifice,5.715258544444939,11.533645223751057,0.3547966592473377
690,690,immigrants,5.602936326623041,12.178002545495776,0.36747686778311367
691,691,train,5.948171640464912,10.98942422166223,0.32850278181580916
692,692,amnesia,6.022727168133239,11.54586515497207,0.32008610649848035
693,693,blood,6.4391966585440485,9.943163442130789,0.27307029707446245
694,694,mutation,4.907420638655646,12.108683624811626,0.4459945834617194
695,695,bad plot,6.246269375002342,11.163478846220684,0.29485012153829765
696,696,end of the world,5.685842680672697,12.288370789606065,0.3581174562732961
697,697,gore,6.723097663744129,9.565894305344173,0.24102032495619835
698,698,beautiful scenery,4.667200991227083,12.902253843400871,0.47311330745820096
699,699,economics,4.95967300068326,12.499739750433402,0.44009574296653253
700,700,financial crisis,4.707634228319716,12.467628811662829,0.46854874411487374
701,701,investigative journalism,4.457879972951947,12.796664800375979,0.4967438430202598
702,702,money,6.425812244466643,10.058294177882402,0.27458128185487146
703,703,religion,7.269450461183282,8.641766422180298,0.1793418116578049
704,704,beautiful cinematography,5.065753908853971,12.989453757166261,0.4281201243992248
705,705,existential,5.688947629490341,11.698921420093592,0.35776693436174456
706,706,bollywood,4.708121640083236,12.20943843571196,0.46849371953537305
707,707,india,5.875211987104262,11.717112895224595,0.33673929670352176
708,708,dreams,5.815767873627172,11.989168392157953,0.34345002383952816
709,709,police,6.997067049041584,7.62779130839775,0.2100915469694733
710,710,visual effects,4.7111081603857485,12.688311028212256,0.4681565671805982
711,711,slavery,5.629919595667968,11.850937526428295,0.36443068969741066
712,712,relationship,6.14959756780217,10.527851213737502,0.30576353384976224
713,713,invasion,5.287482710402596,11.849568158464225,0.40308885724171234
714,714,military,6.739820341901589,9.626671256615293,0.23913247898569337
715,715,dark hero,5.305488165425539,12.973250920834873,0.40105619683934685
716,716,sociopath,4.855697409341684,12.230521917299713,0.4518336894423789
717,717,magical realism,5.418428217229562,12.21797384424515,0.38830624018173227
718,718,paradox,4.100959315584117,12.971888964986949,0.537037103373493
719,719,witch,6.031942475022635,11.210446733454887,0.31904577792106564
720,720,witchcraft,5.4537750413221175,12.0360148019521,0.3843158889470221
721,721,cyborg,5.3013077147691225,11.869705896375322,0.40152813362197814
722,722,open ending,5.58001598180922,11.89234277386721,0.37006437680481036
723,723,ambition,5.129381781127111,11.841401866201824,0.42093708702018695
724,724,pacing,5.524180149524733,11.439439312299992,0.37636776015020107
725,725,poetic,4.850532413505935,12.171833867360299,0.45241677287461285
726,726,practical effects,4.105288554792815,12.418420240955701,0.5365483696480372
727,727,black humor,4.917282259854129,12.525300027704837,0.444881291579468
728,728,cold war,5.996763459838885,11.859043040591061,0.32301718497893284
729,729,overrated,7.273750515698069,8.411469044143162,0.17885637263229384
730,730,demon,5.447249800288043,11.417339644432147,0.3850525323169871
731,731,grief,5.277425388509558,11.909650297849025,0.4042242420425837
732,732,visual,5.484169699738121,11.912151278064004,0.38088459445727363
733,733,ironic,5.054372059642576,12.202321417930198,0.42940503689758813
734,734,mutant,5.236534739697204,11.633686707166316,0.4088404432195048
735,735,sarcasm,4.777270450244655,12.486897101561095,0.4606874159397845
736,736,transhumanism,4.022973277425241,12.514136733064179,0.5458410537041526
737,737,suspenseful,5.485818984554509,12.425759390773997,0.3806984044424019
738,738,creepy,6.488617179795881,10.730819718534079,0.2674911469510769
739,739,weak plot,5.527644476087525,12.08954658866155,0.37597666759430187
740,740,unlikely friendships,5.091096281873234,12.633440344894094,0.4252591893063546
741,741,dancing,5.589027540514079,11.535920686438445,0.3690470496381479
742,742,women,4.993243988995673,12.105403019202178,0.4363058682577864
743,743,musicians,5.6828670411487,11.20156319281864,0.3584533802821276
744,744,splatter,5.186451404192612,12.578549154054851,0.41449441934889747
745,745,screwball comedy,5.111782701868434,12.956687245213452,0.422923871107655
746,746,noir thriller,5.180527528487091,13.656026414236548,0.4151631737658119
747,747,adrien brody,4.944550430999813,12.779832855139396,0.4418029505066024
748,748,woody allen,4.9753682828378185,13.36788247982527,0.4383238811336117
749,749,dysfunctional family,6.07284727343247,11.216824224034754,0.31442797937676503
750,750,love triangles,5.266570394868392,12.01164929719008,0.4054496770962501
751,751,1960s,6.456690908069495,10.222911157662512,0.27109534735871427
752,752,communism,5.129250264545744,12.159824033301511,0.42095193410663145
753,753,german,5.522229375802912,11.710408453104815,0.3765879856592631
754,754,revolution,5.746558347356432,11.659370859993427,0.35126318175960036
755,755,tilda swinton,5.1826031258416245,12.609303610605247,0.41492885674641755
756,756,feel good movie,5.4648628041828315,12.633729947002113,0.38306417625833555
757,757,bdsm,5.286670846772402,12.49822650753908,0.4031805096354515
758,758,father-son relationship,6.5758409537252875,10.684762830047772,0.2576443360159867
759,759,surveillance,5.211933599677513,12.242446693872996,0.4116176995069664
760,760,hero,5.60717509426153,11.031062019756261,0.3669983475167496
761,761,russia,5.7793372359343405,11.306320038466,0.34756272827142315
762,762,nostalgia,5.989389995929919,11.440073637160893,0.3238495853874162
763,763,sequel,7.278015435171774,7.452502742952801,0.17837490004954423
764,764,mother,4.71590597940352,11.726702335065903,0.46761493484069266
765,765,filmmaking,5.168332926642045,12.000010915809245,0.4165398390187285
766,766,movie business,6.543435124094113,10.415002810766838,0.2613026743702887
767,767,heist,6.129389862777461,10.993881442318942,0.30804480926180094
768,768,robin williams,5.218744536320921,13.60540718583503,0.41084880356957215
769,769,scotland,5.116976902310631,12.172191514281945,0.422337490727523
770,770,indie,5.495710822328898,12.072611220467925,0.3795817013696385
771,771,afi 100,6.127743656224873,11.510639565098606,0.3082306517672692
772,772,imdb top 250,7.240390746690402,9.30684888123016,0.18262240250532638
773,773,minimalist,4.493708204531547,12.9962533036069,0.49269914503701867
774,774,edward norton,4.889431007722533,13.919214839109923,0.44802545746097766
775,775,jake gyllenhaal,5.422946316610734,13.224768331088415,0.3877961857735344
776,776,philip seymour hoffman,5.455055215724613,13.252270986789686,0.38417136831076165
777,777,complex,5.334498818349357,12.28289914770523,0.39778114461934594
778,778,sean penn,4.737869901515782,13.078164737168423,0.465135397683684
779,779,imaginary friend,4.345592975891612,12.492428499447731,0.5094200754361721
780,780,based on a comic,5.842658041343247,12.255318641756762,0.3404143560899607
781,781,benedict cumberbatch,4.629689962865083,12.490704508591932,0.4773479786679145
782,782,mads mikkelsen,4.859901734585458,12.914606312652303,0.4513590574249822
783,783,good story,4.368572241008911,12.228840696801749,0.5068259148209654
784,784,storytelling,5.6813349014941625,12.30250040765565,0.35862634561972695
785,785,stanley kubrick,4.523349403828316,13.888892419166275,0.4893529095760211
786,786,road trip,6.596323148063053,10.727709628562991,0.2553320731306066
787,787,terry gilliam,4.41478163587275,13.490241615284127,0.501609273140024
788,788,rachel weisz,4.99068545772921,12.945911098623437,0.43659470434590114
789,789,treasure,5.143000762403071,12.809934547556516,0.4193996216284527
790,790,chess,4.567038841008868,12.62552626262859,0.4844207493587211
791,791,costume drama,5.265659689656018,12.413317156895664,0.4055524878511609
792,792,brazil,5.446540324194379,12.240008402269837,0.3851326260419265
793,793,exciting,5.376278765238082,11.513942949866685,0.3930645493683271
794,794,writing,6.2199935796799215,11.211630639200786,0.29781643194947527
795,795,symbolism,5.242769182678627,12.017271352583695,0.40813662843876214
796,796,hacker,5.449601890054819,11.793603017592696,0.3847870016916493
797,797,youtube,5.5111579993694,11.359281495900037,0.37783784846180857
798,798,disappointing,6.423372611436728,11.044684483914263,0.2748566953587175
799,799,obsession,6.13232013614553,10.545301761758584,0.3077140067002555
800,800,r,7.155472281155218,8.242883940996336,0.19220896402810198
801,801,arnold,4.491488519078464,13.500635395286878,0.49294972835859757
802,802,spielberg,4.899168469326821,13.155016463302461,0.4469261821248436
803,803,stranded,5.018333951590902,13.023338209763157,0.43347342812232903
804,804,jesus,4.777001638906611,13.142838652139975,0.46071776241877394
805,805,dragon,5.536319340536583,12.233418107565125,0.37499735030190245
806,806,short-term memory loss,4.580116098046368,12.723753040411392,0.4829444399559422
807,807,vincent price,4.636488679448169,13.18219492602103,0.4765804622698154
808,808,pirates,5.04837804228801,13.056334948639464,0.4300817097010354
809,809,hitchcock,4.9026999849035695,12.728534659542328,0.44652750450941836
810,810,london,6.296767393546478,10.810673652020828,0.28914933127435855
811,811,claymation,4.795166542020787,13.069249311905661,0.458667101703677
812,812,village,6.18288805971315,11.07867586032707,0.3020053247627663
813,813,south africa,5.3056554748800835,12.44492903524992,0.4010373090465773
814,814,civil war,5.405954321967007,11.902882932890432,0.3897144352499014
815,815,seen more than once,7.1336661596276825,8.58721657506682,0.1946706868616384
816,816,ethics,3.761965558603701,12.422986140808703,0.5753065714644247
817,817,thrilling,5.057834022937386,11.94746711953323,0.42901421113423827
818,818,meg ryan,4.259345162277797,13.548009888414693,0.5191567088786493
819,819,james mcavoy,4.6229320767098,13.247865900030986,0.47811088566326865
820,820,18th century,5.448758169222568,12.271177401953828,0.3848822504884268
821,821,russian,5.813250923344087,11.27418402352858,0.3437341657936542
822,822,ussr,5.195518370435357,11.884132497612617,0.413470837149629
823,823,based on a tv show,6.251559951944914,11.03937451026249,0.29425286108344484
824,824,sherlock holmes,3.828588738344677,13.312776771684485,0.5677853897355205
825,825,sword fight,5.985752943144208,11.667943423571424,0.3242601772424628
826,826,antonio banderas,4.753316534701103,12.659748132519958,0.46339160617240815
827,827,vampires,5.978162835300518,12.243882175955136,0.32511703488054494
828,828,anthony hopkins,5.177078540067805,13.219832627348879,0.4155525347777478
829,829,drew barrymore,4.726390639940195,13.198447211171786,0.4664313071968487
830,830,historically inaccurate,5.3763479714107865,12.218765224611653,0.39305673658899565
831,831,colourful,4.866879909301998,12.737025460891038,0.4505712817531636
832,832,france,6.918336681751992,9.563633414428187,0.21897952563201376
833,833,magic realism,5.272858795791228,12.434823583500897,0.40473977092982666
834,834,fantasy world,5.900592529143234,12.233975321612558,0.3338740526579003
835,835,latin america,6.102224858064783,11.182672654939111,0.31111150373517993
836,836,mexico,5.859088544251703,11.42447558180747,0.33855949418225467
837,837,spain,6.157111149608347,11.392117489526438,0.30491531534054434
838,838,epic adventure,4.134447328811516,11.346518517532484,0.533256595835389
839,839,narrated,5.712858954444414,12.170150684419065,0.35506755223892084
840,840,amy adams,5.455308161378882,12.907231448322637,0.3841428129304767
841,841,ireland,5.648743613866052,12.034884673863285,0.3623056205805293
842,842,roman polanski,4.853528458979575,13.33780261669665,0.4520785452102636
843,843,multiple roles,5.368857767590008,12.017999878063048,0.3939023159255214
844,844,hugh jackman,5.141481009541227,13.400169041982316,0.4195711886041118
845,845,criminal,6.1269756798171,10.953371291631719,0.30831734967254526
846,846,unlikeable characters,5.6482929572151015,11.900133897763158,0.3623564958251861
847,847,jeff bridges,4.89735534407542,13.17256416633093,0.4471308683101334
848,848,john goodman,5.2851076109930855,12.664886957632431,0.40335698545703613
849,849,steve buscemi,5.187186419747823,12.746052602816391,0.4144114424392722
850,850,social criticism,5.006337207352066,12.468413398345126,0.4348277569599239
851,851,jodie foster,4.946104114461074,13.116360719322664,0.441627553059246
852,852,easily confused with other movie(s) (title),6.024366582887672,10.29889279646536,0.31990103072837933
853,853,jean reno,5.007780298823489,12.860282844267298,0.4346648443933037
854,854,oscar (best supporting actor),5.721577890101773,12.133929386783716,0.3540832596876411
855,855,beautifully filmed,5.330204042058986,12.93950527315003,0.39826598777889577
856,856,notable soundtrack,5.337287654499638,12.718729677884145,0.39746630909843633
857,857,whimsical,6.254117879684526,11.719429392115543,0.29396409312830035
858,858,south america,5.811491391137675,11.903305312396979,0.34393280178691865
859,859,new zealand,5.381576954196266,12.656833131035583,0.39246642958263833
860,860,charlie kaufman,4.096767655599519,13.179711385929012,0.537510305592488
861,861,directorial debut,6.051667225643467,9.787671271531803,0.31681902389111133
862,862,gambling,5.625187683896564,11.372464279100988,0.36496488167828345
863,863,motorcycle,6.245144003434689,10.821427342493948,0.29497716627116344
864,864,new jersey,5.250504308768819,12.007283886298739,0.40726339949282303
865,865,ensemble cast,6.266556466050522,10.744121529382129,0.2925598841296748
866,866,jack nicholson,5.060023799537282,13.374032452743982,0.4287670042639335
867,867,heath ledger,4.604266647729077,13.243558167323009,0.48021805142686297
868,868,michael caine,5.238624633313079,12.843719923805235,0.4086045122756473
869,869,angelina jolie,4.927034369323457,13.683843031592893,0.44378036262584925
870,870,dustin hoffman,5.166932838034693,13.138454998318638,0.4166978969333072
871,871,good versus evil,5.388457390550299,12.201154123411603,0.39168968772801604
872,872,jackie chan,4.692549700967007,13.44598755293357,0.4702516570042832
873,873,seth rogen,5.040109889067365,13.342359720815478,0.4310151128075318
874,874,nazis,6.272982311221911,11.646815676276965,0.29183446169436444
875,875,cute,6.591021907167597,10.472967290016788,0.2559305374536612
876,876,los angeles,6.709948889172111,8.784518852547013,0.24250470807109972
877,877,zooey deschanel,4.721535684012501,13.587458569128136,0.4669793898005307
878,878,animated,5.953076388609875,11.128530334726213,0.3279490781007328
879,879,cgi,6.416923362083388,10.857325908267725,0.27558475992408465
880,880,dragons,4.804106457493285,13.180125568607263,0.4576578624393382
881,881,dreamworks,4.9576238461140445,13.076348687851196,0.44032707482378713
882,882,flying,5.532896821366656,11.662949763575455,0.37538372316413693
883,883,gerard butler,5.0279908240813755,12.74806138554596,0.43238325060129074
884,884,stereoscopic 3-d,5.756888354041603,11.232228775298019,0.3500970132002186
885,885,chase,6.444935500178855,10.314845277970905,0.2724224314064383
886,886,paranoia,6.238364503101373,11.120498788262147,0.295742513320588
887,887,spaghetti western,5.20548659097557,12.524683431202462,0.41234551112213785
888,888,hostage,6.279517787521515,10.871021781361037,0.2910966628512985
889,889,fast paced,5.333920707858211,11.920959839759615,0.39784640830204915
890,890,caper,5.412668551339783,12.03386282145338,0.3889564567283339
891,891,cheating,4.86173159924566,11.617152751076137,0.4511524815049768
892,892,killer,5.535914312476581,11.122397221678117,0.3750430744726254
893,893,private detective,5.38833282385008,11.978211943433323,0.39170375023288834
894,894,football,5.1352611234943915,12.56937264419513,0.4202733600326327
895,895,competition,5.833533841166563,11.066436893465806,0.3414443995061793
896,896,experiment,5.4001530734412615,11.333271294657637,0.3903693461170547
897,897,gripping,4.73203016394235,12.077147757780175,0.46579465363198386
898,898,psychothriller,4.228351154767861,12.607162756984003,0.5226556647059689
899,899,love triangle,6.028547058526201,10.714125939218508,0.3194290911254832
900,900,ship,5.156540161788289,11.608712143387498,0.41787114034502626
901,901,netflix,6.486169432997104,9.3195197993152,0.2677674764293684
902,902,complicated plot,4.451628763181203,12.602950631305426,0.49744955062674245
903,903,denis villeneuve,4.287664682973437,12.292943799312614,0.5159596795195661
904,904,homosexuality,6.43656693463779,10.562786422246965,0.27336717019689083
905,905,sigourney weaver,4.804661205403726,12.984697565234331,0.4575952361902702
906,906,gary oldman,5.0057071470263725,13.181625248176253,0.43489888533038207
907,907,luc besson,4.716480914718743,12.758411390849673,0.46755002960793485
908,908,netflix streaming,5.596394630085827,10.770631608381047,0.3682153688372966
909,909,kevin spacey,5.146550841894278,13.365115831694336,0.4189988483073768
910,910,modern fantasy,4.469979797396979,12.918047622651999,0.49537787731744076
911,911,imaginative,4.991012849865003,12.461516418443734,0.43655774460066704
912,912,rock and roll,6.078942590616066,11.401358751167427,0.3137398706973028
913,913,dream,6.25078663917269,10.514405872679019,0.29434016141819014
914,914,kate winslet,4.828705857108293,13.148771021335001,0.45488080262853753
915,915,melancholy,6.22294169753964,11.768283310584323,0.2974836148989025
916,916,keira knightley,5.174172725239761,13.406369171106224,0.41588057618131385
917,917,michael fassbender,4.831848647247568,12.950919914310344,0.4545260087585182
918,918,mutants,4.315648345186535,12.737112497203023,0.5128005656831618
919,919,captain america,4.101405591063305,12.444973699869191,0.5369867227252985
920,920,chris evans,4.922224119032011,12.649664443895013,0.4443233983492137
921,921,colin firth,5.278822881657568,13.022732394001281,0.40406647713295396
922,922,cars,5.4977696868703685,12.172475391105138,0.37934927334035795
923,923,cate blanchett,5.430208346123457,12.8978264690187,0.38697636534619645
924,924,bill murray,5.234123695187851,13.513598137223436,0.40911262932622955
925,925,wes anderson,4.232311569601005,13.766965045553285,0.522208568067866
926,926,sweden,4.9331618456481,11.968785002782601,0.4430886234570438
927,927,pointless,5.835925887408723,11.277123173987153,0.34117435813977837
928,928,italian,5.963770266415137,11.468652254402087,0.32674183163377074
929,929,less than 300 ratings,7.0505301507079725,7.8645106481456475,0.2040560244233094
930,930,vietnam,4.898556977506499,12.468863576028866,0.44699521427137673
931,931,bank robbery,5.409150406389468,11.970039750476712,0.38935362491548464
932,932,clive owen,4.715032851824363,12.86698393341604,0.46771350340528073
933,933,denzel washington,5.355297710269115,13.429473711224707,0.3954331293115127
934,934,russell crowe,5.1072478779116475,13.359392750973335,0.42343581357602994
935,935,explosions,5.185747227558526,12.121852688879699,0.4145739148106091
936,936,iraq war,4.73006973375009,12.361737053735533,0.4660159692731788
937,937,middle east,5.85183273545741,11.996261801621372,0.33937861234419525
938,938,thoughtful,5.018869446573962,12.209719950495671,0.43341297536252127
939,939,mark wahlberg,5.3821826468650436,12.964244899725248,0.39239805211024126
940,940,fbi,5.8680214606826935,10.941872958395944,0.3375510450492682
941,941,liam neeson,5.425700610818685,12.70323298532574,0.3874852497396583
942,942,jason statham,4.851105319010295,13.280337374201196,0.4523520967899748
943,943,ethan hawke,4.770196950813,12.884106965311657,0.46148595294884975
944,944,genetic engineering,4.611748036823775,12.420768894026356,0.4793734671968002
945,945,afterlife,5.250357740064732,12.27631196156598,0.4072799458339537
946,946,ghosts/afterlife,5.443685748662766,12.35920332170607,0.38545488297135583
947,947,1950s,6.315997713291072,11.01220374080838,0.2869783942211235
948,948,great cast,5.427764592496281,11.971560655339276,0.3872522440298936
949,949,male nudity,6.182048364367791,10.677861636799971,0.30210011911683216
950,950,elijah wood,4.664613412247894,12.517650694693483,0.47340542278226744
951,951,naomi watts,4.866950411059136,12.961985408009228,0.45056332271353644
952,952,honest,4.923853165249012,12.382693748225874,0.4441394930974607
953,953,kevin bacon,5.133774323493117,12.734160056087262,0.42044120691486797
954,954,joseph gordon-levitt,4.721481579320649,13.28158620629032,0.466985497753069
955,955,emma thompson,4.982064840784025,12.586395698988538,0.4375678975635183
956,956,maggie gyllenhaal,4.407049095239053,12.847618235537324,0.5024822102102492
957,957,identity,5.070843890697437,11.778828496790684,0.42754550939900465
958,958,moving,5.06972882575102,11.782566202789315,0.42767139060332626
959,959,justice,6.0829535658668,11.270947576426222,0.3132870662246223
960,960,transformation,5.4532372395356195,11.644464199708338,0.38437660212501973
961,961,airplane,5.9038036909341,10.894013117174064,0.3335115402187775
962,962,anna kendrick,4.576705235776998,12.838316257366841,0.4833294968547563
963,963,nudity (rear),6.125006167066253,10.720910741712487,0.3085396906561805
964,964,self discovery,5.243374975155042,12.710418494338107,0.40806823969894457
965,965,ellen page,4.508809974659574,13.136636969868173,0.4909942855871602
966,966,emily blunt,4.921592450262703,13.005217755727614,0.44439470829906763
967,967,vacation,5.313643014457282,11.79070731046327,0.40013558479744216
968,968,3d,6.226402973452561,10.75864938488331,0.2970928667350326
969,969,sandra bullock,5.120944093423865,13.496887804154756,0.4218896291059082
970,970,ben stiller,5.016773720973716,13.471555809080012,0.43364956468705745
971,971,iceland,4.692787959356069,12.219557392127573,0.47022475968942157
972,972,photographer,5.830396555308548,11.607167214605315,0.3417985719903716
973,973,workplace,5.119347835776306,12.07612154153913,0.422069832811287
974,974,corny,5.760169237212304,11.447328124197526,0.34972662981932795
975,975,relativity,2.6142155964745215,11.846913626143053,0.7048776318382837
976,976,childhood,6.313222822914387,10.934988826500128,0.2872916553846101
977,977,growing up,5.005424983380513,11.844337871595311,0.4349307391696322
978,978,water,6.109184003930012,11.251702629223626,0.31032587625636804
979,979,dog,5.994810143580737,10.155921781704995,0.32323769751839243
980,980,time,5.009898807152251,11.836302415901981,0.43442568309543755
981,981,tarantino,4.225766928138775,12.755128393609292,0.5229474015786549
982,982,christianity,6.270525876629235,10.667504247549726,0.2921117719495716
983,983,autism,4.948420002146249,12.516024041270537,0.4413661093363307
984,984,video game adaptation,5.105189665810627,13.061515951328365,0.4236681679504172
985,985,psychedelic,5.260645003804629,12.699623623341633,0.40611860258402566
986,986,john travolta,5.095836426098806,13.055831741397654,0.4247240679524902
987,987,john malkovich,5.284808402772413,12.925345452693511,0.40339076348160974
988,988,jennifer lawrence,4.658524713833877,13.46496137402223,0.4740927842597945
989,989,realism,5.536965812721199,12.145216603904533,0.3749243691742816
990,990,alter ego,5.143714936309868,12.126755518385737,0.4193189975609743
991,991,emma watson,4.598220654369136,13.01577495032916,0.4809005918725255
992,992,cartoon,6.231894811620734,10.93183290079211,0.29647288562561774
993,993,femme fatale,4.459345743636371,12.169919986144034,0.49657837016631745
994,994,milla jovovich,4.410219727290183,13.372394857364796,0.5021242732287848
995,995,flashback,6.010973951052944,10.780164430065604,0.32141294322263314
996,996,slapstick,6.034097227568459,11.131918640341018,0.31880252496404726
997,997,pregnancy,5.301272578212217,10.904730708687676,0.40153210023586305
998,998,visuals,5.038695241012269,12.191030318943803,0.4311748143580459
999,999,forest whitaker,4.968158157131423,12.729643742368182,0.4391378420693833
1000,1000,affair,5.264139614743454,11.715950947893656,0.40572409118356556
1001,1001,vampire,6.274898866749476,11.123600915315265,0.29161809912397385
1002,1002,werewolves,5.175490493729086,12.826992412781854,0.4157318114972599
1003,1003,writer,6.313865277175025,10.493294902917558,0.2872191278459133
1004,1004,san francisco,5.778960715803995,11.418185695562745,0.3476052341430421
1005,1005,shooting,5.494250113070467,11.504684354619435,0.37974660283228956
1006,1006,adam sandler,5.084656872876966,13.741909338287035,0.42598614298037574
1007,1007,oscar (best cinematography),6.293147894464085,11.76975163795039,0.28955794146786956
1008,1008,kevin costner,4.897064406738105,13.104269406744667,0.44716371262339155
1009,1009,family relationships,6.43490498687267,10.567195781556698,0.27355478974933506
1010,1010,cancer,4.98023728187712,11.756831446221444,0.43777421318388576
1011,1011,paranormal,5.26862109826934,12.389041377636872,0.40521817038926655
1012,1012,jewish,5.545992518856985,11.778403534357862,0.3739053319934594
1013,1013,wedding,6.665116355985039,9.90284848942537,0.24756591395737038
1014,1014,baseball,5.021668273484932,12.581863361564299,0.43309701197099615
1015,1015,characters,6.537579198159383,9.878480453760524,0.2619637578447993
1016,1016,battle,5.151785767728732,11.444485388425107,0.41840787038210603
1017,1017,loss,6.143251904346682,11.074290448517683,0.30647990446168355
1018,1018,doctor,5.906922158632062,10.624216641313726,0.33315949214236806
1019,1019,funeral,5.599682613674028,11.304817666160815,0.3678441838805795
1020,1020,thief,4.780995121597785,11.737397258375143,0.46026693270502667
1021,1021,creative,5.588719159572228,11.496137930504771,0.3690818631837398
1022,1022,civil rights,4.959357066408444,12.53466878326521,0.4401314092181963
1023,1023,feel good,5.809965739820122,11.667882515346655,0.34410503464729664
1024,1024,sexism,3.686950273160621,12.488319126755076,0.5837751494647031
1025,1025,strong female character,5.007389730356307,12.025496886849067,0.43470893620084994
1026,1026,jessica alba,4.779266611282394,12.930096881522042,0.46046206659465616
1027,1027,godzilla,4.083965599886284,13.03885845205178,0.538955547142008
1028,1028,underwater,5.127541406044664,12.360374172757314,0.42114484947611064
1029,1029,bechdel test:pass,7.033384645504898,9.19886175438029,0.205991603916326
1030,1030,infection,4.550966982311818,12.212628377236243,0.48623512343170505
1031,1031,korean,4.996275406520368,12.308032760562579,0.4359636473942962
1032,1032,trains,4.992158607941899,12.092065379258486,0.43642839840693687
1033,1033,fighting,5.637506462295377,11.52440324292937,0.3635741979646601
1034,1034,action packed,5.06679431893325,12.546479248259601,0.4280026710847888
1035,1035,zombie,5.848269053362179,11.337095506167426,0.3397809212818125
1036,1036,humphrey bogart,4.548227993323103,13.071098402973943,0.4865443316384837
1037,1037,audrey hepburn,4.276431443238054,13.340723893631768,0.5172278152912697
1038,1038,rome,5.164091623419717,12.162915153898066,0.41701864553061435
1039,1039,highly quotable,5.304490862346287,12.473918828211236,0.401168783745691
1040,1040,understated,6.369637526734634,11.120230972317895,0.2809229224411505
1041,1041,con artists,5.186910808188328,12.65268285965412,0.4144425566045463
1042,1042,steve martin,4.7397962344954525,13.160356727803117,0.464917931323375
1043,1043,wealth,5.8893255963995355,11.296615477611432,0.3351459920793173
1044,1044,meryl streep,5.338258586212669,13.190834135751835,0.3973566992916326
1045,1045,literature,5.695857081446848,11.495547831529642,0.35698691689614087
1046,1046,fashion,5.397916616756835,12.155876376332778,0.3906218227658395
1047,1047,painter,5.50108249833252,11.848894450247572,0.37897528553105025
1048,1048,painting,5.083135489833037,11.734323306658546,0.4261578939895163
1049,1049,guy ritchie,4.18172606345656,13.399693265078186,0.5279192349264603
1050,1050,tom hiddleston,4.7554164115535364,12.401286023291537,0.46315454820734436
1051,1051,character development,5.373205905408545,12.02604389079622,0.3934114487101965
1052,1052,visceral,6.1591941907801635,11.248756034284591,0.30468015797845305
1053,1053,winona ryder,4.66242755676305,13.091057019740798,0.47365218699254
1054,1054,jane austen,4.356174134375269,13.46772461532517,0.508225554007334
1055,1055,australian,5.756081712563164,12.057061394356008,0.35018807605811575
1056,1056,aids,5.475917053054911,12.198851324447435,0.38181624700958633
1057,1057,foreign,6.251082861457931,9.982499926551432,0.29430672047994444
1058,1058,adolescence,5.768402666811112,11.795349171029999,0.3487971467099127
1059,1059,peter jackson,4.250246888323833,13.41807821593916,0.5201838254481851
1060,1060,ralph fiennes,5.098285220993188,12.53545239449565,0.4244476201532548
1061,1061,chicago,6.146603345227988,11.170210547315087,0.30610155572450254
1062,1062,idealism,5.037324842489209,12.161748321225286,0.43132952051846984
1063,1063,stop motion,5.149977867146212,12.290006112433318,0.418611966747392
1064,1064,kirsten dunst,4.954046128389633,13.122827642545861,0.44073096826274694
1065,1065,cooking,5.23806582021669,12.556992167238242,0.4086675974491076
1066,1066,teenagers,6.122927065481201,11.193678994834123,0.3087744032729428
1067,1067,brothers,5.808483121535063,11.51248423815516,0.3442724094498785
1068,1068,gay relationship,5.373001160076165,12.031662451419505,0.39343456269033017
1069,1069,erotic,6.075527778858596,12.140852115580557,0.31412537345922115
1070,1070,masturbation,4.875135530932414,11.947363609220709,0.4496392933549989
1071,1071,coming out,5.625364303455939,11.919386720359192,0.3649449428550675
1072,1072,astronaut,5.190570914205912,11.69907691095665,0.4140293622386765
1073,1073,1990s,5.474627385754685,11.52770609820968,0.3819618393120332
1074,1074,good soundtrack,5.7932423101429205,11.755808505054343,0.3459929654578914
1075,1075,eerie,5.988485382475216,11.910107747132322,0.32395170843548576
1076,1076,forest,5.945861245067697,10.949079865576973,0.32876360550683736
1077,1077,occult,5.411563837474749,11.897116039743771,0.38908116938494475
1078,1078,shakespeare,5.486450665306339,12.404843464610865,0.3806270931398247
1079,1079,short,6.073801253923779,10.153866434710018,0.3143202832165268
1080,1080,winter,6.052475800989301,11.236233806539836,0.3167277427162834
1081,1081,school,6.211323678582545,10.398359222473935,0.2987951889223264
1082,1082,poetry,5.306729537340893,12.02039332684727,0.400916056668841
1083,1083,theater,6.244038845703186,10.896809380517336,0.295101929036466
1084,1084,poor plot,5.086469541247683,12.261718172218082,0.42578150837297024
1085,1085,loss of loved one,6.405648375671266,8.795556142525788,0.27685760853512653
1086,1086,swedish,4.874657069151342,12.583534570219607,0.4496933075587606
1087,1087,horror comedy,4.950076583112239,12.418024810150243,0.4411790956491682
1088,1088,bad dialogue,5.836930280465057,11.670661991840404,0.34106097083624065
1089,1089,too long,6.732070132936165,9.851810501658107,0.24000741065801162
1090,1090,pretentious,5.724346614443062,10.966038333554057,0.3537706946163094
1091,1091,ballet,4.788987286514004,12.622098752877992,0.45936468629505406
1092,1092,working class,5.107688086314825,12.057733691899188,0.4233861178483303
1093,1093,aviation,5.154393259833915,12.436262898219905,0.4181135070380566
1094,1094,alaska,4.993139222557411,12.578321035453754,0.4363176954840509
1095,1095,life,5.591465329890673,11.516865260067817,0.3687718442668425
1096,1096,irish,4.768211740230617,12.272163051260886,0.461710066082121
1097,1097,boston,5.014413705505157,12.267534373423764,0.4339159900556914
1098,1098,super-hero,5.2716573892329786,12.721084666994418,0.4048753993565998
1099,1099,chan-wook park,3.998719573904099,12.890460256550854,0.5485790874108999
1100,1100,michael bay,4.224398470435006,12.911976359151446,0.523101888637339
1101,1101,not a movie,4.900607857912547,12.319422133098925,0.44676368758204565
1102,1102,must see,4.898311951836449,11.326849715251111,0.4470228755538291
1103,1103,outer space,5.604637291774612,11.639311455919817,0.36728484350463825
1104,1104,good romantic comedies,4.733732926069768,12.876947110451814,0.46560242649045147
1105,1105,spaceship,5.96684120008255,11.500160454855466,0.3263951497389735
1106,1106,earnest,5.578241109875304,11.596748095679043,0.3702647445208578
1107,1107,demons,5.602836801947259,12.179833434838462,0.3674881032596547
1108,1108,irreverent,6.095355482225617,11.284665031998795,0.3118869969531768
1109,1109,strong female characters,4.399019589191624,12.060938405957774,0.50338867211151
1110,1110,julia roberts,4.972277356688344,13.367249824081494,0.4386728200070069
1111,1111,richard gere,4.728398871648494,12.77714967587484,0.46620459517723956
1112,1112,sexualized violence,5.475823963941774,12.36467983438764,0.38182675596667315
1113,1113,library,7.2069814552043425,8.306575697888666,0.18639402303856303
1114,1114,literary adaptation,5.750359998436318,11.771058147174315,0.35083400817838023
1115,1115,patrick stewart,4.741808390350551,12.773990685331675,0.46469077630147554
1116,1116,christopher walken,5.213674935234647,12.913264025173167,0.4114211177582848
1117,1117,jennifer connelly,5.021898266718351,12.630302909154318,0.43307104772084043
1118,1118,tim roth,4.334979716506278,12.792943609830358,0.5106182207796313
1119,1119,kristen stewart,4.897366830394603,12.76162757735257,0.4471295716038773
1120,1120,curse,5.632386531163817,11.703769116031197,0.36415219398090626
1121,1121,ben kingsley,5.042045053389538,12.600602581005031,0.43079664946490925
1122,1122,sam rockwell,5.135243621860234,12.837113950854672,0.42027533581600957
1123,1123,willem dafoe,5.2142164766734265,12.696021808483158,0.41135998240583505
1124,1124,helena bonham carter,4.9764288848071665,12.763736273390597,0.4382041483291356
1125,1125,ashton kutcher,4.2840325361424805,13.139908204244918,0.5163697175346819
1126,1126,mad scientist,5.669375087002778,12.012672217052875,0.35997650540770776
1127,1127,zach galifianakis,4.586527154240565,12.953259367634637,0.4822206870684601
1128,1128,m. night shyamalan,4.499052343357938,13.604277349348166,0.4920958379079676
1129,1129,darren aronofsky,4.356630118148232,12.772221211765402,0.5081740773765996
1130,1130,owen wilson,5.203227251310599,13.19961843882242,0.4126005710618411
1131,1131,watch the credits,6.130968253774668,11.37547067410363,0.3078666225469756
1132,1132,argentina,4.636648428353832,12.790747333630975,0.4765624279977324
1133,1133,erotic movie,5.240839880430805,11.955922748001374,0.408354430003807
1134,1134,based on manga,4.76554434877359,12.17614754052449,0.4620111915457874
1135,1135,based on novel or book,7.218542727163178,6.675045286945725,0.18508885526125557
1136,1136,short film,5.375541559334552,11.821514937216797,0.39314777354936475
1137,1137,woman director,6.852668105031491,5.9593890812923895,0.2263929409225122
1138,1138,based on novel,5.181905046406236,11.90761189349545,0.41500766388704313
1139,1139,teenage girl,6.049322699194433,11.077495504187855,0.31708370068318226
1140,1140,anthology,5.36614577366572,12.24025536996589,0.3942084766226174
1141,1141,girl power,5.225078518699254,12.22079599343959,0.4101337516504002
1142,1142,classical music,4.7352580502982144,12.614171772332675,0.4654302531338826
1143,1143,afi 100 (laughs),5.674259491312474,11.622304843725527,0.3594250983359724
1144,1144,19th century,6.3837724841884,10.600522862113698,0.2793272077941848
1145,1145,pg-13,6.501627537229776,10.220200595532903,0.2660223899358944
1146,1146,secret service,5.056902723895631,12.254350699270095,0.4291193467546669
1147,1147,asylum,4.685842779008294,12.39660836408472,0.4710088105818995
1148,1148,cross dressing,5.576886826398796,12.18515020171261,0.3704176314316727
1149,1149,restaurant,5.386508106976368,11.466371573523313,0.391909745012248
1150,1150,guns,6.163965634680827,11.1546076240096,0.30414150316153066
1151,1151,robbery,5.825544017236471,10.280738714151129,0.34234638163903164
1152,1152,brainwashing,4.201744755700129,12.563284166224872,0.5256592974253643
1153,1153,submarine,4.460618915251571,12.959706839836194,0.4964346400842765
1154,1154,bloody,5.626772087229244,11.994549309078367,0.36478601622269724
1155,1155,hallucination,4.89885497873378,12.041176825013242,0.44696157250593516
1156,1156,hell,5.283084778923049,12.222565936404816,0.40358534573141736
1157,1157,betrayal,6.395084660074262,10.33521079632899,0.2780501608126736
1158,1158,voyeurism,5.194204232654661,12.218962156273893,0.41361919195802843
1159,1159,wheelchair,5.654165626872043,11.388000127380028,0.361693522129013
1160,1160,yakuza,3.862576603001036,12.686279416686489,0.5639484532870991
1161,1161,math,4.29921234116758,12.489973818211558,0.5146560486187433
1162,1162,sexual abuse,5.58953978497207,12.01892839721952,0.36898922166186165
1163,1163,gunfight,5.734812087301349,11.677266941476951,0.35258923309567775
1164,1164,camp,5.659450530711238,11.631945583617792,0.36109690211854656
1165,1165,casino,5.63156817329021,11.804570812831997,0.36424457951865163
1166,1166,flashbacks,5.577362652034344,11.75792159570699,0.3703639148259787
1167,1167,blaxploitation,5.1107331964725695,12.454275016633208,0.42304235120479916
1168,1168,sweet,6.597280495050516,10.480325948812544,0.25522399692202097
1169,1169,rescue,5.8655830667589015,10.81967415982694,0.3378263186687321
1170,1170,2d animation,5.208678556780356,12.379134362550737,0.4119851657440941
1171,1171,memory loss,5.119923500979533,12.087586619711706,0.42200484518047576
1172,1172,guilt,5.993324563973003,11.451340483488504,0.3234054066287345
1173,1173,police brutality,5.26688046947998,11.958318517342569,0.4054146723499691
1174,1174,police investigation,4.741167631327722,12.184572577246218,0.4647631124624614
1175,1175,new orleans,5.798130331835393,11.692834482952687,0.34544115001487513
1176,1176,voodoo,5.22221892903557,12.408788146488906,0.41045657463204543
1177,1177,virginity,3.9773610927092897,12.770877070645064,0.5509902755160624
1178,1178,circus,5.352813041872482,12.020896655031294,0.3957136269193993
1179,1179,stand-up comedy,5.274138862711183,11.636601201218486,0.40459526242741695
1180,1180,terrorism,6.434572731166627,11.017884210789452,0.2735922985496555
1181,1181,1940s,5.753474265420897,11.03799913067278,0.3504824343262403
1182,1182,rivalry,6.097725144619159,11.209227451794058,0.31161948253000954
1183,1183,hotel,6.129709334552794,10.461549425222454,0.30800874365687364
1184,1184,vhs,6.647548204937943,8.938405950860885,0.24954920651680346
1185,1185,female lead,5.565802324134255,11.822161217721415,0.3716689760272052
1186,1186,shallow,5.493807979431651,11.643866674558359,0.37979651590246916
1187,1187,giant monster,4.960956785165008,12.49615766276196,0.43995081478349607
1188,1188,monster,6.572132066101758,10.049604581578793,0.25806303740395864
1189,1189,escape,6.5245005422932705,9.969999826003674,0.2634402251632502
1190,1190,twins,5.708219960915293,11.487889914976952,0.35559125455255075
1191,1191,bechdel test:fail,7.178819100345962,8.580463701280738,0.18957330973168218
1192,1192,vigilantism,4.128953409776181,12.789557364471058,0.5338768118567391
1193,1193,homophobia,5.9515331336743,11.597342617358992,0.3281232982575854
1194,1194,rape,6.878201746495877,9.04203123633263,0.22351041327371218
1195,1195,monsters,5.563983290485238,12.117984824993165,0.3718743292195692
1196,1196,moon,5.666028889732136,11.893348818202181,0.3603542621865213
1197,1197,fear,5.359861984742471,11.451300902965253,0.39491786213411023
1198,1198,man versus machine,4.41458559351897,12.147903341238418,0.5016314046290204
1199,1199,soviet union,3.3765776049944765,12.712335033965655,0.6188135437598753
1200,1200,adapted from:comic,5.661362699644402,11.917309555063346,0.36088103475678734
1201,1201,gratuitous violence,4.9207622826495605,12.080419371564572,0.4444884270544343
1202,1202,sport,6.24418778548741,9.109249777270009,0.2950851150208611
1203,1203,psychiatry,4.845723954897058,12.488419178550277,0.45295960633248566
1204,1204,secret agent,5.471250590321574,11.454448588497131,0.3823430503591868
1205,1205,jungle,5.873407959376241,11.64042954509614,0.33694295585697526
1206,1206,video game,5.485054480480546,12.139693368703547,0.380784710351173
1207,1207,robert rodriguez,4.261652138802971,13.521499652161019,0.518896271148754
1208,1208,strippers,5.268653811848108,12.408577405101617,0.4052144773086919
1209,1209,muppets,4.068303404698029,13.409173013018627,0.5407236737421256
1210,1210,navy,5.375987853198601,12.020632784280366,0.39309739082567824
1211,1211,female nudity,6.122137829923037,11.351688458474376,0.30886350115273387
1212,1212,john williams,4.970898052025847,11.643444335532195,0.43882853159367236
1213,1213,matthew broderick,4.550645102359564,12.911160504317214,0.48627146089901313
1214,1214,oscar (best music - original score),4.885887587671403,11.999847793431076,0.4484254789887703
1215,1215,first love,5.902166288492074,11.485931420578869,0.3336963888161832
1216,1216,drug dealer,4.856764589684671,11.696578700123059,0.4517132139963206
1217,1217,val kilmer,4.842717777543529,12.794773027169459,0.45329897779858974
1218,1218,father son relationship,5.009938413313071,11.902526996769001,0.43442121190186406
1219,1219,carrie fisher,4.166093627952327,11.960451479708988,0.5296840019152145
1220,1220,oscar (best effects - visual effects),4.889784098117925,11.935062579177284,0.44798559660412873
1221,1221,android,5.695579835386859,11.556835961433638,0.3570182155824075
1222,1222,ridley scott,4.936223918852365,13.289870045597706,0.44274294183202945
1223,1223,bruce campbell,4.212739880606849,12.71940973591532,0.5244180427617929
1224,1224,sam raimi,4.312378783023667,12.7898969672855,0.5131696710200202
1225,1225,possession,4.6735639199256385,12.277874229255293,0.4723949877494156
1226,1226,werewolf,5.751174316849648,12.162342254187914,0.3507420786608211
1227,1227,nightmare,5.794765426886926,11.243444479271355,0.345821018728982
1228,1228,devil,5.814815866940432,11.875828047479335,0.34355749717427353
1229,1229,bible,5.693064013908663,11.738584128947334,0.3573022301042084
1230,1230,basketball,4.944265646857344,12.475813640031344,0.44183510017729277
1231,1231,john carpenter,4.511085965852422,13.192969724939566,0.4907373458337388
1232,1232,kurt russell,4.523714992628753,12.996945703853843,0.48931163775716124
1233,1233,texas,6.063121997122597,11.074797953626582,0.31552587909837465
1234,1234,islam,5.451693587255342,12.174455897965284,0.38455086713865827
1235,1235,broadway,5.805313763711123,11.953711187214575,0.3446302025820955
1236,1236,nightclub,5.198850186852723,11.747813931283527,0.41309470384497765
1237,1237,psychological horror,5.284427069424529,12.007499299431586,0.4034338127239286
1238,1238,tim robbins,4.036557841060437,12.935166067561862,0.5443074737668785
1239,1239,party,6.179077422031671,10.381000877132912,0.3024355128537106
1240,1240,american football,5.104615325119389,12.039667221637732,0.4237330060552615
1241,1241,race issues,4.507436303595796,12.641579724255745,0.49114936118917407
1242,1242,cocaine,5.323123520941364,11.804753279835165,0.39906531747567736
1243,1243,b movie,5.392736815663335,11.88165979406597,0.39120657758383615
1244,1244,b-movie,5.2767324685439885,12.08378630579941,0.40430246672361664
1245,1245,sword and sorcery,4.716660038210971,12.456826183378448,0.4675298081123202
1246,1246,creature feature,5.290473287364444,12.113206333329018,0.40275124692512615
1247,1247,sisters,5.657815580361011,11.82162827738052,0.361281473895961
1248,1248,kick-butt women,4.909972354763987,12.478523569689074,0.44570651674611045
1249,1249,dracula,5.155958887220406,12.256253954118922,0.4179367612246726
1250,1250,frankenstein,4.309369751685764,12.73979054963851,0.5135093646763171
1251,1251,kate beckinsale,5.008928865050556,12.775481479327778,0.4345351811836665
1252,1252,dark fantasy,5.0677033306425265,12.845890530727303,0.4279000515117551
1253,1253,ghost,6.24886196256753,10.784597873160156,0.29455744078811896
1254,1254,haunting,5.089241638776679,11.784140941449255,0.4254685624978727
1255,1255,home invasion,4.929186201563718,12.275239744309337,0.4435374393461132
1256,1256,cillian murphy,5.029122944483264,12.427674164102974,0.4322554439833132
1257,1257,terrorist,5.906459160507044,11.076374138027372,0.33321176063288355
1258,1258,dwayne johnson,4.778823945005714,12.973924920563505,0.4605120397950515
1259,1259,orlando bloom,4.045077398075957,12.925228048026677,0.5433456893427093
1260,1260,swashbuckler,4.5711487948317435,12.674700309861883,0.48395677105988527
1261,1261,foreign language,5.6808657541539604,11.824413962004662,0.3586793083035407
1262,1262,guillermo del toro,4.654003084267983,13.533829352675976,0.4746032371953658
1263,1263,korea,3.70254471951465,12.878844188082038,0.5820146711229862
1264,1264,gory,5.870723987702958,11.505713066292397,0.33724595308389355
1265,1265,shaky camera,4.9187579658438425,12.511980555126705,0.4447146971153457
1266,1266,abuse,5.9369025057208376,11.416945501142102,0.3297749698240552
1267,1267,made for tv,5.430448765685162,11.60001517364947,0.3869492240536044
1268,1268,halloween,5.668709250240611,11.94987875473098,0.36005167262892884
1269,1269,ninja,4.785864762372185,12.566043512932648,0.45971719230894925
1270,1270,fight scenes,4.960095429561603,12.789410361487308,0.44004805439366784
1271,1271,christopher lloyd,4.508102573495417,12.89037073221284,0.4910741450704743
1272,1272,puppets,4.951510178373309,12.484758258719225,0.44101725512270085
1273,1273,don cheadle,4.8324124251794585,12.517336107573096,0.45446236309799914
1274,1274,pilot,5.419260480136369,11.630021557012693,0.3882122848858028
1275,1275,giant robots,4.413330752053552,12.968702841779113,0.5017730653954243
1276,1276,kaiju,4.7801522444496305,12.758971264295205,0.46036208625715463
1277,1277,ryan reynolds,5.203050960822628,13.00257428484422,0.41262047273573693
1278,1278,thor,4.156788304379006,11.962920009532644,0.5307344925989871
1279,1279,australia,6.388534694795483,11.101828619837345,0.2787895953363819
1280,1280,margot robbie,4.3548841041481,12.782590388142692,0.5083711872810992
1281,1281,based on comic,6.390125821551831,10.522950721209885,0.2786099708643177
1282,1282,daniel radcliffe,4.474551078153223,12.594244076056498,0.4948618191911966
1283,1283,comedian,5.010734137690807,11.96231952502842,0.4343313814903714
1284,1284,beach,6.417677606891615,10.70997292429253,0.27549961219783065
1285,1285,witches,5.192335211368789,12.33995533987809,0.4138301883229706
1286,1286,trial,5.609982084563084,11.613981395620947,0.366681462548915
1287,1287,pedophilia,5.802666950065785,11.528045266515594,0.3449290049885031
1288,1288,woods,5.776727794955403,11.534664466610533,0.3478573116264918
1289,1289,stalker,5.560432775732465,11.88408986457816,0.3722751516779175
1290,1290,lawyer,6.153547236799815,10.589556921205098,0.3053176503237011
1291,1291,benicio del toro,4.909857810006831,12.627343087791113,0.44571944786014633
1292,1292,mark hamill,4.049543795835869,11.810042725394428,0.5428414716011294
1293,1293,plot twists,4.384115520738563,12.436322550845018,0.5050712127493379
1294,1294,wife husband relationship,5.1827476541787805,10.812567561705835,0.4149125407450956
1295,1295,teenager,6.846746566279163,8.902321266989045,0.22706143151758978
1296,1296,bomb,4.875829302753639,11.708607676196698,0.449560972506818
1297,1297,undercover,5.20988360040673,11.495824569092225,0.41184912672373425
1298,1298,chris hemsworth,4.596455802149803,12.474447329956622,0.4810998284493126
1299,1299,shark,4.919598865940673,12.564922142241514,0.4446197667552413
1300,1300,queen,5.309835378351346,11.594288148869348,0.4005654340364251
1301,1301,a24,4.640631511078829,12.12838100807221,0.4761127723503671
1302,1302,brother-brother relationship,5.430438328459687,12.11146687285702,0.38695040232623934
1303,1303,hulu,6.34921783727021,10.631763613606743,0.28322812906603434
1304,1304,goofy,5.42641728167653,11.895129733831494,0.3874043437879668
1305,1305,slackers,4.641413807087694,12.759895326679535,0.4760244578857717
1306,1306,hannibal lecter,3.5260014779862576,13.2489392810938,0.6019448787130062
1307,1307,heroin,5.46768171502528,11.835778415790909,0.382745945564363
1308,1308,alan rickman,4.943724575350238,13.286067108320768,0.4418961824785143
1309,1309,ennio morricone,4.688826454884759,12.994413176632783,0.470671979338265
1310,1310,sergio leone,3.606717193370023,13.252661238044318,0.5928327713933006
1311,1311,alfred hitchcock,5.061311808580142,13.348453505983464,0.42862159916442477
1312,1312,boarding school,5.147728450597725,12.42006782102693,0.4188659064529262
1313,1313,michael j. fox,3.604825344458203,13.304232966701452,0.5930463448001052
1314,1314,tommy lee jones,4.678798356590505,13.181373408500004,0.47180406504716743
1315,1315,alone in the world,3.8911236502780726,12.661072151508481,0.5607257381415751
1316,1316,exceptional acting,5.168955530117702,12.17975230324208,0.4164695524622527
1317,1317,midlife crisis,5.653271121720973,11.88664749492389,0.36179450403688346
1318,1318,con men,4.444124452288907,12.704910844577112,0.4982967225298337
1319,1319,las vegas,4.443692525332028,12.156127860122893,0.49834548335375306
1320,1320,treasure hunt,4.596460598544278,12.738079367190778,0.4810992869777913
1321,1321,edgar wright,4.018370202190402,12.854242339828884,0.5463607011524978
1322,1322,bizarre,5.863307788565878,11.726436817472225,0.33808317793062975
1323,1323,sacha baron cohen,4.333801412793675,13.318710046834992,0.5107512410946144
1324,1324,undercover cop,5.154070848801234,12.614257257433483,0.4181499044597592
1325,1325,funny as hell,5.572133567992309,11.823864214782214,0.3709542332633268
1326,1326,exploitation,5.429147293484516,11.770551401741882,0.3870961490273782
1327,1327,drinking,5.584516396714738,11.692157636086542,0.3695563188212156
1328,1328,ed harris,4.513702661476157,12.620249162813364,0.4904419434919134
1329,1329,jesse eisenberg,4.199183027362448,12.791350286166132,0.5259484944352143
1330,1330,mark ruffalo,4.9383266110283195,12.48108236960232,0.44250556604124935
1331,1331,unintentionally funny,5.595213204657025,11.73195058354887,0.36834874156708397
1332,1332,surfing,4.864417629239329,12.681463984124477,0.45084925191145975
1333,1333,visually striking,5.566275347697794,11.363319365306051,0.37161557575124626
1334,1334,predictable ending,5.751875033576852,11.719283839045023,0.3506629737927215
1335,1335,supernatural powers,5.348687958318255,11.954125599837116,0.3961793132342657
1336,1336,telekinesis,4.825401208338622,12.30791258541679,0.45525386894034564
1337,1337,interesting concept,4.369528578816832,12.688631728711684,0.5067179525400362
1338,1338,stupid ending,5.090778640883057,12.064674421302296,0.4252950482314458
1339,1339,jeremy renner,4.781734047331,12.40627443003315,0.4601835143700676
1340,1340,mobster,5.616540907263865,11.468630750095826,0.3659410280987428
1341,1341,michael keaton,4.7519232106978,12.662179412245708,0.4635489004215993
1342,1342,blackmail,5.76794203364774,11.088830992065747,0.34884914821667884
1343,1343,chris pratt,4.27297759811497,12.74731498100287,0.5176177245831287
1344,1344,bear,5.416500092797583,11.816900678910192,0.3885239087815384
1345,1345,not funny,6.287607809559975,10.640246730697328,0.290183369217181
1346,1346,berlin,5.721488279023644,11.890064688554293,0.35409337600460683
1347,1347,julianne moore,5.470717574039796,12.745296336173809,0.38240322329502247
1348,1348,moody,5.690650497705627,11.64045011797521,0.35757469524380797
1349,1349,vince vaughn,4.928759571102498,12.882901771776858,0.4435856022414058
1350,1350,female director,5.78650006430199,11.51455075355278,0.34675410679680285
1351,1351,robot,5.783528604139317,11.290916898892956,0.347089558991828
1352,1352,colin farrell,5.2750149802636015,12.578507038050088,0.4044963563206649
1353,1353,lyrical,6.015322758057593,11.821432110631985,0.3209220004619744
1354,1354,golden palm,4.0289003054417964,12.358093326594512,0.5451719434185412
1355,1355,francis ford coppola,4.460235914369132,12.538705692131746,0.49647787757684814
1356,1356,sylvester stallone,4.7419478528460175,13.39600972434286,0.46467503218993883
1357,1357,prince,4.438476829139073,12.212710709462314,0.49893429041853876
1358,1358,heroine in tight suit,4.704760719236588,13.009854548421071,0.4688731384787856
1359,1359,david cronenberg,4.637870836203752,13.04741085380801,0.4764244287064672
1360,1360,criterion,7.304290010154176,7.449283232684518,0.17540872740421756
1361,1361,robert redford,5.049714259014417,12.727844127138878,0.42993086237030786
1362,1362,hugh grant,4.687507047587829,13.646649029929488,0.47082092902954714
1363,1363,frances mcdormand,4.790179963634644,12.267590100424979,0.45923004334641193
1364,1364,president,5.411837480867662,11.789398495104063,0.38905027740868336
1365,1365,adaptation,5.171357505818231,11.347105344893397,0.4161983901457387
1366,1366,cameron diaz,5.015625366078621,13.263878506582916,0.43377920403913983
1367,1367,experimental,5.1250244254735815,12.11926857428531,0.42142899484949015
1368,1368,soldier,5.6273603234025185,10.79182344741368,0.3647196094379129
1369,1369,plot,6.529909042716699,9.970124964178735,0.2628296521656297
1370,1370,opera,5.116830040321574,12.299148948279164,0.4223540701779945
1371,1371,radio,5.168612624186803,12.120585211743457,0.416508263580999
1372,1372,100 essential female performances,5.622340440295167,11.313077510069443,0.3652863108960996
1373,1373,no plot,5.759308440661999,11.658064461771504,0.349823806317232
1374,1374,transgender,5.167453050374288,12.954993638070242,0.41663916945198737
1375,1375,viggo mortensen,4.518714108679441,13.123506438198913,0.4898761943744553
1376,1376,peter sellers,4.039185063274239,13.508982482709655,0.5440108830639272
1377,1377,cary grant,4.673927006540946,13.136368413394937,0.4723539984056514
1378,1378,james stewart,4.734255388470281,13.086055203915453,0.4655434449966823
1379,1379,orson welles,4.9939573753904885,12.862602367635002,0.43622533309361083
1380,1380,nazi germany,5.5718202768103975,11.877610335435444,0.3709896011326237
1381,1381,paul newman,4.487866322726317,13.16554258829932,0.49335864305057403
1382,1382,david bowie,4.817468695450484,12.818698644026366,0.4561493811514188
1383,1383,christoph waltz,4.494500894965125,12.599413910208066,0.4926096571316248
1384,1384,hugo weaving,4.823696271363337,12.20900586067162,0.4554463416034233
1385,1385,compassionate,5.505406902058956,11.912165970691168,0.3784870976897895
1386,1386,faith,5.684990650824602,11.110243338360698,0.3582136430862175
1387,1387,literate,5.768347255630101,11.65104808334649,0.34880340215379596
1388,1388,reviewed,6.8582184269076,8.036697449619579,0.22576635750745408
1389,1389,great story,5.053823582039538,11.785623551270252,0.4294669552830918
1390,1390,alcohol,6.251220263614201,10.718135351411345,0.2942912089629129
1391,1391,alternate universe,4.713272546678741,12.584275154321476,0.46791222665670795
1392,1392,snow,5.9417887654352235,11.089124848438543,0.32922335329315106
1393,1393,court,5.387017150299016,11.652916173176138,0.39185227841650155
1394,1394,egypt,4.96788991951585,12.490325713764657,0.43916812378005965
1395,1395,bar,5.8669454312877996,11.198377439999472,0.3376725194768789
1396,1396,singer,4.7463597442690215,11.484356191109985,0.4641769677431559
1397,1397,army,4.81094744113368,10.978099926450598,0.45688557445542755
1398,1398,cat,5.846804915063605,11.16764970441448,0.3399462098534873
1399,1399,castle,5.371093357645517,11.468742373446357,0.3936499371116583
1400,1400,fire,5.551675596389388,11.298146596849932,0.37326376161109637
1401,1401,religious,5.680466929970176,11.739163461401326,0.3587243321102066
1402,1402,concert,4.834296182841868,12.03639340162696,0.45424970312338847
1403,1403,smoking,6.051013877596983,11.37014065354856,0.31689278124416675
1404,1404,amazon,5.883464966612958,11.133672623538823,0.3358076065780856
1405,1405,jail,5.597130635296658,11.586976058179793,0.36813228020409716
1406,1406,non-linear,4.933911205389423,12.106028000982434,0.4430040272126627
1407,1407,horse,4.866338870449724,11.762398799953228,0.4506323603679366
1408,1408,daughter,5.95870581359342,10.138632421272685,0.32731356462786815
1409,1409,illness,4.327990354299536,12.071917005560696,0.5114072594224943
1410,1410,tv movie,4.767816231526176,12.210125970647583,0.46175471559979686
1411,1411,europe,5.491223881165514,11.446084222475754,0.38008823828408655
1412,1412,storm,4.920310177374443,11.893881017616483,0.4445394658362513
1413,1413,race,5.309173054396483,11.957478083280156,0.40064020469203326
1414,1414,teens,5.521913995959667,11.767763786839,0.37662358932038975
1415,1415,singing,5.686431349356587,11.532673727739418,0.35805100066179774
1416,1416,fight,5.900665212263215,10.490288443256343,0.33386584736124336
1417,1417,gay lead character,5.072984147081664,12.615072873258281,0.4273038929334621
1418,1418,mountain climbing,4.843862921055677,12.63884508419944,0.4531697009839131
1419,1419,business is the antagonist,5.430231384708112,11.883968810221923,0.3869737644889177
1420,1420,dull,5.986136482866188,11.046978994858303,0.3242168789195595
1421,1421,afi 100 (movie quotes),5.756876765924847,11.406032987762885,0.3500983213985417
1422,1422,youth,5.896576458734998,11.068816309719768,0.3343274323298681
1423,1423,forbidden love,5.497744459894256,11.524501576817647,0.37935212124813644
1424,1424,gene hackman,5.355570180695214,12.6039672035188,0.39540236975307663
1425,1425,seduction,6.221778427933774,11.304009249810822,0.2976149379930485
1426,1426,cast,5.771583792630633,11.159492948019953,0.3484380250726065
1427,1427,costumes,5.699172932554067,11.511627590462103,0.35661258593715117
1428,1428,script,6.677532774486478,9.642223099288248,0.2461642075192429
1429,1429,computer animation,5.502824570166123,11.79293256678768,0.37877862066311285
1430,1430,mel brooks,4.18059171071141,13.333910288759714,0.5280472935567166
1431,1431,girlie movie,5.517446762498448,12.301166775296256,0.37712790140543134
1432,1432,immigration,5.388052818094571,11.721398355105713,0.39173536046495033
1433,1433,passionate,5.5818968354905145,11.907688516025663,0.36985204466459287
1434,1434,john cleese,4.552273884610447,12.87931780135829,0.4860875854467557
1435,1435,menacing,6.151137050206033,11.33443804172154,0.30558973957916563
1436,1436,ominous,6.0740145117564674,11.550758188630779,0.31429620824861026
1437,1437,beautiful woman,5.4375041762417675,11.768282013538734,0.38615272912234216
1438,1438,japanese,6.339401119174779,10.96962659357932,0.284336351775671
1439,1439,paul thomas anderson,4.111800361345335,13.178997767850026,0.5358132429150385
1440,1440,confrontational,5.493607474470626,12.206019535307162,0.37981915118129067
1441,1441,airport,5.046359485075775,12.027448787859308,0.4303095873808825
1442,1442,patriotic,5.271966382912099,12.202109837049964,0.4048405166382608
1443,1443,great depression,5.556132314397969,12.108924835966661,0.3727606366298611
1444,1444,whodunit,5.222716184899442,12.182961756234505,0.41040043873861487
1445,1445,african american,5.275144824751747,11.758534462536787,0.4044816979991072
1446,1446,noir,6.033776596722738,11.272549162385356,0.31883872141801317
1447,1447,mummy,4.393973429973029,13.010310451931034,0.5039583399157728
1448,1448,river,5.2035811948337125,11.660091477761943,0.41256061389423887
1449,1449,consumerism,5.226745262324545,12.292133093706685,0.40994559068675296
1450,1450,silent film,5.576349928472741,11.432728205041874,0.37047824257163076
1451,1451,shipwreck,5.215928463605376,12.127443938122056,0.41116671386352344
1452,1452,70mm,6.551864743052583,8.79654497899625,0.26035104317618235
1453,1453,iran,5.503674524677826,12.323185172138654,0.3786826681377504
1454,1454,pre-code,4.10805525356759,12.320059901655377,0.536236033245675
1455,1455,native americans,3.6265639970693413,12.983645767677714,0.5905922386246634
1456,1456,wrestling,4.11720232322984,12.563424823055616,0.5352034080620047
1457,1457,werner herzog,4.608761441355552,12.899435204909219,0.47971062803713466
1458,1458,university,5.426460596423537,11.81751352000607,0.3873994539270348
1459,1459,dynamic cgi action,5.608753740216134,11.69206045820246,0.36682013201943564
1460,1460,super power,5.582223330787949,11.46509769022542,0.36981518616466563
1461,1461,indiana jones,3.557650800997332,13.119216171549542,0.5983719434239888
1462,1462,shootout,5.419739805333772,11.270309329223387,0.3881581732097927
1463,1463,florida,6.080614789157125,11.0931458036778,0.3135510939207663
1464,1464,california,6.271147025836198,10.402529684671183,0.2920416495674743
1465,1465,boat,5.0009471435796895,11.720123345948753,0.4354362486188337
1466,1466,holiday,5.732289956295278,11.004519454787875,0.3528739599086956
1467,1467,spying,5.2907298537070595,12.064026685483238,0.4027222828003901
1468,1468,inventor,5.610719613187631,12.077962176685162,0.36659820193546105
1469,1469,hong kong,5.191708106078755,12.092856264715886,0.4139009830954183
1470,1470,theft,5.734945758785471,11.368227602634096,0.3525741427393189
1471,1471,hunting,5.448036774976208,11.997800954552261,0.3849636896698972
1472,1472,nazi,5.759566141179615,10.929349333156399,0.3497947141539315
1473,1473,marx brothers,3.8752925481456977,13.238598058126094,0.5625129328772417
1474,1474,car accident,4.941332080415313,11.711940764034983,0.4421662744984542
1475,1475,israel,4.861701480311251,12.343609629264568,0.4511558816726069
1476,1476,reporter,5.47125009886883,11.297157967301441,0.3823431058399581
1477,1477,smuggling,4.628519828511028,12.438466839429923,0.47748007673285675
1478,1478,greece,4.691605429551856,12.447232915612183,0.470358257093657
1479,1479,actors,5.236908096924993,11.382221527871163,0.408798294412274
1480,1480,iraq,5.23642525155436,12.191756465670542,0.4088528034854466
1481,1481,baby,6.080482352630033,11.060541657692154,0.31356604486113987
1482,1482,santa claus,4.894105699186468,12.446379308215919,0.4474977251587442
1483,1483,family bonds,5.332138801370405,12.25149424580407,0.39804757015849024
1484,1484,saoirse ronan,4.637101077402124,12.407412730944877,0.47651132782861916
1485,1485,mother daughter relationship,5.872233835928948,11.682414170657093,0.3370755042560999
1486,1486,daniel day-lewis,4.3847333596790214,13.029972356340217,0.5050014640677462
1487,1487,intimate,6.00163792575566,11.638744484737156,0.32246689986594435
1488,1488,gruesome,5.687823985770713,12.025639692784946,0.3578937840354876
1489,1489,talky,5.964550464553048,11.452878481109064,0.32665375400069185
1490,1490,wry,5.850060884631849,11.667791718077611,0.33957863900319535
1491,1491,biting,6.044484530977743,11.426126491781726,0.31762988809924686
1492,1492,forceful,6.061915503774156,11.295425671317183,0.315662081779838
1493,1493,unrequited love,5.323482043286736,11.616950186514936,0.3990248433985783
1494,1494,class differences,4.303328309326943,12.296269582318999,0.5141913913532493
1495,1495,sea,5.231684377075066,11.628665744653588,0.4093880072786508
1496,1496,unsimulated sex,4.856900309257243,12.715736451181627,0.4516978924284601
1497,1497,jealousy,6.534909330480687,9.83858654737632,0.26226516285251095
1498,1498,best friend,5.706395025077843,10.872245180592913,0.3557972740510259
1499,1499,duringcreditsstinger,6.735598700737375,8.286918564946532,0.23960906582099184
1500,1500,single mother,5.506726655371044,11.580334697559127,0.37833810893638375
1501,1501,parent child relationship,6.9378824987543615,8.056264628019086,0.21677297166256532
1502,1502,new love,5.8784945680454905,11.045369612138346,0.3363687216589981
1503,1503,government,5.473532507049915,11.456372571639367,0.3820854416639729
1504,1504,pirate,4.665126022356043,12.065482102617285,0.47334755352723556
1505,1505,period drama,5.548457892893653,11.748555409081142,0.3736270125522139
1506,1506,dying and death,6.344203792539087,10.287420020155558,0.28379417142195684
1507,1507,prostitute,5.878557696667911,10.572604240062265,0.3363615949826167
1508,1508,orphan,5.847030274175134,11.205751983664628,0.3399207687556792
1509,1509,native american,5.205099069373741,11.881392345306836,0.4123892589648942
1510,1510,princess,4.932781983627416,11.749549619579305,0.4431315065992261
1511,1511,professor,5.9146262944984205,11.161378873711573,0.33228976172511193
1512,1512,gun,5.457343856076956,11.152531527893348,0.3839130005764536
1513,1513,extreme violence,4.895022218522988,11.68817504715622,0.44739425803941996
1514,1514,priest,6.571242794906926,10.835264992594569,0.2581634284433629
1515,1515,sheriff,5.296135191737395,11.361051460903811,0.4021120668096437
1516,1516,car crash,6.104831200709677,11.03452291561576,0.310817270155272
1517,1517,fugitive,5.111090524653531,11.824513105970375,0.42300201193855097
1518,1518,sadism,5.613141767458097,11.599736436343564,0.36632476163263483
1519,1519,nun,5.12631906157168,11.841271907313871,0.421282841612667
1520,1520,widow,5.902045177372224,11.163566549792735,0.33371006121586944
1521,1521,political satire,4.577248028969144,12.614298517249342,0.48326822019015975
1522,1522,explosion,6.209853756005018,10.98085300126137,0.29896113048915013
1523,1523,helicopter,5.376881058725965,11.518872174900778,0.3929965556341025
1524,1524,love of one's life,5.8963050002594555,10.768861155071853,0.33435807764782416
1525,1525,interview,5.0392527328672205,11.784907653824035,0.43111187834133563
1526,1526,london england,6.41477684451043,9.871820153012273,0.27582708322377203
1527,1527,car,4.737524210147425,11.647436050423746,0.46517442325426817
1528,1528,mountain,5.103501545394974,11.574762617076054,0.42385874216911645
1529,1529,student,5.68595618571683,10.967827774003002,0.358104642533883
1530,1530,gold,5.256031338094926,11.665547382034887,0.4066394456055385
1531,1531,eroticism,5.786338031607718,11.508991967040512,0.3467723988889002
1532,1532,based on play or musical,5.817948087847353,10.989645763660949,0.3432038964793259
1533,1533,aftercreditsstinger,6.086027048782187,9.564331608995946,0.3129400965417405
1534,1534,based on tv series,5.213422765828316,11.668996590031115,0.41144958550688016
1535,1535,secret,5.980925003204501,10.582117239575721,0.32480520997437307
1536,1536,brother,5.1833014498400445,11.66701301865709,0.4148500219967375
1537,1537,prisoner,5.831466425739442,11.279556553670599,0.34167779285661637
1538,1538,journalist,6.200352838640455,10.707904328712099,0.30003370202308177
1539,1539,neighbor,6.223591430866989,10.890021381887273,0.2974102656164258
1540,1540,god,5.465676163296912,11.883109977633097,0.3829723550373784
1541,1541,author,5.865571100924276,11.190398359186217,0.33782766950814125
1542,1542,dinosaur,5.987163221789031,11.513970472924758,0.32410096896064033
1543,1543,musician,5.7232607091041166,11.393993862675071,0.35389328395272884
1544,1544,book,6.043452441716205,10.80334202219144,0.3177464020652067
1545,1545,thailand,5.432593446423453,11.93052866078704,0.38670710811669057
1546,1546,gay interest,5.555020805212557,11.774758315986153,0.3728861164194678
1547,1547,evil,5.046259033541382,11.69567442826844,0.4303209274917576
1548,1548,swimming pool,5.695353982826527,11.457790035653822,0.3570437123863247
1549,1549,nurse,4.485514195581893,11.962274427132918,0.4936241778955256
1550,1550,wrongly accused,5.326044374856325,12.02814977011782,0.39873557828905465
1551,1551,mine,6.728151287533645,9.024973150601337,0.2404498144663322
1552,1552,new world pictures,6.0341488483389,11.269322374727315,0.3187966974247887
1553,1553,outlaw,4.530728878417549,12.160619517939955,0.48851983061363535
1554,1554,father,5.015409099342564,11.580446077032853,0.43380361868626593
1555,1555,brazilian,3.700120943832592,12.711535313924868,0.5822882944691808
1556,1556,cheerleading,4.9092437435135725,13.139563968534855,0.4457887706650227
1557,1557,magnolia pictures,6.198819242789424,9.934281670135059,0.3002068317526915
1558,1558,remade,6.2189795880629,11.036416457638135,0.297930902847635
1559,1559,heroism,4.557473281347573,12.217877818359757,0.48550061844979403
1560,1560,crazy,5.22134497770753,11.814664148216464,0.41055523619076956
1561,1561,sexual assault,6.345998167623315,10.729443751739439,0.2835916019686409
1562,1562,malayalam,5.2328652515064995,11.95108992632574,0.40925469675170867
1563,1563,unfunny,5.525637728967848,11.83008629264764,0.37620321201667445
1564,1564,betamax,7.145399292075221,6.553465635712413,0.19334611751910125
1565,1565,seen at the cinema,6.545677237851798,9.461661959590712,0.26104955908677946
1566,1566,divx,6.287974954672591,8.963176968284714,0.29014192170411424
1567,1567,eddie murphy,4.436783114212421,13.468535501958963,0.4991254962092235
1568,1568,audience intelligence underestimated,5.550044390736679,12.192553806224648,0.37344791064449495
1569,1569,ingmar bergman,4.617238630366002,12.728726394040477,0.4787536265949077
1570,1570,jim jarmusch,4.227546001787492,13.335562022315015,0.5227465595252866
1571,1571,jet li,4.685380611591721,12.987961624932751,0.47106098529260443
1572,1572,redbox,6.43926649966823,10.421334113087603,0.2730624126145918
1573,1573,super hero,4.907621076397016,12.577268152835503,0.44597195577141646
1574,1574,afi 100 (thrills),6.187531728818967,11.169691372595535,0.30148109461689915
1575,1575,ian mckellen,4.204611247368716,12.587914091599501,0.5253356952669617
1576,1576,to see,6.688645264870924,8.419266470495982,0.24490970330663905
1577,1577,foul language,6.377053628977805,10.827561711856827,0.28008570853289994
1578,1578,oscar winner: best picture,6.271753547130921,11.22537801072372,0.29197317855036287
1579,1579,in netflix queue,6.321060770381971,9.563242065990421,0.2864068187929839
1580,1580,blasphemous,6.409738675689681,10.572343771688438,0.27639584898111175
1581,1581,seen,6.187879424143286,10.364373781572704,0.3014418428169901
1582,1582,michael crichton,4.503075609094945,13.085053207942114,0.4916416459455103
1583,1583,national film registry,6.7491207013492565,9.256318776107518,0.23808254870884382
1584,1584,memasa's movies,7.106102799182445,8.553580682184343,0.19778235225758498
1585,1585,netflix finland,7.189396334098891,8.592667417493807,0.1883792313710549
1586,1586,annemari,6.600834961152469,9.92040461104543,0.2548227283904685
1587,1587,library vhs,5.765614057039422,10.732603836649215,0.349111956674634
1588,1588,on dvr,6.831138912976106,8.963172316085306,0.22882340080981525
1589,1589,btaege,6.627242089186888,9.45555019990514,0.25184159165011033
1590,1590,clv,7.256674239325424,5.319680827397483,0.18078413678811758
1591,1591,adapted from:play,6.096785717151578,11.104967619728733,0.3117255357795283
1592,1592,archaeology,4.440408937823253,13.140258833315258,0.49871617203106133
1593,1593,bibliothek,6.8514357020966,8.762242898406726,0.2265320685725671
1594,1594,can't remember,6.358127294860994,9.550094307854188,0.28222232823354965
1595,1595,futuristmovies.com,5.718026373180187,10.639758143679783,0.354484195282195
1596,1596,tumey's dvds,7.65119620660706,6.506024958266098,0.1362460132175162
1597,1597,best of rotten tomatoes: all time,6.415462329422123,10.874748418766224,0.2757496978961232
1598,1598,bd-video,7.612637929237096,6.109362218190396,0.14059890979766293
1599,1599,watched,6.665917107637372,9.808945580552265,0.24747551600998427
1600,1600,blu-ray,6.80064645983991,9.514081721382063,0.23226573547905616
1601,1601,afi 100 (cheers),6.095437740402572,11.161778430861231,0.31187771071526427
1602,1602,dvd-r,5.941966351163199,9.653018322745478,0.3292033053978426
1603,1603,want,6.48103961072041,10.113070856946056,0.2683465890704942
1604,1604,no_fa_ganes,6.579857387404707,9.218029340727561,0.257190915333839
1605,1605,dvd-video,7.206531391910843,5.974447861713523,0.186444831298287
1606,1606,bgab lrc,6.170683924174436,10.634245538783933,0.30338306628737854
1607,1607,10/10,6.167195413200584,11.078323322238468,0.30377688905446387
1608,1608,bob*ola,6.844630232461279,9.074905139107994,0.2273003473319537
1609,1609,kaf,6.070328598603452,10.748206736380874,0.31471231601723626
1610,1610,prospect preferred,6.360796375673013,9.025410671448636,0.28192101205629155
1611,1611,perrot library,6.484057001696276,8.916605169950875,0.26800595168325336
1612,1612,lgbtq+,4.812697576304824,12.28259859306306,0.4566879993063053
1613,1613,dvd-ram,6.401421354294813,8.572435274583277,0.2773348027499309
1614,1614,might like,6.1672160915837235,10.956542769353394,0.3037745546435568
1615,1615,anamorphic blow-up,5.9033788989418925,10.810099707324511,0.333559495566793
1616,1616,a list,6.237825271984581,9.810752347834722,0.2958033878576341
1617,1617,pam's list,6.169066395332523,10.900129059149913,0.3035656713269319
1618,1618,jim's list,5.757054957286945,10.405811287044589,0.3500782051323702
1619,1619,warner,4.131603812389743,12.4196884982743,0.5335776042868082
1620,1620,itaege,6.744239024188543,9.59097773576817,0.23863364790900682
1621,1621,etaege,5.260696935644457,10.741191012155502,0.4061127399277192
1622,1622,01/11,6.1988152098785925,10.835035008794534,0.3002072870335019
1623,1623,11/10,6.142198946789881,10.88404840588657,0.3065987742779895
1624,1624,12/10,5.988124585757312,11.134321249617456,0.3239924392696053
1625,1625,01/12,5.683395822296715,11.38737206996966,0.3583936854563252
1626,1626,11/11,6.466992039132339,10.879327992395227,0.269932438607764
1627,1627,12/11,6.338716495253687,11.089052175325634,0.28441363990491536
1628,1628,02/11,5.975207681370335,10.98303998101598,0.32545064624271947
1629,1629,03/11,6.276441368921481,10.79847488935004,0.29144396394762856
1630,1630,05/11,6.280399820357729,10.81616095894197,0.2909970889600819
1631,1631,06/11,6.303702928178178,10.695905505964648,0.2883663692999387
1632,1632,tivo,5.630129638462953,10.98115595814947,0.3644069776794904
