,id,tag,entropy,KL_div,norm_entropy_diff
0,0,classic,4.815731281670324,8.684299225955952,0.22330976390460466
1,1,sci-fi,4.705235281641096,10.428476193517335,0.24113076747200696
2,2,dark comedy,4.425786124420581,10.696908412290266,0.2862008553160653
3,3,great dialogue,3.3570236871124943,12.021523321009836,0.4585728796692993
4,4,so bad it's good,3.5215450623714597,11.473150298908736,0.43203856155254927
5,5,tense,4.792376512740638,9.287669646800296,0.22707646514538887
6,6,artificial intelligence,3.744507804738036,12.70315768809613,0.3960787093763481
7,7,philosophical,3.868725301494596,11.894366011896787,0.37604467690235
8,8,cliche,4.116581721438713,10.322900417112024,0.33606992539225633
9,9,musical,3.931126970501874,11.062081036825006,0.36598041787309643
10,10,horror,3.982689584466096,11.151986501979419,0.3576643021118206
11,11,unpredictable,3.0205461684341994,11.889561387306085,0.5128406093530024
12,12,oscar (best supporting actress),3.2665737214290163,11.774628538447343,0.47316082095848905
13,13,adventure,4.512794448260025,9.49864660679199,0.27216798852336443
14,14,anime,2.4137165210574736,12.953325035092794,0.6107112409400786
15,15,fantasy,4.491817295471917,9.50943867126314,0.27555122334247034
16,16,hayao miyazaki,1.7427245071769806,13.743024330093178,0.7189301001738946
17,17,post-apocalyptic,3.499538460193823,12.626897314565795,0.435587827913416
18,18,clint eastwood,2.7709522613968414,12.779623583671466,0.5530955860629111
19,19,music,4.85877614644135,7.782912668582785,0.21636740681982422
20,20,art,3.265122978985984,11.298347354732321,0.4733947994395727
21,21,documentary,2.827190288632672,12.504661647653997,0.5440254108192072
22,22,aliens,4.2492636922875064,11.579416650114442,0.31467072655066153
23,23,amazing photography,1.9975672180043287,13.020134830631765,0.6778285864758481
24,24,first contact,2.9265662268841566,12.580143337636795,0.5279978718166622
25,25,james cameron,2.6577201221876083,12.777436497965102,0.5713578793247357
26,26,apocalypse,3.1751724903794285,12.218577176729431,0.4879021841224842
27,27,arnold schwarzenegger,2.876357701730387,13.157757680150878,0.5360955975772568
28,28,franchise,3.856956490609309,11.088776845694987,0.3779427729484992
29,29,time travel,4.067797150856601,11.65231399962292,0.34393799307025424
30,30,science fiction,3.893806241140122,11.501139764176056,0.37199957558846986
31,31,unoriginal,3.2159617853550455,11.17501917423698,0.4813236095941753
32,32,bad science,3.5569648210647347,11.619592308141746,0.42632599597675996
33,33,good science,1.6822717638486986,11.868948909815229,0.7286800327888997
34,34,hans zimmer,3.0153113959581104,12.156431130730077,0.5136848833443346
35,35,philosophical issues,1.6625879592699242,11.774405538827752,0.7318546739661874
36,36,space,4.045044696750472,12.17527710072034,0.34760755183876363
37,37,space travel,3.569874678742144,12.080696040107313,0.42424386974899686
38,38,time-travel,2.5544147643623862,11.763591735924576,0.5880191625372327
39,39,visually appealing,4.754437857264704,9.992108233694928,0.23319528315147267
40,40,bittersweet,4.354973891302458,10.749714264233237,0.29762158600930305
41,41,boring,5.321054011548393,5.817145484984384,0.1418103596776237
42,42,dialogue driven,3.4365020623369555,11.91680397612582,0.44575445721027995
43,43,loneliness,3.7182612390366003,11.618365194354045,0.400311805061926
44,44,love story,3.864773616330561,10.819072451648797,0.37668201214875613
45,45,philosophy,3.6392284302901317,11.951586216313494,0.41305836571787813
46,46,quirky,4.824827050768619,9.108901726050323,0.2218427810861669
47,47,reflective,3.4686810048783747,11.977644457206686,0.4405645765840656
48,48,romantic,3.5525928098554433,11.210393430100993,0.4270311222015726
49,49,thought-provoking,4.286543983427277,11.037862773169483,0.30865809078810075
50,50,wistful,3.083369322641415,11.714597626088885,0.502708372394686
51,51,american civil war,2.6577913737983536,12.136906425784364,0.5713463877303889
52,52,based on book,3.7969639850502506,10.934874690679884,0.3876184775468791
53,53,culture clash,3.21449573770652,11.50736375117189,0.48156005652770634
54,54,drama,5.20678305988408,6.292280979124273,0.16024019457410427
55,55,war,4.053126688130718,9.869866921541352,0.3463040730053128
56,56,western,2.795475888443362,12.471514428229508,0.5491403691775388
57,57,buddhism,1.6120274986884704,12.646587573111278,0.740009160537224
58,58,china,2.986153296545777,12.167493557772532,0.5183875566855272
59,59,great cinematography,2.5556361050186425,11.824822699673671,0.5878221824095684
60,60,atmospheric,5.008927857320779,8.610771713128234,0.19215065531274658
61,61,based on a book,5.178090952665245,6.134672703839225,0.1648677118142567
62,62,canada,3.5392772870577778,10.838536589207115,0.42917867486606953
63,63,death,4.582236784638387,9.18011467908968,0.26096819736350163
64,64,incest,3.4582385814575605,11.654111697047924,0.44224875035493
65,65,meditative,2.9964568073043467,12.109156241165781,0.5167257870111799
66,66,melancholic,2.9601407077222,12.738679829251424,0.5225829161383554
67,67,nudity (full frontal),3.987299948031488,10.614498454028691,0.3569207339688639
68,68,small town,3.7686233026581757,10.6394813290589,0.392189316327271
69,69,aging,3.157187287963325,11.42356986275272,0.49080287153499735
70,70,based on a play,3.512104995096447,11.35035614504258,0.4335610734311695
71,71,friendship,4.620176811406337,8.255556478216466,0.25484915819285187
72,72,morgan freeman,3.384999445250938,12.585138678450988,0.4540608965617288
73,73,racism,4.284468144995131,10.10389332465073,0.3089928859308647
74,74,usa,4.404671713368428,8.314044003846018,0.28960622740722236
75,75,emotional,4.105867607369326,10.651672508553167,0.33779791794403735
76,76,heartwarming,4.102968343951034,10.922936837774465,0.338265516623687
77,77,holocaust,2.5912524167863156,12.574169458065176,0.5820779163827302
78,78,italy,3.459017492590134,11.319518599243004,0.4421231260964174
79,79,love,4.88152747299433,7.932700535492714,0.21269802990521608
80,80,oscar (best foreign language film),3.1647792457216575,11.858657899630789,0.489578426249566
81,81,oscar winner,3.4388661521496156,11.532565766796221,0.44537317234047535
82,82,sentimental,3.5627032493104034,11.751110351978289,0.4254004914317059
83,83,survival,3.795309601860681,11.260686054570067,0.3878852995921601
84,84,natalie portman,2.874318044230811,13.090377136327202,0.5364245573908845
85,85,robots,3.618788979591611,11.943197935594757,0.41635487892847156
86,86,star wars,2.7333452618106837,13.282076243305148,0.5591609139807265
87,87,abortion,2.9864621707056047,11.345085779337914,0.5183377408776906
88,88,charlize theron,2.980792893540027,12.0845489533188,0.5192520926059488
89,89,medicine,3.3746355779282755,10.70863235792528,0.45573240065672227
90,90,orphans,3.2671313213278994,11.406725409005563,0.4730708901937143
91,91,funny,5.16546048327911,6.769871748931817,0.16690477777075063
92,92,relationships,3.8602004770148612,11.166684788882694,0.3774195766944207
93,93,island,3.6197970456125503,10.891864410548205,0.4161922961367815
94,94,dogs,3.6884956705911707,11.503952649861194,0.405112452156042
95,95,multiple storylines,3.2016056786962954,12.765937121324656,0.4836389895890341
96,96,action,4.815489232953213,8.320553446917287,0.22334880197883347
97,97,george lucas,2.1161386445954795,13.106578131882388,0.6587051628612924
98,98,romance,4.89172342551665,7.195269584913376,0.21105360742634566
99,99,family,4.554340955764063,8.496174147599595,0.2654672893284006
100,100,mystery,4.367614761417782,9.822271770770389,0.2955828426035628
101,101,powerful ending,2.6505712364804745,13.62628368589267,0.572510865112964
102,102,twist ending,4.347405505429388,10.741865776476605,0.2988422295765613
103,103,adapted from:book,4.942698369174169,7.657234910478893,0.20283227224200887
104,104,assassin,3.955364476400871,10.380100376546784,0.36207134714676503
105,105,assassination,3.6178733203607885,11.029522845629167,0.41650255817853216
106,106,history,4.148657598721063,10.33585812307242,0.33089666732567374
107,107,interesting,4.197872492065429,9.938345124104794,0.32295919637987236
108,108,thriller,4.702000759290959,8.65546253768121,0.24165243734535435
109,109,dialogue,4.316428543581731,8.706727401316446,0.30383825248642565
110,110,paris,3.9101259965234956,10.7485967108385,0.36936749461875784
111,111,adultery,4.009588538939701,10.122687407795947,0.35332598793296616
112,112,biographical,2.605360512759853,12.212951412529137,0.5798025360195753
113,113,biography,4.298322897741314,10.000343640456567,0.30675836524188144
114,114,blindness,2.6874536432084737,11.794701332024067,0.566562400899778
115,115,disability,2.7168798492990134,11.95258258031284,0.5618164868071782
116,116,drug addiction,3.1555339473144213,10.853262668945401,0.49106952543735083
117,117,drugs,4.395880429457611,9.906638006018792,0.2910241022795732
118,118,genius,3.3049023340891903,11.861441911784693,0.46697910992125813
119,119,great acting,4.2698306300889115,10.583664436274244,0.31135365197934284
120,120,music business,3.3043713757749087,11.27089310546587,0.4670647438809531
121,121,catholicism,3.277538737593217,11.478576719408085,0.4713923624430029
122,122,child abuse,3.55292923971861,11.271959272790278,0.4269768621578598
123,123,enigmatic,3.6294590918481937,12.103279352060278,0.4146339830721614
124,124,mistaken identity,2.2481459307655,12.449826689517554,0.6374147784388992
125,125,queer,2.8981414837871613,11.86588251014466,0.5325822680663007
126,126,soccer,3.118199331009745,11.471457756144318,0.49709092286510603
127,127,spanish,2.6006005836962554,12.03827628750824,0.5805702263685519
128,128,alcoholism,3.431732347034176,11.323591023178235,0.4465237259023941
129,129,complex characters,2.8185658565044154,12.458382622256341,0.5454163755209505
130,130,confusing,3.6425567373450156,10.886186311229299,0.41252157007022744
131,131,germany,2.7520263769663744,11.583255733771315,0.5561479884472723
132,132,suicide,4.273975952145984,9.847456672308802,0.310685086609125
133,133,suicide attempt,3.7528220859596315,10.923588229553417,0.3947377663985819
134,134,terminal illness,3.102638943874134,11.428556105195156,0.4996005314896765
135,135,touching,3.9676828064982685,10.662598596734991,0.36008462360426496
136,136,true story,4.402526063197483,10.365609912847047,0.2899522819190662
137,137,deliberate,3.681960470941609,10.990015073999235,0.40616646149789803
138,138,biopic,3.1396010113938293,11.438594624964288,0.49363921943355843
139,139,character study,2.6438778353611077,11.843411740409476,0.5735903894866494
140,140,death penalty,3.065063008499483,11.399700056058004,0.5056608493127923
141,141,gay,3.219480284347584,10.993459777954731,0.4807561394316233
142,142,journalism,3.5354294087940614,11.516002560146426,0.4297992679395426
143,143,prison,3.9858662443364636,10.200471626458473,0.35715196440848956
144,144,thought provoking,3.462708982874293,11.593762644917078,0.4415277555716416
145,145,writers,2.507066756532789,11.911090326103619,0.5956555386614133
146,146,based on a true story,4.43135100525368,10.110054490316571,0.285303340825472
147,147,joaquin phoenix,3.0003365850103627,11.896397752726473,0.5161000491354075
148,148,disturbing,4.53004734005061,10.108647643665048,0.26938540955157647
149,149,murder mystery,3.2327808331519226,11.318459183689324,0.47861100180105004
150,150,twist,4.018156927838675,10.866301873757639,0.35194406198908484
151,151,strong woman,2.926209469718618,11.784250509360692,0.5280554102860917
152,152,world war ii,3.9979748222823615,11.265384071847045,0.3551990700891211
153,153,cynical,3.489651474324607,11.366285141826154,0.43718241966695953
154,154,nudity (topless - notable),4.097720595663668,10.658774718400341,0.33911188337836795
155,155,nudity (topless),4.911297997819076,8.129380357120422,0.20789658343688336
156,156,psychology,4.333986728118921,10.957955036870585,0.3010064353238894
157,157,epidemic,3.058315199289146,11.629604614914413,0.5067491487261444
158,158,husband-wife relationship,3.8125916937523567,10.740126704331626,0.38509801117292086
159,159,science,2.918350497750846,11.91293492601579,0.5293229201275043
160,160,george clooney,2.9621876538832397,12.755566120250307,0.5222527807956415
161,161,lawyers,2.7632575560410606,12.229386401119859,0.5543366026749079
162,162,depressing,3.916594941383686,10.683278602191056,0.3683241709744604
163,163,hospital,3.9696384634128448,10.242924619699568,0.35976921156362945
164,164,marriage,4.373631741095003,10.039155718435376,0.29461241275755595
165,165,jude law,3.1194717869660487,12.126383307622921,0.49688569876531374
166,166,road movie,3.493246079253545,11.158992833291268,0.4366026749952514
167,167,soundtrack,5.083531910014183,7.226526644924784,0.18011837279717904
168,168,alternate endings,0.9532854875239802,13.566302696637202,0.8462523161976542
169,169,beautiful,4.296698722911012,10.297165842554527,0.30702031522592826
170,170,solitude,2.4312001567021095,11.461351096159724,0.6078914471637265
171,171,awkward,3.3908716969152213,11.044723970290685,0.45311380872298174
172,172,corruption,4.177916525622374,10.016832072177454,0.32617773233663616
173,173,murder,4.991612305862875,7.3846053855192135,0.19494334015401873
174,174,newspaper,2.9351657495215995,11.14685287553674,0.5266109245646414
175,175,politics,3.9205843934760063,10.075913536096987,0.3676807446065338
176,176,secrets,3.1835215471314235,11.822602262761546,0.4865556324814982
177,177,humorous,4.552756386470047,9.294099593124223,0.26572285165675635
178,178,nonlinear,3.556130722430416,12.365259392249232,0.4264605209797811
179,179,excellent script,3.0770361572597538,13.050118971476145,0.5037297972682533
180,180,nostalgic,3.1016831589335254,11.458258232303926,0.49975468228999276
181,181,revenge,4.729006452541906,8.961316258623704,0.23729690813490328
182,182,effects,3.1196879185054867,11.4218758765541,0.4968508406624473
183,183,environmental,3.277125425331094,11.812788191222587,0.4714590222252194
184,184,alternate reality,3.8965595576384473,12.147593563227542,0.3715555155037079
185,185,dystopia,4.212150207846848,11.383872990381274,0.3206564594137585
186,186,oscar (best picture),3.7442244325255336,12.463148040042395,0.39612441218195704
187,187,mindfuck,3.984023830183863,11.559476000215136,0.3574491124426034
188,188,animals,3.091810598753214,12.41483739039742,0.5013469474411855
189,189,genetics,3.2405085765547152,12.222004939423432,0.47736465675043543
190,190,virus,2.1889842773834975,12.418620557002988,0.6469564816290165
191,191,children,4.087548034519446,9.795075347052173,0.3407525332516019
192,192,cinematography,4.765528419740467,8.918573337010905,0.23140657628975103
193,193,food,2.770142668631163,12.416601798380846,0.5532261587131561
194,194,japan,3.6427912398349025,11.625056117845471,0.4124837490657772
195,195,tokyo,2.605090117620506,11.839159378815603,0.5798461458583173
196,196,humor,3.8802476376289525,10.57064276426853,0.3741863327695229
197,197,sexuality,3.8713452273429283,10.857497271216562,0.37562213031354036
198,198,strange,3.484220434268343,11.20578523013224,0.4380583480642932
199,199,oscar (best directing),3.6306729171373613,11.956627673763418,0.41443821503709466
200,200,us president,2.264482386141583,12.61295075138221,0.6347800040628234
201,201,racing,2.1366428471463585,11.954421815800508,0.6553982063496603
202,202,sports,3.628348567082743,11.552947743903925,0.41481309060366983
203,203,happy ending,3.6071440957131546,11.630082501955108,0.4182329877929107
204,204,ocean,2.997163652975568,11.678544636885396,0.516611785606377
205,205,suspense,4.615551678425106,9.564181965847407,0.2555951083750884
206,206,disease,3.251085048454693,11.294613623793094,0.4756588633876877
207,207,matthew mcconaughey,2.5988368031666527,12.541025170128973,0.5808546922234412
208,208,sad,3.914437255007039,10.042919901556374,0.36867216670829145
209,209,story,4.668057951310753,8.375045915805522,0.24712679752077155
210,210,cats,2.389093142254061,11.933826190860861,0.6146825459771934
211,211,new york city,4.52044922444917,9.395281084346074,0.27093341176277286
212,212,wall street,2.8373471168917255,11.889366760439756,0.5423872983754064
213,213,meaning of life,2.1192400479858566,12.51680253693711,0.6582049626651836
214,214,original plot,3.2220694069795437,12.566650012708683,0.4803385608437252
215,215,afghanistan,1.8173494048207968,11.960349929513827,0.7068944557453568
216,216,nudity (full frontal - notable),4.0302541594431425,11.115315789039933,0.3499929976290909
217,217,matt damon,2.9125670730864788,12.956294611043973,0.5302556817799463
218,218,lars von trier,1.6438412494194128,13.104076297412169,0.7348781787359044
219,219,pornography,3.0093640546239966,11.616082383962322,0.5146440817868462
220,220,unexpected ending,2.3491327096589725,11.6866297063048,0.6211274400153816
221,221,original,4.179718569441907,10.634304438741808,0.3258870953060828
222,222,wormhole,2.614070382862193,11.608921504891711,0.5783977917200137
223,223,espionage,3.2630264618226383,11.859473735636078,0.47373292968715836
224,224,new york,4.05536544878739,9.869866279992777,0.34594300145848267
225,225,future,4.3460161962435615,11.065312128116716,0.29906629998590006
226,226,time loop,2.8288076324341263,12.934596773680665,0.5437645625563939
227,227,tom cruise,2.968680114281788,13.43788749901233,0.5212056645209062
228,228,plot holes,4.089565071905037,10.57633937072352,0.34042722165267797
229,229,education,2.1901909583779116,12.454703830059852,0.6467618658393003
230,230,good acting,3.578068725779021,10.612860588327543,0.42292231836761635
231,231,jazz,3.602515799949707,11.205344467408803,0.4189794480746365
232,232,motivation,1.7700747124019527,12.275066523920806,0.7145190074216275
233,233,psychological,4.267276190881999,11.129887221794082,0.31176563675894625
234,234,ben affleck,3.212892963959272,12.360108134315631,0.4818185549046602
235,235,infidelity,4.31019755333645,9.959536729262178,0.30484319836102947
236,236,psychopathy,1.8368381373931553,12.305950015276972,0.7037512761496766
237,237,superheroes,2.4745552346965964,12.70483483549907,0.6008990583043977
238,238,talking animals,3.3023246613304638,12.081671274662924,0.467394841851977
239,239,vin diesel,1.761694989539455,13.004916075299787,0.7158705049508315
240,240,slow,4.922801321419214,8.149317597536456,0.2060413056814821
241,241,acting,4.842676472433392,7.756142984936914,0.21896399264966374
242,242,brad pitt,3.184518961964646,13.189907905218417,0.48639476753347893
243,243,technology,3.8560550440380945,11.32299626671467,0.3780881599539762
244,244,mental illness,3.7368821423207357,11.216416464177117,0.3973085906128323
245,245,computers,2.6948604480401457,13.133643261206423,0.5653678174280382
246,246,cryptography,0.9186134668257804,12.989302686868168,0.8518442851774203
247,247,mathematics,2.846501133483666,13.212075618630202,0.5409109212911873
248,248,physics,2.64306061239451,12.478888859231947,0.5737221927501092
249,249,mars,2.668645309657988,12.32592488189086,0.5695958444562095
250,250,nasa,2.225959754836289,12.490997053646266,0.6409930067935626
251,251,adoption,2.8906331121344806,11.529868988990625,0.5337932324267518
252,252,oscar nominee: best picture,4.724609393260863,8.992385106805706,0.2380060741600338
253,253,dreamlike,4.193758038986019,11.76011726716613,0.3236227831430736
254,254,imagination,3.212480945837456,12.259323206861495,0.48188500596548384
255,255,surreal,4.57517613198355,10.120346958755245,0.2621069527584187
256,256,surrealism,3.7418161844107,11.37408462759782,0.39651281898613355
257,257,gay romance,1.520183764107626,12.955248446118608,0.7548218915064521
258,258,space adventure,1.4478891448220623,13.303584395070478,0.7664817042404085
259,259,coen brothers,2.7016340106150185,13.379658392985048,0.564275364463416
260,260,witty,4.541062296941159,9.456620267467716,0.2676088965014268
261,261,smart,3.4241689021733865,11.075598849904411,0.44774357257386027
262,262,tom hanks,3.3521449088819626,13.265535185564072,0.45935973823637755
263,263,4th wall,1.9826354231848087,12.030948765578469,0.6802368145445203
264,264,parody,3.470410909205151,11.838669895249296,0.44028557434714677
265,265,cult film,4.476704195719066,9.635777165683056,0.27798869261320264
266,266,unintentional comedy,2.3979149187300006,11.788482868274595,0.6132597532063514
267,267,dark,4.624223186104697,9.690417347059595,0.2541965512395192
268,268,torture,3.624275270846362,10.96589997632589,0.4154700395134985
269,269,ewan mcgregor,2.9316843700744397,12.773379271128402,0.5271724080168108
270,270,ai,2.742257815125612,11.666492927159263,0.5577234805498513
271,271,inspiring,4.031899828134435,10.394360456084986,0.3497275810745502
272,272,summer,3.4328676044320137,10.699481240641749,0.4463406294452243
273,273,england,3.924705167732527,10.656888258421635,0.36701613835195007
274,274,violent,4.240715219266852,10.615018049407855,0.31604944042407446
275,275,television,3.836835601804752,10.724467726972733,0.38118790789519835
276,276,michael moore,0.7073095616261863,13.599323416720017,0.8859237780764568
277,277,propaganda,2.856907124548978,11.832498684206588,0.5392326233994245
278,278,christopher nolan,2.9377266878925568,13.151798266523137,0.5261978915875866
279,279,magic,3.87934094875268,11.406466021729056,0.3743325652638603
280,280,nicolas cage,2.7488832282545026,13.01642813737465,0.556654921407672
281,281,manipulation,1.3345839799583983,12.00062824888799,0.7847557752176959
282,282,dark humor,3.635188216393286,11.994708464541969,0.4137099790455073
283,283,kidnapping,4.383030238209115,9.992157990762584,0.2930966053929951
284,284,bad ending,4.1140585814243815,10.525331475898437,0.3364768621789687
285,285,nudity (topless - brief),4.638840532742968,9.305198123072813,0.2518390379673855
286,286,oscar (best actor),3.580144086960408,11.849198325262986,0.4225876001967562
287,287,oscar (best actress),3.8727681617279597,11.606813323467506,0.3753926367685693
288,288,want to see again,4.292683254199122,9.532662057831775,0.3076679376033941
289,289,animation,3.9430734012936224,11.780209976895458,0.3640536749529802
290,290,big budget,3.7922932180930404,11.161660226775336,0.388371787662946
291,291,christian,3.1592728592652977,11.675429602380051,0.49046650665660635
292,292,christmas,3.457102083380542,11.088331169508907,0.44243204691118126
293,293,film noir,3.4658276897441214,12.191862985429664,0.44102476463768747
294,294,low budget,3.6117395160816175,11.569572069708446,0.41749182971697646
295,295,plot twist,4.103392163686376,11.394062766623595,0.33819716217634527
296,296,stylized violence,2.166034894202729,11.72533998859678,0.6506578014906039
297,297,anti-hero,3.014535820896927,12.234744906410093,0.513809969554953
298,298,better than expected,3.6433573041181413,11.057323130725212,0.4123924531491078
299,299,innovative,2.4870431723314756,11.938912077338598,0.5988849801379319
300,300,movie to see,4.9590455627414105,8.226577792335927,0.2001957659901828
301,301,superhero,3.5893238218807992,12.771009630639021,0.4211070752119529
302,302,will smith,2.588623032177048,13.29760738183074,0.5825019884983673
303,303,chick flick,3.723157327658936,11.82386875760511,0.39952215464216523
304,304,space program,2.3275106619841823,12.421473401951685,0.6246146846997598
305,305,special effects,3.6478038075089834,11.208378593789845,0.41167531268456875
306,306,off-beat comedy,2.955052001225245,12.6020041479461,0.5234036323327128
307,307,disney,3.528047239355428,12.156825097239494,0.4309898781685668
308,308,cult classic,3.5716150801647495,11.77752715770137,0.4239631745206378
309,309,great soundtrack,4.831256282140886,8.605807758927035,0.2208058625082045
310,310,stylized,4.706075251321928,9.148581763711368,0.24099529557551613
311,311,weird,3.8144951843064483,10.76372856179668,0.3847910126214257
312,312,studio ghibli,1.747502673882543,13.807273692738303,0.7181594684235781
313,313,black comedy,4.256321056793524,10.999446476624021,0.313532501474596
314,314,comedy,5.012657758486437,7.04668262225095,0.19154908980845978
315,315,awesome,3.9776510650841024,10.218055558711237,0.3584769240334937
316,316,colorful,3.3915685056704206,11.481324177332624,0.45300142609095057
317,317,jeff goldblum,2.659918527176562,12.453649586694677,0.5710033164162106
318,318,heartbreaking,3.740707185001966,11.181629760535918,0.39669168050522985
319,319,classic sci-fi,1.5481859602866548,12.861435400343353,0.7503056444217652
320,320,good vs evil,2.9656443332544846,11.366583821976299,0.5216952810183643
321,321,scary,3.245268475039034,11.405603382335748,0.47659697133334267
322,322,ghosts,3.4835452106850204,11.94939585600072,0.4381672493990384
323,323,bisexual,2.9499234196202924,11.530266875339542,0.5242307796597961
324,324,canadian,3.411172208936059,10.564568685062214,0.44983970380472454
325,325,lgbt,3.6027160196581356,11.348416703548825,0.41894715626192625
326,326,quentin tarantino,2.6799720304346693,14.623001963207185,0.5677690495377072
327,327,violence,4.8658331215721,8.037399433844865,0.2152292445429373
328,328,courtroom,3.436836269030168,11.805778785466675,0.44570055572361605
329,329,courtroom drama,2.448788062849868,13.067371428380392,0.6050548364437055
330,330,social commentary,4.668718482242749,9.475376811067093,0.24702026584458084
331,331,college,3.3953900884134667,11.520771501946395,0.4523850740087129
332,332,nerds,2.9976594342901492,11.657270247474283,0.516531825059629
333,333,dystopic future,3.322543432612146,11.813344409952979,0.4641339202345063
334,334,futuristic,3.964087979711439,11.866527002022906,0.36066440405763284
335,335,intelligent,4.063238728737145,10.746945018207672,0.3446731839987136
336,336,uma thurman,1.685289378248508,13.420893296730931,0.7281933462394333
337,337,underdog,2.5148209896768616,11.541863656603077,0.5944049212952965
338,338,jim carrey,2.379663067865755,14.524933894488488,0.616203446184173
339,339,poignant,3.8155259505363155,11.382201168134399,0.3846247686971681
340,340,sexy,3.739756666576788,10.772951291778257,0.3968449819119912
341,341,conspiracy,3.868798771067288,11.48890797329745,0.37603282759091156
342,342,political,3.8035489166394387,10.850308381052713,0.38655644734387645
343,343,satire,4.272614818870777,10.7898156770535,0.310904612754386
344,344,unique,3.6460004736147464,11.116781889945932,0.41196615778080675
345,345,crude humor,3.5078446793240015,12.298142967759786,0.43424818520497965
346,346,sexual,3.2637033198487035,11.971422661437247,0.47362376474640083
347,347,stupid,3.6842412848516832,10.284719113838587,0.4057986075229373
348,348,coming of age,4.2369627340851395,10.215312389447046,0.31665464832112256
349,349,coming-of-age,2.9062660975958696,11.586233478540024,0.5312719150070908
350,350,john hughes,1.724510751715604,12.873481452603999,0.7218676490531944
351,351,teen,3.7604518607134376,11.314452967802612,0.3935072219166994
352,352,teen movie,2.8354109709431286,12.582010400914257,0.5426995636506003
353,353,high school,4.14285704294894,10.838548975238494,0.33183219191552843
354,354,reese witherspoon,2.4133542602703755,12.675614656044882,0.6107696670439873
355,355,stereotypes,3.4859596807288376,11.2271960802312,0.43777783911040474
356,356,guilty pleasure,3.4770517982594216,11.148406958505902,0.43921451921849436
357,357,1980s,3.860947652645572,10.628705969855162,0.3772990707975841
358,358,breaking the fourth wall,3.4072067495470773,11.458335167116033,0.45047926058414406
359,359,charming,3.4318504836847463,11.394496864372591,0.44650467260027726
360,360,rebellion,3.4082065939999167,11.469048267573186,0.45031800378248443
361,361,complicated,3.273766626535565,12.694260479863342,0.472000735638388
362,362,tolkien,1.1202650184443184,13.096029233243605,0.8193215420933665
363,363,cloning,1.420468609212279,12.928570960319341,0.7709041400099638
364,364,immortality,1.8714763208945757,12.770030643141151,0.698164764496912
365,365,hilarious,4.244824932347966,10.361654301114656,0.3153866181367503
366,366,sex,4.083810046986153,9.677959279589277,0.3413554029405326
367,367,sex comedy,2.460564174031945,11.920002268301987,0.6031555629919026
368,368,steve carell,3.1133234227804225,12.61873668102105,0.49787731855296896
369,369,jonah hill,2.4468721690926234,12.252596551345198,0.6053638354072299
370,370,marijuana,3.1936453162561684,11.44200110644998,0.4849228518773142
371,371,quotable,4.035361156049591,10.80254420291945,0.34916933157133173
372,372,stoner movie,2.32918963811016,12.501509382178654,0.6243438962592487
373,373,video games,2.9338964120231403,12.170725103744434,0.526815645713663
374,374,underrated,4.176794079207963,10.033277716404719,0.32635876261420405
375,375,emma stone,3.162721887317359,12.461285968099508,0.4899102408985373
376,376,teacher,3.832023748200555,10.27378358986832,0.3819639727321475
377,377,hawaii,2.7827774273648247,11.642094024619945,0.5511884009625924
378,378,jason segel,1.2499885451501163,12.730406857961961,0.79839948671047
379,379,mila kunis,2.127580172840987,12.96719528265214,0.6568598515773927
380,380,paul rudd,2.0083712195347836,13.065572735892248,0.6760860967045846
381,381,cia,3.571838627111407,11.559644770975922,0.42392712044689024
382,382,father daughter relationship,4.200122338340417,10.352483482636481,0.3225963369235837
383,383,gritty,4.127655531594342,10.544886169742941,0.33428392037636445
384,384,buddy movie,2.9084093053661535,12.509365695014626,0.5309262544102383
385,385,silly,4.1306521923050825,9.408154406197578,0.3338006132774443
386,386,spoof,3.0781325838898272,12.130434949051734,0.5035529635106443
387,387,will ferrell,2.0074531339046904,13.157561843382187,0.6762341672889022
388,388,geeky,2.673249456702157,11.827043094013584,0.568853278925536
389,389,jason bateman,3.2512748481193405,11.211512952317483,0.47562825213931775
390,390,jennifer aniston,2.541244018187407,12.624863681480882,0.5901433653545979
391,391,weak ending,3.2796794787105723,11.170393843269382,0.4710470996725933
392,392,absurd,3.929017351559291,10.962068636325593,0.3663206612003814
393,393,travel,3.1201936277347504,11.132130745812912,0.49676927892286943
394,394,feminism,3.4841247452816884,11.719438598344187,0.43807378096477906
395,395,romantic comedy,3.567016789950013,11.919804233812183,0.42470479545079903
396,396,woody harrelson,3.0487198900162324,12.563261385320182,0.508296698327376
397,397,uplifting,2.7710956877287383,11.356054462642096,0.5530724539932278
398,398,sibling relationship,4.431992326693903,9.401656197852333,0.28519990729239353
399,399,bad writing,3.1340854719883326,11.281670442268448,0.4945287760455218
400,400,dinosaurs,2.1164994379520445,13.32921686612908,0.6586469734273515
401,401,disaster,2.927759420426345,12.015572992551224,0.5278054313087134
402,402,predictable,4.862357081192766,8.596678292527617,0.21578986690016444
403,403,unrealistic,4.047522661780026,9.879810800006204,0.34720790095891374
404,404,slasher,1.814534692308108,13.354851258548464,0.7073484178952678
405,405,detective,3.859110202667618,10.875448555880972,0.3775954182002356
406,406,1930s,3.815724308415444,11.037672623765381,0.3845927771638037
407,407,church,3.8165436864152342,10.440039026053523,0.38446062633252065
408,408,extramarital affair,3.943407047940258,10.265394818004594,0.3639998637916859
409,409,farm,2.6622040147237263,11.294884068311887,0.5706347086682334
410,410,female protagonist,3.9103216809708305,10.711081457068168,0.3693359342615221
411,411,period piece,4.2139070995389485,9.665352068498517,0.3203731046035917
412,412,poverty,3.5109205263591763,11.215560155949726,0.43375210678610354
413,413,rural setting,3.9037039961457456,10.489929677878205,0.370403246968268
414,414,nudity,4.330091192997731,9.859714750716298,0.3016347145853405
415,415,dance,3.3605373041164226,12.042380426129101,0.4580061968830905
416,416,feel-good,3.979322003177611,11.380927345958028,0.3582074319820398
417,417,haunted house,2.7283221687803243,12.48678770805984,0.5599710479112737
418,418,conspiracy theory,2.572082754180967,13.061292725539152,0.5851696357715357
419,419,exorcism,1.8652655040632333,12.286529460175576,0.6991664567652165
420,420,bad acting,4.438873560659155,9.388036482304546,0.28409008888258286
421,421,siblings,3.712412291959578,10.793602707573335,0.40125513429282655
422,422,artist,3.8072019531468655,10.546671185853974,0.3859672787168358
423,423,stephen king,2.7947047171014954,13.170727180414744,0.549264745147989
424,424,zombies,2.9478752474,13.328969096404974,0.5245611127436619
425,425,feminist,3.1907290407803157,11.659842064733716,0.48539319429373606
426,426,friends,3.1582395468734865,10.704818072990268,0.49063316123067086
427,427,lesbian,3.4916412895923097,11.987120186206807,0.43686149850262035
428,428,hollywood,2.5677166557116,11.30420587512142,0.5858738083784865
429,429,hackers,2.4211499068503484,13.15526697567198,0.6095123704407152
430,430,hacking,2.2218398669170827,12.847668651646497,0.6416574700979905
431,431,internet,2.629066779411244,12.267071192544353,0.5759791445623961
432,432,fun,4.454175643887741,9.325097129177976,0.28162213999997004
433,433,kids,3.8002876829452137,10.578652440273128,0.3870824252732453
434,434,schizophrenia,3.367165847243572,11.400960127115809,0.4569371329288807
435,435,childish,3.6184024235976953,11.13057856856825,0.4164172234092197
436,436,sexist,3.37672067841077,10.769252572055038,0.4553961117129859
437,437,illogical,3.3876473104857032,10.713366069455606,0.453633843855909
438,438,johnny depp,3.022446816172188,13.53891445017705,0.5125340692962572
439,439,serial killer,3.9011295831954333,11.551076294203067,0.37081845315092926
440,440,rachel mcadams,2.7512569477648774,12.712290784361223,0.5562720834420334
441,441,realistic action,2.5221967031744708,12.49023392969298,0.5932153522926334
442,442,remake,4.323667248038728,9.622471172694212,0.3026707805605877
443,443,light,3.6801694368679314,10.525124376706774,0.40645532285584673
444,444,spy,3.551262876141985,11.460763321940494,0.42724561642259123
445,445,life & death,2.3378852395152796,12.270156659513718,0.6229414532421227
446,446,deception,3.384149996153412,10.878067836585274,0.45419789731644694
447,447,harrison ford,3.3583371793098804,12.673725728488211,0.45836103716704424
448,448,great visuals,2.653673638301889,11.4270690719271,0.5720105038880118
449,449,marvel cinematic universe,2.4457614414492834,12.918521925459434,0.6055429756592674
450,450,redemption,3.6440401309615322,10.49029995450393,0.41228232554621924
451,451,antihero,2.6041790131899516,11.729473786147707,0.5799930905015884
452,452,punk,2.837958848112679,11.498359980244889,0.5422886372087757
453,453,great performances,2.844258778919836,12.163531869525716,0.5412725724701514
454,454,kevin smith,1.8123221992456915,13.323807646153277,0.7077052529548875
455,455,gene wilder,1.1377162748118084,13.430471318785926,0.8165069705079839
456,456,nick frost,1.9336806629191643,11.773525024463382,0.6881323307360984
457,457,simon pegg,2.5445735305575448,12.607013533766317,0.5896063753114267
458,458,bd-r,4.844169942317446,7.616317071742765,0.218723123006197
459,459,space action,1.264003938161747,12.833709055554412,0.7961390576560902
460,460,hallucinatory,3.5164077815782617,12.34180309607354,0.4328671119011421
461,461,pixar,2.996061241445761,13.54111004164286,0.5167895846199182
462,462,intense,4.047368279627759,10.493381102043841,0.3472328000039975
463,463,inspirational,3.5105004399610378,11.876244346939085,0.4338198591137703
464,464,post apocalyptic,3.1372884560791965,12.677745890286452,0.4940121927221932
465,465,bradley cooper,2.446351141592861,12.350654286223197,0.6054478677064038
466,466,entertaining,3.5104339191905094,11.097717023242446,0.4338305877092722
467,467,excellent acting,1.7452715685118623,12.500617390183212,0.718519305311426
468,468,investigation,3.8881699181205045,10.755193606198574,0.37290861240983053
469,469,dvd,5.1195808079207765,6.955964921806514,0.1743043384608737
470,470,art house,1.8844963240535866,12.200164332432255,0.6960648737978556
471,471,mother-son relationship,3.6352541719440414,10.920565936736526,0.41369934160971783
472,472,cheesy,4.198984252982987,9.65400771704623,0.3227798894794175
473,473,ridiculous,3.6238645971514334,11.1636601839367,0.4155362737426147
474,474,surprise ending,3.2323662169886553,12.38887143842325,0.47867787187890565
475,475,insanity,3.4447226799865867,11.542349594536756,0.4444286204702932
476,476,martin scorsese,2.733172567824117,13.09643616847794,0.5591887663930297
477,477,psychological thriller,3.6116165529904167,11.197893542312144,0.4175116614365533
478,478,mind bending,3.0242566879541632,11.087892931725928,0.5122421697571373
479,479,freedom,3.3112066715831916,11.260716035714012,0.4659623344638571
480,480,hope,2.92027611627723,11.180402587650986,0.5290123527348469
481,481,aardman,1.0469840699811814,12.788063917518057,0.8311404318598624
482,482,tear jerker,3.3953510546170333,11.343143069470255,0.45239136945312086
483,483,strong female lead,3.7760598700612293,11.451820073377885,0.3909899326918092
484,484,tim burton,2.5770093891050863,13.735762054482755,0.5843750587865335
485,485,jack black,2.7387668763124378,12.689581097944673,0.5582865057546252
486,486,marvel,2.9311263977490882,13.478617346768546,0.5272623988472297
487,487,masterpiece,3.3601162261730173,12.013446616403252,0.45807410912905056
488,488,bruce willis,3.2842734776004727,12.740301552435618,0.4703061708554062
489,489,great ending,3.678624467394887,12.004565364602225,0.40670449845028794
490,490,supernatural,3.7955559924261157,11.282214904627214,0.3878455612564337
491,491,morality,3.1674199419679976,11.436805727391814,0.48915252977173873
492,492,epic,3.7092584619305864,11.102120995750914,0.4017637899562241
493,493,historical,3.842122099208697,10.663582008041823,0.38033529160981383
494,494,medieval,3.2332692230606432,12.277837234969354,0.47853223335419864
495,495,space opera,2.7917998215262703,12.287639225403991,0.5497332521925455
496,496,crime,4.775742861821375,8.77805859393134,0.22975917177995214
497,497,vietnam war,3.2160252306041004,12.253249384819021,0.4813133770245851
498,498,biblical,3.391030939323498,11.871853452816367,0.45308812580662977
499,499,british,3.8710231024880697,11.040285347404954,0.37567408321849677
500,500,british comedy,2.839966677372689,12.796670787437694,0.541964810713736
501,501,controversial,3.853021702947637,11.550158245930048,0.3785773829338116
502,502,monty python,1.4057377015614607,13.65716428414865,0.7732799686166721
503,503,akira kurosawa,1.3665192302937632,13.483172618551592,0.779605197730711
504,504,french,2.849444337045744,11.90035361113754,0.5404362358621626
505,505,stylish,3.682717676303934,11.437111395577423,0.40604433798700457
506,506,farce,3.1163749991799055,11.856995333474156,0.4973851545480547
507,507,mockumentary,3.4779193160113873,12.056323141069887,0.43907460431706374
508,508,long,4.540344405481643,9.06021124587247,0.2677246793918269
509,509,samurai,1.9983937440662511,13.10899807383808,0.6776952827916045
510,510,toshiro mifune,1.1617630728954838,13.023819576028906,0.8126286574982783
511,511,existentialism,3.401880094287125,12.278636176727206,0.45133835360438757
512,512,scifi,3.6862572307881365,11.35892851334286,0.4054734719549916
513,513,memory,3.9327633322999045,11.19252446204203,0.36571650235187797
514,514,anti-war,2.5177490451502744,12.6137250568827,0.5939326789786205
515,515,nature,2.7771217694816612,11.645006087373082,0.5521005561472615
516,516,wilderness,3.471988436137297,11.48451434207978,0.44003114782421365
517,517,deadpan,3.5990825921107277,11.522549232164359,0.4195331623188616
518,518,hip hop,2.333022118196136,12.062989851533253,0.6237257866329625
519,519,clever,3.8252692685120504,10.681011604005244,0.3830533479728163
520,520,sad ending,3.2837131867749267,11.160847138652064,0.4703965356179152
521,521,comic book,3.709697994416224,12.069711494136085,0.40169290132683966
522,522,brutal,3.117184759937145,11.893586624659738,0.49725455480381336
523,523,vengeance,2.765329296193202,11.880360428795669,0.5540024685104832
524,524,intellectual,2.8801384445702505,12.083856398022181,0.5354858322317346
525,525,depression,3.402945233744396,11.218585977862453,0.45116656590109705
526,526,finnish,0.4659877341688986,13.586976721096576,0.9248446181690466
527,527,mythology,3.6753586579729154,11.535356900157177,0.4072312143616695
528,528,cyborgs,2.8952021418189666,12.201627829151324,0.5330563306901709
529,529,nuclear war,3.032534906401228,11.928433057991487,0.5109070430517557
530,530,high fantasy,2.3265100495186646,12.364462947070978,0.6247760653679547
531,531,wizards,2.347212810460149,12.55894374576058,0.6214370849840885
532,532,scarlett johansson,3.4426703798190657,12.62249784118187,0.444759619317284
533,533,007,2.1081447283574573,12.946187597104647,0.6599944367694667
534,534,bond,2.0250554873821707,12.28711903540248,0.6733952264762585
535,535,james bond,2.1587192368306516,13.57539622139959,0.6518376845279193
536,536,sean connery,2.779592805876974,13.484999301747969,0.5517020227306274
537,537,spy thriller,2.414516755589748,12.096727230520996,0.6105821776033908
538,538,business,3.624798863071672,11.293430696667127,0.41538559357054444
539,539,michael douglas,2.7090502132568774,12.752976348376965,0.5630792652951006
540,540,stock market,2.41661001070491,12.11677421560561,0.610244573465097
541,541,daniel craig,1.7502389439878523,12.675626214749753,0.7177181576132756
542,542,poker,2.5418407449410725,12.073196908320487,0.5900471241367888
543,543,spies,2.763534910002994,12.584532527939267,0.5542918705041168
544,544,1920s,3.3013243622514725,11.483057405942427,0.46755617197660104
545,545,leonardo dicaprio,2.665531466459052,13.735341563227232,0.5700980509681365
546,546,prostitution,3.7691244181214403,10.948102021289952,0.3921084954789493
547,547,fairy tale,3.540219452876605,12.511487956926171,0.42902672058343516
548,548,cerebral,3.6995918971467057,11.876063335557413,0.4033228317808376
549,549,satirical,3.972307693455636,11.222416450366403,0.3593387131012216
550,550,neo-noir,3.884639248097096,11.23812836713916,0.3734780455392274
551,551,astronomy,3.0232829105025703,11.449998501542435,0.5123992224236058
552,552,catastrophe,1.6580529213095676,12.519915784090662,0.732586093453304
553,553,natural disaster,2.130100554135524,12.405586383789908,0.656453359722219
554,554,cyberpunk,3.0962344387559413,13.013166726957209,0.5006334621706836
555,555,virtual reality,3.239550906276848,12.782559761570202,0.47751911162150545
556,556,amazing cinematography,2.5594218907316004,12.566561815023313,0.5872116037399496
557,557,fascism,3.3150026105746986,11.275182594755396,0.46535011825429845
558,558,philip k. dick,2.980411663068737,12.567609259843433,0.5193135781763502
559,559,teleportation,2.8663934764267913,11.655477068745316,0.5377026466526514
560,560,alternate history,2.7682492566645553,11.666336325499733,0.5535315317710275
561,561,james franco,2.2532181543187475,12.428616527139404,0.6365967206448326
562,562,robert downey jr.,3.4201592021441254,12.389352496185602,0.4483902645672969
563,563,atmosphere,3.5967834182931444,11.065014528372696,0.4199039774143799
564,564,steampunk,3.018925530055309,12.69814116187198,0.5131019889714866
565,565,artistic,2.973473793500015,11.916144840394725,0.5204325308832506
566,566,sci fi,3.46782606685053,11.643594885943205,0.44070246260383195
567,567,twists & turns,3.487788563945952,12.094285463658629,0.43748287337112063
568,568,joss whedon,1.130982446920739,13.288876270815468,0.8175930149877595
569,569,anne hathaway,2.845960164122106,12.400601089902544,0.5409981698514942
570,570,christian bale,2.8294054547187732,12.891000408341803,0.5436681446492793
571,571,atheism,2.763696535182701,11.764107094283746,0.5542658032898884
572,572,david fincher,2.8233374542389704,13.123186278542645,0.5446468032266844
573,573,meta,3.029256416035339,11.283243273677346,0.5114358041697215
574,574,samuel l. jackson,3.62917318105604,12.064968871216067,0.4146800953046909
575,575,michael cera,2.605524831221278,12.464919420968453,0.5797760344277849
576,576,gwyneth paltrow,2.6943539636325737,12.486491668317859,0.5654495041898376
577,577,humour,3.002805104970194,11.5241476592673,0.5157019215742404
578,578,iron man,2.495879604278719,12.382555023370308,0.5974598237049996
579,579,found footage,3.0498415246494877,12.117044966617057,0.508115798975406
580,580,lovecraftian,2.1960818941972065,11.886618175972615,0.6458117645847461
581,581,visually stunning,4.052329303059145,11.313900654693889,0.3464326767755972
582,582,parallel universe,2.3974555135299527,12.415977713315764,0.6133338469446475
583,583,dystopian,3.2397213478975084,11.663941333353968,0.4774916224750294
584,584,post apocalypse,2.2189342786397197,12.199443374865076,0.642126088862856
585,585,tom hardy,3.017101592775066,12.10053956215949,0.5133961570207312
586,586,x-men,2.223812184743167,12.664315065599652,0.6413393709540811
587,587,colonialism,2.907329298218557,11.916739382669851,0.5311004400027036
588,588,mcu,2.2006588787210326,13.163278509821652,0.6450735798766528
589,589,genocide,2.1250050556748565,12.429731888988266,0.6572751713373111
590,590,steven spielberg,3.2429311990540834,12.941605097858666,0.47697393161837376
591,591,cult,4.024788801500489,10.617614330228342,0.3508744608799542
592,592,satanism,1.2089155413880734,12.89697123212904,0.8050238183276659
593,593,scientist,3.1625936882028647,11.257659129753232,0.4899309170938397
594,594,thoughtful sci-fi,0.826517335241143,12.955907617723225,0.8666977232120969
595,595,claustrophobic,3.856053543539777,11.003501564757325,0.3780884019571787
596,596,body horror,3.1510333209004404,11.42009955264886,0.4917953949652784
597,597,product placement,3.8837802994823094,10.222711170231827,0.3736165783940302
598,598,photography,3.8866828834210305,10.70972482578479,0.3731484441745747
599,599,alien invasion,3.749119204907258,11.699427340857351,0.3953349740479679
600,600,dc comics,3.0804025707577223,12.017451635631243,0.5031868557414941
601,601,own,4.384764992396844,8.399557287604729,0.29281682096134226
602,602,disney animated feature,2.8635817496902045,12.280385108344259,0.5381561272509539
603,603,80s,3.3259475978411865,11.498640528064303,0.463584890037262
604,604,star trek,2.3583718074928286,13.012776766961753,0.6196373408677819
605,605,campy,3.830819698030493,11.002681302740852,0.3821581642175436
606,606,favorite,4.155040723269923,9.61636480871061,0.32986718494326794
607,607,prequel,3.347904629563171,11.049357198722642,0.46004361849310155
608,608,dumb,3.122447647904825,11.356501490625508,0.49640574629289846
609,609,gothic,3.1661148750038137,12.398254471729597,0.4893630134364711
610,610,nicole kidman,2.8184772167013885,12.697783598166726,0.5454306715157877
611,611,black and white,4.145952369999046,11.221649993613378,0.33133297172305426
612,612,unusual,3.3913551707744,11.086773359113517,0.45303583314588497
613,613,based on true story,2.8077977836232018,12.007140484239754,0.5471530706518094
614,614,owned,4.773771020080131,8.540510230333272,0.23007719413999925
615,615,john cusack,3.2201564024815683,12.569202730586102,0.480647093822058
616,616,greek mythology,2.170105591393677,12.156799076433819,0.6500012717597313
617,617,alcoholic,3.8984982013414817,10.415080678834297,0.37124284738596103
618,618,bad script,3.2850901312188023,11.357700893284282,0.4701744594175104
619,619,hitman,3.2942341868306335,11.106425490169435,0.46869968885897556
620,620,keanu reeves,3.2955570108199304,12.601665324773553,0.4684863413076971
621,621,secret society,2.448239492043302,11.436598207405712,0.605143310979419
622,622,apocalyptic,2.6590959769498386,11.436914979974715,0.5711359788702446
623,623,desert,3.1597114747305337,11.205601362639388,0.4903957659260041
624,624,harry potter,1.3629948355337855,12.91503421321924,0.7801736187737702
625,625,world war i,2.444146890493423,12.476243375872869,0.6058033734866687
626,626,over the top,3.902732005479482,10.340097786219367,0.370560011458624
627,627,androids,3.0074703010815202,12.25255493800006,0.5149495099347188
628,628,jared leto,2.8945501954298,11.903956815590817,0.5331614778350813
629,629,ryan gosling,3.044723155750809,12.758773394423791,0.5089412991779338
630,630,mafia,3.2774671237069493,11.835869780677712,0.47140391246583013
631,631,marlon brando,2.2445082426567797,12.576754061131123,0.6380014716472094
632,632,boxing,2.564113644881976,13.081978373813715,0.5864549087697326
633,633,robert de niro,2.799675300542022,13.048142225387496,0.5484630800632595
634,634,1970s,3.72008941683101,10.45018811762916,0.400016953094548
635,635,al pacino,2.8665564855608388,13.186057612317125,0.5376763562316533
636,636,david lynch,1.7874178001707015,13.058518869443807,0.7117218814721371
637,637,mel gibson,2.8488214269708823,12.794201990051503,0.5405366999754639
638,638,finance,1.7565063161356536,12.204196483958661,0.7167073439967224
639,639,divorce,3.812389589107391,11.140822898374669,0.38513060699175566
640,640,double life,3.217197624362065,11.317838915029341,0.48112429114511834
641,641,prison escape,3.106564261334749,12.323911544297081,0.498967448876276
642,642,royalty,3.6153670731639544,11.315153307640179,0.41690677045973473
643,643,batman,2.343567650563754,12.891433322859905,0.6220249832564261
644,644,mask,3.209758465310386,10.754514098687313,0.482324092766565
645,645,vigilante,3.572889392279257,11.878538165565029,0.4237576510561448
646,646,scenic,3.4029293833587406,11.45975327685454,0.4511691222812306
647,647,on the run,3.6515763465291,10.805887439196848,0.4110668704665891
648,648,car chase,3.568869313060253,11.30883077887756,0.4244060170249053
649,649,sniper,2.392866258604106,11.921602033990249,0.6140740106463526
650,650,good music,3.3848052502232435,11.422818000220271,0.454092216702552
651,651,independent film,4.045774364191912,10.055970303807666,0.3474898696957587
652,652,good dialogue,3.2062059676764716,12.145587431687158,0.48289704629420793
653,653,gangster,3.781620006754054,11.027225754949889,0.39009318334511917
654,654,organized crime,3.7970989155287604,11.571838149796356,0.3875967157044754
655,655,gangsters,3.2630345011784065,11.883402208378495,0.4737316330846769
656,656,dramatic,2.648618567046779,12.37720895238396,0.5728257953270409
657,657,grim,3.2689473907977202,11.634579352493033,0.47277799107979374
658,658,addiction,3.1630671166005904,11.2727512680794,0.4898545616677379
659,659,drug abuse,3.305752148327711,11.459497023049416,0.4668420502759108
660,660,alien,3.806556289550226,11.09749688227851,0.3860714125611017
661,661,mental hospital,2.723291511212447,11.888416673623118,0.5607824018647183
662,662,psychiatrist,3.232294195213261,11.066317253998998,0.47868948768686154
663,663,downbeat,3.519901679597101,10.914750529786803,0.43230360943008966
664,664,somber,3.8160617086085353,10.758458090275395,0.3845383606234481
665,665,tragedy,3.1266656945435845,11.263507152636645,0.49572545176479865
666,666,wwii,3.400876846419331,11.384260253868524,0.4515001593152388
667,667,psychopath,3.816114609548092,10.439274979865495,0.38452982866000773
668,668,paranoid,3.431790226096884,11.889811407251733,0.4465143910578502
669,669,ending,4.332479734917799,9.765892637079366,0.30124948603347296
670,670,kung fu,2.31726668410752,13.36311633666077,0.6262668527984792
671,671,martial arts,3.01007512074615,12.253108206446543,0.5145293996997462
672,672,brutality,2.783714178467208,12.467492770729029,0.5510373199756524
673,673,africa,2.8109001064771557,12.283027856540217,0.5466527221628784
674,674,isolation,3.635096328137876,11.339831133179949,0.4137247989568799
675,675,madness,2.3856000707151015,11.824724341676625,0.6152459151520099
676,676,bullying,3.66393914601683,10.902433714647172,0.4090729748168313
677,677,gang,3.5832189725358514,10.633346211477516,0.42209167684392135
678,678,realistic,4.047017379848137,10.413823773771387,0.347289393783164
679,679,suburbia,3.030779780381482,11.873342025671871,0.5111901130909504
680,680,gangs,3.0193329225048045,11.85927213230526,0.5130362839478307
681,681,police corruption,3.4923954223175877,11.303469651432028,0.43673987055243285
682,682,slow paced,3.8705878168615633,10.531118898032341,0.3757442869064199
683,683,tension,3.1292922122598026,11.384617934872598,0.495301842027087
684,684,capitalism,3.3617992487790636,11.14639919172159,0.4578026680645918
685,685,greed,3.4724011408301556,11.069232842758813,0.43996458603191557
686,686,bleak,3.88831788417683,11.04559190299185,0.3728847481648177
687,687,cannibalism,2.365503388833438,12.524010437182557,0.6184871459604676
688,688,mentor,2.6149642396043573,13.125702049358058,0.5782536288165001
689,689,sacrifice,3.534573447804877,10.874734010910153,0.4299373189444457
690,690,immigrants,2.748387438100412,11.97245395680384,0.5567348833800728
691,691,train,3.7009477323922453,10.905889738134487,0.4031041601118073
692,692,amnesia,3.691640532372056,11.43962297149296,0.40460524290863653
693,693,blood,3.9412971435264477,10.515187360667667,0.36434015316030965
694,694,mutation,3.145354410603047,10.747575846105194,0.4927113003432291
695,695,bad plot,3.558709940006676,10.656625967712339,0.4260445398979729
696,696,end of the world,3.4812301965876675,11.790597568049579,0.43854061924479393
697,697,gore,3.8279259952446596,11.067309282502993,0.38262486606788837
698,698,beautiful scenery,3.0575607925283808,12.300615218899736,0.5068708208732928
699,699,economics,2.2338304359125356,12.07273262479007,0.6397236084850214
700,700,financial crisis,1.8448263572724755,12.189980223541292,0.7024629209609918
701,701,investigative journalism,2.3318825296035692,12.356388246976294,0.6239095816333982
702,702,money,3.6537865121917603,10.325852358778953,0.4107104107743975
703,703,religion,4.570537901460705,9.629688043958167,0.2628550153369029
704,704,beautiful cinematography,2.8913307670341863,12.059615488236332,0.5336807133269367
705,705,existential,3.286098259563694,11.231724605858076,0.4700118665740956
706,706,bollywood,1.8457502520449882,13.719396864891058,0.7023139134672138
707,707,india,2.5020159582120334,13.187160813475213,0.5964701409535199
708,708,dreams,3.550755581434729,11.764026699981365,0.42732743387105404
709,709,police,3.896128550004155,9.148077577066482,0.37162502922896734
710,710,visual effects,2.970092568083065,11.673126993157911,0.5209778613042768
711,711,slavery,3.78871575556514,11.04520475383227,0.3889487675758396
712,712,relationship,4.164534857215813,10.160724900681078,0.32833595308985836
713,713,invasion,3.284918600261653,10.999113714226787,0.47020212425423275
714,714,military,3.390091312465874,10.706815321121748,0.45323967060080617
715,715,dark hero,3.0316232953153293,12.825084046748309,0.5110540694093576
716,716,sociopath,2.6018241628466994,11.469599892736666,0.5803728852123173
717,717,magical realism,2.7969972840356667,11.937018960985231,0.5488949956231051
718,718,paradox,2.23012945745094,12.30793570428887,0.6403205092809736
719,719,witch,3.74154361284704,11.409226004884914,0.39655677984269916
720,720,witchcraft,2.4770647309599525,11.96771281128324,0.6004943220076103
721,721,cyborg,3.4796179353427346,11.051103114084352,0.4388006477832925
722,722,open ending,2.9457180753049945,11.303060224199973,0.5249090255331784
723,723,ambition,3.7825871194484137,10.486727898711223,0.38993720558328426
724,724,pacing,3.2344760801614583,10.639070474822425,0.4783375891617095
725,725,poetic,2.9145405256921855,11.334558335969694,0.5299373996166363
726,726,practical effects,3.2568873474195983,11.2152865139863,0.4747230576524089
727,727,black humor,2.4894747301998743,12.116234424511049,0.5984928138926776
728,728,cold war,3.3567490816894656,11.684087053860443,0.4586171685505451
729,729,overrated,4.9195814316917215,7.598604744279975,0.2065606155778141
730,730,demon,3.283041335496468,11.114743996901364,0.47050489306096305
731,731,grief,3.593177793644414,10.853644673784258,0.420485499367308
732,732,visual,2.915282393103677,11.635269464264198,0.5298177498394205
733,733,ironic,3.111206692463364,11.401958779153043,0.4982187088161599
734,734,mutant,3.255071456184261,10.699620621467446,0.4750159280203354
735,735,sarcasm,2.1652591952410383,12.292277406772067,0.6507829076841302
736,736,transhumanism,2.149371093751785,11.712173199185582,0.6533453706985771
737,737,suspenseful,3.3341365806350374,11.755201678459514,0.4622641554265611
738,738,creepy,3.8418167323541894,11.192411993410948,0.3803845417528245
739,739,weak plot,3.325973336745179,11.486818842395422,0.4635807388182156
740,740,unlikely friendships,2.9398234452367418,11.936927065997338,0.5258597226031816
741,741,dancing,2.9257032879245024,11.92742140876886,0.5281370482418213
742,742,women,2.740866920479436,12.124698675544973,0.5579478066652295
743,743,musicians,2.7668435778331535,12.017063132278054,0.5537582423077203
744,744,splatter,2.6402275699510263,12.481219479052758,0.5741791111858767
745,745,screwball comedy,2.408984469823274,12.73598814370878,0.6114744351000798
746,746,noir thriller,1.9923489051915575,13.274090003450985,0.6786702058215948
747,747,adrien brody,2.8299098826040217,11.678464354367629,0.5435867895672841
748,748,woody allen,1.7368491722375707,13.771706581422524,0.719877685289077
749,749,dysfunctional family,3.1301558712836437,11.60255347942199,0.49516254946861593
750,750,love triangles,3.257262219642958,11.178127041982622,0.474662597552242
751,751,1960s,3.7237923726177073,10.576946809258974,0.39941973339186904
752,752,communism,2.766329871981848,11.921255431687385,0.5538410937576035
753,753,german,2.4564508957947426,11.938874675721266,0.6038189602743338
754,754,revolution,3.14376315668064,11.66316213015136,0.4929679407810762
755,755,tilda swinton,3.208047648858771,11.62054650538892,0.4826000164749286
756,756,feel good movie,2.9759700411477126,12.10848192775968,0.5200299313482178
757,757,bdsm,2.4715615317575397,12.020831238810121,0.6013818883683146
758,758,father-son relationship,3.9875603618116378,10.877856597637937,0.35687873394258407
759,759,surveillance,2.9375117539225872,11.78826205869495,0.5262325565441874
760,760,hero,3.84528985805023,10.380993006061509,0.37982438948122366
761,761,russia,3.270670743557205,11.540415944307682,0.4725000454920209
762,762,nostalgia,2.558617238971313,12.054284349003964,0.5873413794955137
763,763,sequel,4.639818735281285,9.117436667772614,0.25168127161457293
764,764,mother,2.880755833921101,10.92815525127751,0.5353862585112282
765,765,filmmaking,1.355494191950378,12.219818745423332,0.781383336736614
766,766,movie business,3.3143579585853216,11.22200188819729,0.4654540889446346
767,767,heist,3.8074400568043236,11.041118022000106,0.3859288769092785
768,768,robin williams,2.6561781696208975,13.509931624600053,0.5716065683468255
769,769,scotland,3.0754208639656975,12.09085677718885,0.5039903148213608
770,770,indie,2.6476198734269643,11.869942316107508,0.5729868665201769
771,771,afi 100,3.7965757998429774,11.507214699981056,0.3876810847902345
772,772,imdb top 250,4.92596600706287,9.217770897188814,0.20553089920404952
773,773,minimalist,2.451100701623229,12.583696689766283,0.6046818496946894
774,774,edward norton,2.3461017952218914,13.907529573018003,0.6216162716199775
775,775,jake gyllenhaal,2.8912833449832562,12.542236545598064,0.5336883616448719
776,776,philip seymour hoffman,2.7066034326701445,12.957598662640546,0.5634738866891174
777,777,complex,3.2419881251033855,11.695109841239834,0.4771260323662313
778,778,sean penn,2.8424173228931293,12.26033659315807,0.5415695659759115
779,779,imaginary friend,3.350035308007021,11.138453251968706,0.45969997864967926
780,780,based on a comic,3.390967908897647,12.121678783850063,0.4530982914727502
781,781,benedict cumberbatch,1.9099735194280996,12.587781793974278,0.6919558636116361
782,782,mads mikkelsen,1.9412148904492996,12.671990387733386,0.6869171962908998
783,783,good story,2.6648302506505326,11.650586713872519,0.5702111443780503
784,784,storytelling,3.618387916866509,11.886770345190453,0.41641956308222283
785,785,stanley kubrick,2.520349447753274,13.757729324072407,0.5935132811356897
786,786,road trip,3.5185373034413177,11.5966817372577,0.43252365859325453
787,787,terry gilliam,2.3822694337950834,12.867306869262945,0.6157830865647096
788,788,rachel weisz,3.2681649076169803,11.583274595969439,0.4729041914449808
789,789,treasure,2.468714679133857,13.040303316438322,0.6018410341360265
790,790,chess,2.4388487052697796,11.887269503031533,0.6066578748056878
791,791,costume drama,2.775973886174228,12.328241370178016,0.5522856889349762
792,792,brazil,1.9528840550719155,12.937349688006758,0.685035171382186
793,793,exciting,3.6067513258782027,10.752183254897584,0.4182963344536766
794,794,writing,3.3937406697377743,11.059053602990318,0.45265109536781983
795,795,symbolism,3.4095765742200514,11.094638108833673,0.45009705078523715
796,796,hacker,2.1397133884359407,11.7388045304403,0.6549029836514538
797,797,youtube,3.47389682785728,10.796868628496684,0.4397233588034272
798,798,disappointing,3.939865240769756,10.562650256084234,0.36457109314119973
799,799,obsession,3.7663804065683806,10.698397592775748,0.3925510548445656
800,800,r,3.9648008029531856,8.632529188738168,0.3605494385789663
801,801,arnold,2.556357525107707,13.515377280946531,0.5877058304151306
802,802,spielberg,2.5869937058362567,12.767891020530946,0.582764769327755
803,803,stranded,2.515201410781915,12.810313323676112,0.5943435662610105
804,804,jesus,2.927049527277699,11.794653893937037,0.5279199242164307
805,805,dragon,2.7922380676233947,12.30829914816162,0.5496625710343299
806,806,short-term memory loss,3.2766975446523805,11.737799232780866,0.47152803162917756
807,807,vincent price,2.906049205837778,11.847922025107241,0.5313068957194576
808,808,pirates,2.594286797586225,12.99858767483088,0.5815885257165908
809,809,hitchcock,2.337137786975023,12.40486032489381,0.6230620037994538
810,810,london,3.4769224287793907,11.096158707557786,0.43923538417256086
811,811,claymation,2.304617878446429,12.918285325591459,0.6283068760640278
812,812,village,3.4607746538560002,10.809418693598975,0.44183972780888464
813,813,south africa,2.4350257610750443,12.322461930894352,0.607274446465425
814,814,civil war,3.3004947701991147,11.607806883393623,0.4676899701495724
815,815,seen more than once,4.790873144921488,8.24154165907601,0.22731893114652119
816,816,ethics,3.406023718830678,11.184728569344678,0.45067006201235615
817,817,thrilling,3.5173961513305536,10.877105266033874,0.4327077057608579
818,818,meg ryan,2.5719536331742363,13.524401356431865,0.585190460651359
819,819,james mcavoy,2.5726705668635717,12.095950276626324,0.5850748322319425
820,820,18th century,2.6686415739704525,12.5635290982728,0.5695964469549504
821,821,russian,2.130604032920085,12.379901890722323,0.6563721577129752
822,822,ussr,2.4192119672783994,11.812822909067062,0.6098249249948707
823,823,based on a tv show,3.497398442805514,11.94765579669038,0.4359329739594382
824,824,sherlock holmes,3.0448432029717303,11.418483748444824,0.5089219377354225
825,825,sword fight,2.739360829831549,12.434558619852437,0.5581907118093228
826,826,antonio banderas,2.4920138183389744,12.56698942342349,0.598083304962283
827,827,vampires,2.738143678837937,13.0631846886598,0.5583870162202832
828,828,anthony hopkins,3.0795484360822902,12.678062157790317,0.5033246121950661
829,829,drew barrymore,3.0360806314336246,12.12630107436295,0.5103351818220763
830,830,historically inaccurate,3.2999038255633932,11.217958695324981,0.4677852788164793
831,831,colourful,2.279777282037319,13.053069874291591,0.6323132143668265
832,832,france,3.9677783408672775,10.575739125087201,0.360069215640805
833,833,magic realism,2.6547799168317847,12.092812896267294,0.5718320811973931
834,834,fantasy world,3.012643715246595,12.554841424959504,0.5141151319276682
835,835,latin america,3.1871721452099813,11.013389538323729,0.4859668571288708
836,836,mexico,3.6076255950596714,11.292128826330035,0.418155330668945
837,837,spain,3.1727709676808846,11.473790058354725,0.4882895062388199
838,838,epic adventure,2.573770992653042,11.858147724278552,0.584897353482353
839,839,narrated,4.141698730210573,11.20861511385441,0.3320190067815611
840,840,amy adams,2.824761433336483,11.929675098851238,0.5444171411885114
841,841,ireland,3.342033494823876,11.628119666922519,0.46099052619207714
842,842,roman polanski,2.173670634082908,12.992810505776685,0.6494262949418743
843,843,multiple roles,2.5420596259069246,12.11382084235065,0.5900118226012377
844,844,hugh jackman,3.0277211315740895,12.708529310453788,0.5116834177471692
845,845,criminal,3.711383940882901,10.500081753988718,0.40142098869661635
846,846,unlikeable characters,3.747704304909594,10.772788972585357,0.3955631717917706
847,847,jeff bridges,3.4078341545408186,11.775054343383417,0.45037807152183673
848,848,john goodman,3.1685033073387565,11.80317918541148,0.48897780255869944
849,849,steve buscemi,3.211030862743795,12.204019967495158,0.4821188781054557
850,850,social criticism,2.6343971007943017,11.966936429934028,0.5751194602628943
851,851,jodie foster,1.8672350932202768,13.233474539733919,0.6988487977062033
852,852,easily confused with other movie(s) (title),4.038476053325639,10.230010252311276,0.3486669550558573
853,853,jean reno,2.461348159714894,12.550886825801921,0.6030291203003217
854,854,oscar (best supporting actor),3.7028973821232225,11.418247437615648,0.4027897169210878
855,855,beautifully filmed,2.949118951670594,12.816899384980315,0.5243605257700412
856,856,notable soundtrack,3.2565571841155125,11.980168519198546,0.4747763070136381
857,857,whimsical,3.5431274485311612,12.115920749605731,0.42855771355222927
858,858,south america,2.903033546800044,11.77378367331342,0.5317932669044353
859,859,new zealand,2.9131513844079877,12.311665339086685,0.5301614429464833
860,860,charlie kaufman,2.034471228889987,12.394046244650195,0.6718766379033133
861,861,directorial debut,4.160286017668084,9.657795437899722,0.3290212139564722
862,862,gambling,3.663877863690842,10.95301905388758,0.40908285854610443
863,863,motorcycle,3.4398562955034535,10.966024950138786,0.44521348015038414
864,864,new jersey,2.3502976150367236,11.957342579918626,0.6209395618760182
865,865,ensemble cast,4.066466189058155,10.329994862021252,0.3441526531027613
866,866,jack nicholson,2.6760788528195074,13.474689664458928,0.5683969485761338
867,867,heath ledger,2.927558982732108,12.1249587300214,0.5278377582785864
868,868,michael caine,3.530058970844899,11.73893127737815,0.4306654223145898
869,869,angelina jolie,2.0534636705708427,13.322529272491547,0.6688135010399094
870,870,dustin hoffman,2.5868138283237903,13.013358071118866,0.5827937803126821
871,871,good versus evil,3.1934063665159993,12.036881206982796,0.484961390142689
872,872,jackie chan,1.6091847958342889,13.910992478057167,0.7404676370222735
873,873,seth rogen,2.458883316737497,13.035418420317292,0.6034266548308175
874,874,nazis,3.823433603328871,11.777992252720093,0.3833494075203958
875,875,cute,3.926504544065846,10.824387120776331,0.36672593153861116
876,876,los angeles,4.4810205445371425,9.318645682774505,0.27729254372396905
877,877,zooey deschanel,2.610046369871145,12.3018665447895,0.5790467921349588
878,878,animated,3.68011185255751,11.377593780215616,0.4064646101621852
879,879,cgi,3.958252046353334,10.834144509110086,0.3616056344113687
880,880,dragons,2.1513645406243334,12.897824660874484,0.6530238638221497
881,881,dreamworks,2.6539945838836836,12.790413148253354,0.5719587411784424
882,882,flying,3.4151464922218464,11.070879166393091,0.4491987238905634
883,883,gerard butler,2.9111007846012216,11.576839311620681,0.5304921675560802
884,884,stereoscopic 3-d,3.2599713867468663,11.147346875326242,0.47422565796519206
885,885,chase,4.219206410314255,10.142978838818228,0.31951842175347467
886,886,paranoia,3.6854248199790973,11.112480961770743,0.4056077247423641
887,887,spaghetti western,1.8085847330750866,12.811408032937878,0.7083080385574595
888,888,hostage,3.7006682941623383,10.85994441071186,0.4031492284372735
889,889,fast paced,2.624686775049989,11.840872888359236,0.5766855599378532
890,890,caper,2.951966256455637,11.451923347731263,0.5239013070768912
891,891,cheating,3.1891739964995938,10.788527434313796,0.4856439947721867
892,892,killer,3.692455566356527,10.606718912128269,0.4044737926883483
893,893,private detective,2.776746900287142,11.69188699381275,0.5521610157589314
894,894,football,2.087339929789307,12.902465015251433,0.6633498739744698
895,895,competition,3.7846511506357126,10.914319738844938,0.38960431473526846
896,896,experiment,4.038745379707857,10.414244628066204,0.3486235175882836
897,897,gripping,2.7124715598597477,11.441381597829324,0.5625274640534361
898,898,psychothriller,2.005567068548711,12.495975146168895,0.6765383554715365
899,899,love triangle,3.882926439060964,10.523528713732807,0.3737542906153851
900,900,ship,3.5975235464066997,10.631478136123295,0.41978460815442015
901,901,netflix,4.525158232237343,9.301960798737994,0.2701739340932665
902,902,complicated plot,2.2485748581787073,12.441903887984182,0.637345600215625
903,903,denis villeneuve,1.9872248041748906,12.47507230348709,0.6794966305109372
904,904,homosexuality,3.8217623959182645,11.042291072230304,0.3836189430078199
905,905,sigourney weaver,2.791038009289257,12.485298223673773,0.5498561187088892
906,906,gary oldman,2.125451651646428,13.58176598128824,0.6572031434955752
907,907,luc besson,2.0407339712669437,12.45075784276257,0.6708665709849456
908,908,netflix streaming,3.148558958898355,10.605804559208213,0.49219446474205353
909,909,kevin spacey,3.2025122911542723,12.655090679894094,0.4834927694195838
910,910,modern fantasy,2.418613561913581,12.784299880276073,0.6099214369422568
911,911,imaginative,3.4439924033756304,11.664063502073585,0.44454640086130826
912,912,rock and roll,3.265782689592648,11.779209634247422,0.47328840006700085
913,913,dream,4.102912212426338,10.270690393253833,0.3382745696219999
914,914,kate winslet,2.881173450953079,12.251092661752875,0.5353189044475996
915,915,melancholy,3.6200371906246644,11.74085508471121,0.41615356509568996
916,916,keira knightley,2.4097849231060624,13.104534726845953,0.611345336482896
917,917,michael fassbender,2.801670879049529,12.11017730037094,0.5481412293927203
918,918,mutants,2.30264377051544,12.092670586201773,0.6286252639194368
919,919,captain america,2.1068165262919227,12.33102261260851,0.6602086517070379
920,920,chris evans,2.817079071804608,11.656825336286161,0.5456561669652762
921,921,colin firth,2.864360186109068,12.553732268573427,0.5380305795551649
922,922,cars,2.6850863832511744,11.716565047174335,0.5669441970564972
923,923,cate blanchett,2.887678897925971,12.264086913904341,0.5342696936736276
924,924,bill murray,3.178527825248989,13.258682624967044,0.4873610293778378
925,925,wes anderson,2.027074296851641,13.411483259795766,0.6730696290722997
926,926,sweden,1.8051744283886066,11.636831655128598,0.7088580589379946
927,927,pointless,3.939964992384838,10.27599799876114,0.3645550050123284
928,928,italian,2.501669119636575,12.208425157475553,0.596526079734009
929,929,less than 300 ratings,4.2532432034033425,10.432565222209128,0.31402890348219686
930,930,vietnam,3.072722883070048,11.631451295850045,0.5044254502756165
931,931,bank robbery,2.1744540276709623,12.57765814147307,0.6492999477444762
932,932,clive owen,3.0145488142589048,11.938817520994608,0.5138078739609938
933,933,denzel washington,3.044495025612848,12.819516533877618,0.5089780924374306
934,934,russell crowe,2.208803797193659,13.184269907770956,0.6437599520428987
935,935,explosions,2.916388729084161,11.885948595761581,0.5296393178830625
936,936,iraq war,2.684935854481755,11.161629171043401,0.5669684746207178
937,937,middle east,2.792078956092317,11.99330904371292,0.5496882328425601
938,938,thoughtful,2.560843197847051,11.821398387630026,0.5869823726440899
939,939,mark wahlberg,2.85334132161829,12.478210029704059,0.5398077228304593
940,940,fbi,3.6980016648279577,10.598455709442064,0.40357930745251724
941,941,liam neeson,2.488672143819019,12.469075718617015,0.5986222565399462
942,942,jason statham,1.2651844746308616,13.628009411040694,0.7959486585047909
943,943,ethan hawke,2.242571081084433,12.68344046024709,0.6383139007241199
944,944,genetic engineering,2.95482981816813,11.581768113675485,0.5234394664357791
945,945,afterlife,3.2627602742478556,11.461828491835997,0.473775860921941
946,946,ghosts/afterlife,3.3488186449674906,11.648938598893087,0.4598962043624839
947,947,1950s,3.688820731921718,10.990750025804884,0.4050600256507407
948,948,great cast,3.002300914810309,11.49291998820366,0.5157832383154399
949,949,male nudity,3.6117007076277963,10.911289643488338,0.41749808881770234
950,950,elijah wood,3.2492030934471714,11.15768089802777,0.47596238864556
951,951,naomi watts,2.40523816498656,12.541262900644723,0.6120786462194143
952,952,honest,2.603686255978573,11.822098769984038,0.5800725633152606
953,953,kevin bacon,2.8967276246604112,12.229675164784885,0.5328102979364766
954,954,joseph gordon-levitt,3.161702466541405,12.100867950133614,0.49007465500656067
955,955,emma thompson,2.6298066650947396,12.704101706620541,0.5758598144020142
956,956,maggie gyllenhaal,1.895911372143624,12.473054896755166,0.6942238332834404
957,957,identity,2.9002896318052445,11.75353385271556,0.532235810696953
958,958,moving,3.299211867032118,11.220667717609086,0.46789687919523587
959,959,justice,3.9613833576688258,10.822397866946982,0.36110061060861326
960,960,transformation,3.1188569219537836,11.178415855080537,0.4969848653557256
961,961,airplane,3.6811564383439714,10.929584799975597,0.40629613739374054
962,962,anna kendrick,2.9657352993710515,11.498235285268153,0.5216806098312857
963,963,nudity (rear),4.105238463679784,10.215707054877338,0.3378993874264871
964,964,self discovery,2.6313531891945265,12.448060455928946,0.5756103880744359
965,965,ellen page,2.8974305326996177,12.098524562068732,0.5326969316004015
966,966,emily blunt,3.190990014758656,11.754707180543317,0.4853511039176341
967,967,vacation,3.1760329925893203,11.073703391575743,0.48776340070092883
968,968,3d,3.5471860890935902,10.985684235961958,0.42790312833717425
969,969,sandra bullock,2.6162868660893235,13.375755718308053,0.5780403131190931
970,970,ben stiller,2.2232669182663143,13.671738979449735,0.641427312561258
971,971,iceland,3.442988442558663,10.481206622637526,0.4447083215579486
972,972,photographer,3.5173696849325378,10.715437579125123,0.43271197431151426
973,973,workplace,2.7719080263185276,11.887418594985721,0.5529414384912844
974,974,corny,3.3256275520509657,10.764469344125654,0.46363650762674713
975,975,relativity,1.470626367540433,12.042389555909676,0.7628146020188825
976,976,childhood,3.535355439690914,11.107352935079966,0.42981119781619626
977,977,growing up,1.6244575243136326,12.11462408725205,0.738004422529058
978,978,water,2.8972684914339104,11.000926514411494,0.5327230659217659
979,979,dog,3.2750555474932894,10.493884391834172,0.4717928560320708
980,980,time,3.254460046478834,11.097361990974166,0.47511453733233466
981,981,tarantino,2.3332136556661527,13.063540910992206,0.6236948951080606
982,982,christianity,4.164778278911873,10.697379279033594,0.3282966935789916
983,983,autism,1.9164306510162883,12.41897653065461,0.6909144452341577
984,984,video game adaptation,2.1285239091687163,12.488589005102913,0.6567076440001164
985,985,psychedelic,2.1813567012665938,12.735182275581488,0.648186671510587
986,986,john travolta,2.263095904646087,13.62073162618444,0.6350036184169252
987,987,john malkovich,2.3536683873560222,12.62707109826081,0.6203959173503228
988,988,jennifer lawrence,2.0249502628737814,13.200465594304728,0.6734121972836983
989,989,realism,2.0021600717658807,12.760387343550905,0.6770878423471238
990,990,alter ego,2.156952687142763,11.991707021687127,0.652122596997887
991,991,emma watson,1.993663554280989,12.944570612562552,0.6784581767336056
992,992,cartoon,3.422862710377527,11.455778913531343,0.4479542376535696
993,993,femme fatale,2.3679760928254288,12.266306251828873,0.6180883435906919
994,994,milla jovovich,1.4801940380591225,13.212122241508467,0.7612715100481307
995,995,flashback,3.8397079046898797,10.375960846450704,0.3807246574612552
996,996,slapstick,3.2969177399610263,11.613256424810306,0.4682668803419488
997,997,pregnancy,4.2384369755451345,10.559886389275533,0.3164168798742029
998,998,visuals,2.9784833428492883,11.63111803967944,0.5196245813031675
999,999,forest whitaker,3.0967762354237007,11.850190840928171,0.5005460801808705
1000,1000,affair,2.008976030847706,11.451639567721886,0.6759885515937902
1001,1001,vampire,2.9813385726717234,12.093916576714843,0.5191640844450195
1002,1002,werewolves,2.6562343330047717,12.353959627385443,0.5715975102102042
1003,1003,writer,4.042695389156611,10.333524466030475,0.3479864526044027
1004,1004,san francisco,3.5794008701573974,11.171815567419635,0.4227074676063846
1005,1005,shooting,2.692292288383049,11.464087535389357,0.5657820150677598
1006,1006,adam sandler,1.9727654061324376,13.425684813895439,0.6818286695352357
1007,1007,oscar (best cinematography),3.793542873937654,11.772869856254246,0.3881702408082273
1008,1008,kevin costner,2.234315374222388,12.452546567274002,0.6396453967185542
1009,1009,family relationships,3.5760188242047963,11.040552729706857,0.4232529303649503
1010,1010,cancer,3.631987127218352,10.9116813083164,0.414226256753216
1011,1011,paranormal,2.695416493867664,12.102955997541024,0.5652781373068283
1012,1012,jewish,3.253712385108689,11.149568388822729,0.4752351215701445
1013,1013,wedding,3.903415466662488,10.60680372314135,0.3704497815482444
1014,1014,baseball,3.0686990459430983,11.956779792603546,0.5050744223268676
1015,1015,characters,4.430117019579945,9.30483884747711,0.28550236036543675
1016,1016,battle,3.539803296561073,10.512293507581802,0.4290938390599568
1017,1017,loss,3.5586883362661923,10.562504908941278,0.42604802419003895
1018,1018,doctor,3.7031494350244456,10.539635817252627,0.4027490653531515
1019,1019,funeral,3.728225919220938,10.566815689313618,0.39870468262250613
1020,1020,thief,4.05587107712726,10.05858834638986,0.34586145276489894
1021,1021,creative,3.3847383519555545,11.18844692747961,0.45410300618150895
1022,1022,civil rights,2.122266809740685,12.537701416965305,0.6577168008130242
1023,1023,feel good,3.4199751154214475,11.111385216434778,0.4484199544215965
1024,1024,sexism,3.014122147588275,11.398427092554588,0.5138766875674354
1025,1025,strong female character,3.335506538651949,11.165401939466609,0.4620432060102916
1026,1026,jessica alba,2.9925902911575424,11.588339885198819,0.5173493860376369
1027,1027,godzilla,2.9052714308948864,11.17676869919325,0.5314323367311524
1028,1028,underwater,3.3708398189027737,11.54708147306956,0.4563445878410237
1029,1029,bechdel test:pass,4.473265993526055,9.313611543120635,0.27854321235627827
1030,1030,infection,2.0027159561978434,11.4770314063865,0.6769981882560938
1031,1031,korean,2.1752452182391124,11.901533343516544,0.6491723430354029
1032,1032,trains,3.8926299208592186,11.072143981769216,0.37218929474497187
1033,1033,fighting,3.5959520934216593,11.061373402301896,0.42003805505969277
1034,1034,action packed,2.5849519831654,12.517431262380368,0.5830940622161072
1035,1035,zombie,2.7967679858393026,12.137761646599738,0.5489319772692671
1036,1036,humphrey bogart,1.5892422679559361,13.253601237721066,0.7436840055819421
1037,1037,audrey hepburn,1.2252515053988327,13.308723168802231,0.8023891231999175
1038,1038,rome,3.112213960451111,11.633160606895656,0.49805625473277026
1039,1039,highly quotable,3.43764221560761,11.86467026201571,0.44557057113749593
1040,1040,understated,3.8278544671198116,10.986333997029783,0.38263640225895185
1041,1041,con artists,2.7572338234406137,11.885363589134688,0.5553081216451262
1042,1042,steve martin,1.8475030235332228,12.96438536591749,0.702031223171308
1043,1043,wealth,3.6721727084215408,10.332676477524803,0.40774505032229785
1044,1044,meryl streep,2.598358451208996,12.77260179648315,0.5809318417305873
1045,1045,literature,3.4665300607037937,10.95937570769413,0.4409114849228141
1046,1046,fashion,3.127302034516937,11.937536934725022,0.495622821652105
1047,1047,painter,3.620337919971186,10.937586927814527,0.4161050628987257
1048,1048,painting,4.082376393667601,10.245151331669113,0.3415866252553457
1049,1049,guy ritchie,1.7857031360916047,12.576140615000991,0.7119984257331277
1050,1050,tom hiddleston,2.7712006898487003,11.863275174083025,0.5530555190530134
1051,1051,character development,3.089540767916259,11.579818709172002,0.5017130300453709
1052,1052,visceral,3.9017755499873896,10.854142419752456,0.37071427040675003
1053,1053,winona ryder,2.5155113705198744,12.863688263370932,0.5942935753690826
1054,1054,jane austen,2.15829915073718,13.397398832463999,0.6519054368064487
1055,1055,australian,2.943051750746129,11.687249061597065,0.5253390553936514
1056,1056,aids,2.1399280161181853,11.994397072153074,0.6548683680935157
1057,1057,foreign,3.936327574527504,11.003973679178667,0.3651416546339847
1058,1058,adolescence,3.053881931522056,11.68689199597334,0.507464154524288
1059,1059,peter jackson,2.3270789988579432,12.529619013266688,0.6246843041439983
1060,1060,ralph fiennes,2.7815649627431682,12.115539969909213,0.5513839495466332
1061,1061,chicago,3.689477018766871,10.958372936899384,0.4049541784688915
1062,1062,idealism,2.986706464255942,11.92243321328056,0.5182983407525195
1063,1063,stop motion,2.838960197981961,12.322218177264624,0.5421271376107091
1064,1064,kirsten dunst,2.7454620164627013,12.567911151110584,0.5572067009067525
1065,1065,cooking,2.6668324446941956,12.163419216229064,0.5698882267413456
1066,1066,teenagers,3.4360889740183653,11.401966800707708,0.44582108087446054
1067,1067,brothers,3.1292553527174984,11.576340823510364,0.4953077868036827
1068,1068,gay relationship,2.64471976073661,11.617477952492543,0.5734546021720286
1069,1069,erotic,2.953801330177273,12.48624060235457,0.5236053429213464
1070,1070,masturbation,2.943647377534827,11.434469451079963,0.5252429915802698
1071,1071,coming out,1.8300584408532308,12.534169447088024,0.704844718411767
1072,1072,astronaut,3.1913677597188537,10.919543189013229,0.4852901804970444
1073,1073,1990s,3.2356700032613848,11.21700256765699,0.47814503098931077
1074,1074,good soundtrack,3.9150642115566905,10.923023148194332,0.3685710499718938
1075,1075,eerie,3.8654495842622776,11.15700727797496,0.37657299076409617
1076,1076,forest,3.724482097977181,10.85030473870571,0.39930849318327816
1077,1077,occult,2.9587355268677706,11.712754912615884,0.5228095463603817
1078,1078,shakespeare,2.0620080343352445,13.774916544171926,0.6674354499151056
1079,1079,short,2.38707899245867,12.06583415288418,0.6150073918601163
1080,1080,winter,3.1742064637222285,11.164115454221362,0.4880579867261949
1081,1081,school,3.939641509075209,10.53086013852861,0.3646071770114358
1082,1082,poetry,2.8651931154004497,11.467741178593666,0.5378962431459811
1083,1083,theater,3.993891853839651,10.403017032321987,0.3558575789506535
1084,1084,poor plot,3.330813429793475,10.974943232658667,0.4628001194703892
1085,1085,loss of loved one,4.356904110146678,9.038285883316744,0.29731027666869697
1086,1086,swedish,2.125056163691379,12.178915996363557,0.6572669285398837
1087,1087,horror comedy,3.0414108957397734,11.585476066377009,0.5094755067280462
1088,1088,bad dialogue,3.238952064175963,11.335954833311192,0.47761569400650905
1089,1089,too long,4.22125627527123,9.277261533842282,0.31918781566183985
1090,1090,pretentious,3.634156688516728,10.739101750392889,0.41387634580958155
1091,1091,ballet,2.4975811212090386,12.217905020523977,0.5971853998409937
1092,1092,working class,2.4568944524101965,12.406453633036211,0.6037474226256926
1093,1093,aviation,3.51397512936534,11.53348302460026,0.4332594546443478
1094,1094,alaska,2.578734402569982,12.007492043162312,0.5840968453570556
1095,1095,life,2.1614186403527915,11.551553628360754,0.6514023196297766
1096,1096,irish,3.1051910218423555,11.563750286893907,0.4991889275351086
1097,1097,boston,2.970110052370157,11.7100347336159,0.5209750414054337
1098,1098,super-hero,2.7616234872953083,12.290312465648487,0.5546001483683243
1099,1099,chan-wook park,1.0013575617179171,12.3538081205898,0.8384991612827617
1100,1100,michael bay,1.855881495058009,13.471189358905189,0.7006799274602136
1101,1101,not a movie,1.475109522187604,13.354118750532695,0.7620915503705032
1102,1102,must see,3.8302556336648177,10.517168599686297,0.38224913758373136
1103,1103,outer space,3.5005707801162314,10.892335045878147,0.4354213334066911
1104,1104,good romantic comedies,2.469128824623419,12.654865590291365,0.6017742399693151
1105,1105,spaceship,3.751843810426005,10.643721025241785,0.3948955445242158
1106,1106,earnest,3.258557407036932,10.982047394199284,0.47445370728325165
1107,1107,demons,2.9188799902270177,12.209699123963972,0.5292375225809481
1108,1108,irreverent,4.03082712491276,10.50963152979508,0.34990058867604873
1109,1109,strong female characters,2.085459082280566,11.837472516568313,0.663653220612847
1110,1110,julia roberts,2.889382000996781,12.642891467308504,0.5339950139938878
1111,1111,richard gere,2.129057438276198,12.709456559688217,0.6566215954180391
1112,1112,sexualized violence,3.1386874181131583,11.99621403394974,0.4937865654832769
1113,1113,library,4.8054318276118195,8.265490124558779,0.22497087930670387
1114,1114,literary adaptation,3.815223384708622,10.983687254188556,0.3846735670852842
1115,1115,patrick stewart,2.9918162791570557,12.120561151790398,0.5174742201548741
1116,1116,christopher walken,3.099539095367555,12.184182191430494,0.5001004809111899
1117,1117,jennifer connelly,2.9897607839533733,11.708171198505188,0.5178057343033312
1118,1118,tim roth,1.9913999637896032,12.737604277339997,0.6788232528830721
1119,1119,kristen stewart,1.5743378289952987,12.846749425514306,0.7460878216460294
1120,1120,curse,2.72861625601905,11.462331270127184,0.5599236169659991
1121,1121,ben kingsley,3.0883401954021994,11.724943844074549,0.5019066606478391
1122,1122,sam rockwell,2.949029690260957,11.887488654408457,0.5243749220187665
1123,1123,willem dafoe,3.3303857234254206,11.906671699086255,0.46286910076119503
1124,1124,helena bonham carter,2.9143593557046685,11.980943425529452,0.5299666190543806
1125,1125,ashton kutcher,2.3034670895022167,12.147576120042363,0.6284924774783297
1126,1126,mad scientist,2.734872202663717,11.93365967143096,0.5589146460761696
1127,1127,zach galifianakis,2.051129009840001,12.229278670124929,0.6691900395318187
1128,1128,m. night shyamalan,2.2765211866619324,12.563882272578788,0.6328383635784289
1129,1129,darren aronofsky,2.122823961828499,12.161369182951606,0.6576269422720643
1130,1130,owen wilson,2.072694363122759,13.277555749790501,0.6657119386260603
1131,1131,watch the credits,2.755558539277006,11.375360579882987,0.5555783146389738
1132,1132,argentina,1.3782975554675603,12.937771583390361,0.7777055672021422
1133,1133,erotic movie,1.7931899375437905,11.150549692045512,0.7107909402553498
1134,1134,based on manga,2.527518025035559,10.93277184125013,0.5923571194530314
1135,1135,based on novel or book,4.8646128744404376,7.797629079790764,0.21542604830488996
1136,1136,short film,1.4656924465165817,12.396642443575992,0.76361035411981
1137,1137,woman director,4.637902101287155,9.369258856707166,0.25199038996490014
1138,1138,based on novel,3.1146236333000537,10.741144112075837,0.49766761814478594
1139,1139,teenage girl,3.9725651997911466,10.28274401497995,0.3592971819931041
1140,1140,anthology,2.828366936000946,11.553816092958632,0.5438356389094363
1141,1141,girl power,3.262645470153598,11.202366232357313,0.47379437674308184
1142,1142,classical music,2.109124804293678,12.840958538748879,0.659836368271502
1143,1143,afi 100 (laughs),3.0820293349614514,11.7250249820124,0.5029244881384106
1144,1144,19th century,3.709092801065367,11.256676657871125,0.4017905080534337
1145,1145,pg-13,4.37288774881308,9.772118958014147,0.2947324052378878
1146,1146,secret service,2.4466559327381128,11.940017465455862,0.6053987104148693
1147,1147,asylum,2.6094351506956874,11.528743784357097,0.5791453707179248
1148,1148,cross dressing,2.9048654365483895,12.737148374644022,0.5314978162661161
1149,1149,restaurant,2.7628787529179295,11.435994452355313,0.5543976967580139
1150,1150,guns,3.87478868801975,10.65543761471239,0.37506676247226445
1151,1151,robbery,3.8857003300557675,10.494908431356183,0.3733069122369741
1152,1152,brainwashing,3.3638528620081094,11.063245059346444,0.45747145744455836
1153,1153,submarine,2.5576386712673083,12.852011817702957,0.587499204742938
1154,1154,bloody,3.391224153700615,11.408521307587261,0.45305696382698374
1155,1155,hallucination,3.693688295841775,10.89940009338215,0.4042749757488352
1156,1156,hell,2.9651885276370304,11.325275610045484,0.5217687942091815
1157,1157,betrayal,3.3847607994049094,10.227141187433881,0.4540993858144827
1158,1158,voyeurism,3.1123084095224947,11.791086656864682,0.49804102180816107
1159,1159,wheelchair,3.7409631994100287,10.489606729321089,0.39665039001798885
1160,1160,yakuza,3.2903344394671494,10.747983859317038,0.46932864747881914
1161,1161,math,2.4038931599321662,12.308263367108395,0.6122955711747629
1162,1162,sexual abuse,3.008775502044868,11.707725399525124,0.5147390046583482
1163,1163,gunfight,2.7353519410006184,12.067431199993637,0.5588372729711606
1164,1164,camp,2.49083851758774,11.55470056077743,0.5982728596871145
1165,1165,casino,3.1040437335443785,11.436835101904034,0.4993739643585744
1166,1166,flashbacks,3.2299710400474106,11.26085409753194,0.4790641705395195
1167,1167,blaxploitation,2.903919339864567,11.180072662058187,0.5316504045260807
1168,1168,sweet,4.11848912477263,10.436330975289664,0.33576229578024136
1169,1169,rescue,2.938006075255375,10.90767524422761,0.5261528314660604
1170,1170,2d animation,3.1151100653461326,11.779128598855545,0.497589165465719
1171,1171,memory loss,3.225846149021735,11.552579955112918,0.4797294407544075
1172,1172,guilt,3.372457793246433,10.801093489063696,0.4560836378831729
1173,1173,police brutality,3.055924500206903,11.44418372663872,0.5071347251892017
1174,1174,police investigation,3.2788451409649695,11.361346009685874,0.47118166323993393
1175,1175,new orleans,3.097325651315073,11.306185492810467,0.5004574693482834
1176,1176,voodoo,3.0937934798033586,11.184130671896108,0.50102714464055
1177,1177,virginity,2.3994135271688997,12.018735908044352,0.6130180548070546
1178,1178,circus,3.4837318354737983,11.239703484727634,0.43813715020064486
1179,1179,stand-up comedy,0.847209053966124,13.714326816966096,0.8633605237377627
1180,1180,terrorism,3.590291676656597,11.59154484284016,0.4209509777658222
1181,1181,1940s,3.916197593673197,10.354335807403281,0.3683882559636387
1182,1182,rivalry,3.6259905923526543,10.845267024233689,0.41519338922140836
1183,1183,hotel,3.7879431120541183,10.45162081837011,0.38907338098051136
1184,1184,vhs,4.632598479238943,8.675425449746694,0.2528457681452536
1185,1185,female lead,2.722031811512103,11.745894733437714,0.560985568611458
1186,1186,shallow,3.514544175709535,10.82084517438214,0.43316767777525544
1187,1187,giant monster,2.72034677465405,11.651019721361322,0.5612573345382845
1188,1188,monster,3.919519295502176,11.075460271336064,0.3678525256192967
1189,1189,escape,3.7498636246090835,9.967655970698878,0.3952149126325469
1190,1190,twins,2.949404699947154,11.441434884622693,0.5243144397483336
1191,1191,bechdel test:fail,4.670563888172155,8.13611897718081,0.24672263529105357
1192,1192,vigilantism,2.636667915737192,12.209966537267132,0.574753218940245
1193,1193,homophobia,2.1405422355741517,12.40192802390388,0.6547693056196427
1194,1194,rape,4.302503940563361,10.07491722263315,0.30608403875922635
1195,1195,monsters,3.3378400179856262,11.4263348263196,0.4616668580563482
1196,1196,moon,3.09706326048795,11.422514752985371,0.5004997882364329
1197,1197,fear,2.7816125229548847,11.31325016540081,0.5513762789458654
1198,1198,man versus machine,2.2833143977136494,12.520512738371416,0.6317427416703532
1199,1199,soviet union,2.3024897209072526,11.568540078513287,0.6286501093311834
1200,1200,adapted from:comic,3.6025714462680973,11.340358047903406,0.4189704733313129
1201,1201,gratuitous violence,2.996108816787138,11.72019797648425,0.5167819115790101
1202,1202,sport,3.5581427591403973,10.552339600114017,0.4261360158992638
1203,1203,psychiatry,2.3228703571029485,12.17312391451858,0.6253630818346826
1204,1204,secret agent,3.5261614929987157,10.965684698853746,0.43129401490239694
1205,1205,jungle,3.300727991169655,11.61398751779178,0.4676523558309827
1206,1206,video game,3.3775265198074464,11.071919906901803,0.4552661440906183
1207,1207,robert rodriguez,2.0076426910339604,13.113727953861202,0.6762035951570959
1208,1208,strippers,1.8385320839106294,12.888606283872644,0.7034780732561519
1209,1209,muppets,1.0389628419797066,13.124059842483195,0.8324341106608274
1210,1210,navy,1.870571810495968,12.311530942379711,0.6983106456422573
1211,1211,female nudity,3.5879488544050773,10.946339163720957,0.4213288325632002
1212,1212,john williams,3.2166422084825537,11.42577095834412,0.48121386966712404
1213,1213,matthew broderick,2.440119328176488,12.483787491721808,0.606452946343596
1214,1214,oscar (best music - original score),2.92212228433562,11.531742675207175,0.5287145992637178
1215,1215,first love,3.00848739659323,11.342692404444255,0.5147854708497042
1216,1216,drug dealer,3.422981994282509,10.700761404522526,0.4479349993200946
1217,1217,val kilmer,2.19880678393722,12.930981813583557,0.6453722892212512
1218,1218,father son relationship,2.4176971082039516,11.826467241022968,0.6100692443273598
1219,1219,carrie fisher,2.621963338334277,11.943804962118755,0.5771248009548444
1220,1220,oscar (best effects - visual effects),3.2345216109806154,11.827936269503269,0.47833024586520634
1221,1221,android,3.4168651896212614,10.677125630426357,0.4489215291280547
1222,1222,ridley scott,1.8086946945754527,13.01357026020722,0.7082903037590073
1223,1223,bruce campbell,1.363791844174432,12.372544142703116,0.7800450757149766
1224,1224,sam raimi,1.9553034187358564,12.324331192367065,0.6846449718412567
1225,1225,possession,2.5711717014079865,11.930629315435738,0.5853165720833757
1226,1226,werewolf,3.073667869593523,11.648519168197057,0.5042730410644093
1227,1227,nightmare,3.3061490621470115,11.067935520805657,0.4667780352655228
1228,1228,devil,3.3732854572565363,11.440952780485269,0.4559501506684976
1229,1229,bible,3.0515434215552943,11.180047728038392,0.5078413138282359
1230,1230,basketball,2.3870574984812514,12.795957011019887,0.615010858449388
1231,1231,john carpenter,2.38938640726398,12.582556089335334,0.6146352476425335
1232,1232,kurt russell,2.7250564962757844,12.446971623243355,0.5604977417403534
1233,1233,texas,2.6282562959164117,11.462048006053298,0.5761098608711213
1234,1234,islam,3.2809649689377895,10.926698517198068,0.4708397733809715
1235,1235,broadway,2.758816291317235,11.929105844394993,0.5550528982373367
1236,1236,nightclub,2.823917862255239,10.994794764095358,0.5445531939256624
1237,1237,psychological horror,3.067367936417731,11.045633988279645,0.5052891061850516
1238,1238,tim robbins,2.912880016281095,12.13538973269732,0.5302052097104942
1239,1239,party,3.905638537325873,10.474149405715835,0.37009124051316356
1240,1240,american football,2.0537999968272875,11.92689049832535,0.6687592577060844
1241,1241,race issues,3.051098121089749,11.697143929903248,0.5079131327283133
1242,1242,cocaine,2.663811376378514,11.36132563680183,0.5703754703448869
1243,1243,b movie,2.2157296846288506,11.218088430253703,0.6426429318371236
1244,1244,b-movie,3.167926697595692,10.869713608988537,0.4890707992670458
1245,1245,sword and sorcery,2.706422789466197,11.458483521309951,0.5635030211662126
1246,1246,creature feature,3.505293939978344,11.104348924569173,0.4346595732639723
1247,1247,sisters,2.823515487334845,11.398143271663816,0.5446180897127485
1248,1248,kick-butt women,2.1793836083357108,12.350927014577021,0.6485048956648622
1249,1249,dracula,2.797788200155201,11.72610065623099,0.5487674351776227
1250,1250,frankenstein,2.2271689281307028,11.871618059758765,0.6407979890409956
1251,1251,kate beckinsale,2.6457872783461993,12.469502243629268,0.5732824309158407
1252,1252,dark fantasy,2.798601688538486,12.670130301400718,0.5486362342348129
1253,1253,ghost,3.8311248680596854,10.667614301981633,0.3821089458188915
1254,1254,haunting,3.113113677741933,10.953675288205806,0.4979111466289009
1255,1255,home invasion,3.1449480791827193,11.153084241771328,0.4927768342420968
1256,1256,cillian murphy,2.9356968303399746,11.386289665247105,0.5265252708472549
1257,1257,terrorist,3.3746237376864494,10.579833790914645,0.4557343102732855
1258,1258,dwayne johnson,2.6474392671343585,11.865550296824786,0.5730159950441414
1259,1259,orlando bloom,1.8874579579096276,12.478616259376015,0.6955872158962131
1260,1260,swashbuckler,2.5017016399231,12.099078283045241,0.5965208348007804
1261,1261,foreign language,2.236684353241655,12.421471347148605,0.6392633233082743
1262,1262,guillermo del toro,2.455563639780806,12.783643149506307,0.6039620585999328
1263,1263,korea,1.8182808727234332,11.911865643570025,0.7067442268428499
1264,1264,gory,3.4493289507084555,10.997698835279909,0.44368571242886967
1265,1265,shaky camera,3.0450429276051776,11.632818979463218,0.5088897257693403
1266,1266,abuse,3.0428914639482842,11.416081562524997,0.5092367178911772
1267,1267,made for tv,2.3487183777323963,11.749025700443838,0.6211942642510069
1268,1268,halloween,2.5295262583442657,12.143748161244199,0.5920332277922549
1269,1269,ninja,2.9915204714481165,11.33834541678867,0.5175219285808341
1270,1270,fight scenes,2.504537927562852,12.645522133504896,0.5960633929736299
1271,1271,christopher lloyd,2.335080475747025,12.323002945384872,0.6233938108397422
1272,1272,puppets,2.197498392204603,12.138515618661318,0.6455833091109158
1273,1273,don cheadle,2.8990525718961035,11.557341228734357,0.53243532605541
1274,1274,pilot,1.6277045017895837,12.228247948560615,0.7374807438694965
1275,1275,giant robots,1.767675506746071,12.883882614910021,0.7149059558409466
1276,1276,kaiju,3.2940932373821665,11.14904631857483,0.46872242145222137
1277,1277,ryan reynolds,3.0990423008094314,12.03650164852339,0.50018060487577
1278,1278,thor,2.226362831925564,12.311452518791977,0.6409279977593533
1279,1279,australia,3.446071146188591,11.8015020694021,0.4442111372945214
1280,1280,margot robbie,2.611387074681873,11.796962448815256,0.5788305607310302
1281,1281,based on comic,3.8281760718834326,10.90853217312721,0.38258453323529246
1282,1282,daniel radcliffe,1.5247003705916184,12.169148442215093,0.7540934446826532
1283,1283,comedian,2.6505844823457925,11.21134808447438,0.5725087287947894
1284,1284,beach,3.62139141321778,10.72523123796858,0.4159351535182882
1285,1285,witches,3.2955523875648423,11.526945581207597,0.4684870869550092
1286,1286,trial,3.445802687600091,10.84770618447331,0.4442544348026854
1287,1287,pedophilia,2.701248624270656,11.428432095609868,0.5643375203008753
1288,1288,woods,3.4617193205935344,10.524815530076847,0.441687370173358
1289,1289,stalker,2.1126536114162575,12.502276354270633,0.6592672355942691
1290,1290,lawyer,3.751125878363415,10.620820182489743,0.3950113339631565
1291,1291,benicio del toro,2.784073068529741,12.044482574661505,0.5509794375085675
1292,1292,mark hamill,2.678024526548353,12.05258720094788,0.5680831466425472
1293,1293,plot twists,1.5486169452705871,12.973189830938566,0.7502361343495986
1294,1294,wife husband relationship,4.033097511502072,10.34423483146879,0.34953441643907346
1295,1295,teenager,4.123025731150907,10.583061611258007,0.3350306233357203
1296,1296,bomb,3.211835499153818,11.19617822133218,0.48198910482561125
1297,1297,undercover,3.5956276553288844,10.996640064930295,0.4200903810480291
1298,1298,chris hemsworth,2.5302058344663525,11.884849207696075,0.5919236244718376
1299,1299,shark,3.102605624516296,11.261678726308606,0.4996059052986355
1300,1300,queen,2.182792394690014,11.612346815255574,0.647955120163808
1301,1301,a24,3.3751889938407973,10.835477499859286,0.45564314469316974
1302,1302,brother-brother relationship,2.8364656753776583,11.778683131930457,0.5425294589274852
1303,1303,hulu,3.9391508818761745,10.001052999754815,0.36468630629269433
1304,1304,goofy,3.298582475826275,12.05932780530624,0.4679983885975822
1305,1305,slackers,2.519734423976327,12.101151779215094,0.5936124733319693
1306,1306,hannibal lecter,2.3709012032559,11.952234555958086,0.6176165762561033
1307,1307,heroin,2.3023086778443873,11.529929867358794,0.6286793082982801
1308,1308,alan rickman,2.8265485613819235,12.60180234344621,0.5441289098021737
1309,1309,ennio morricone,1.9601707015557561,12.494092296584466,0.6838599672757154
1310,1310,sergio leone,1.0799626995933977,13.183209974639537,0.8258215761925815
1311,1311,alfred hitchcock,2.1438284714888596,13.619970938149804,0.6542392952849353
1312,1312,boarding school,3.0674446815658847,11.568273503493844,0.5052767285826165
1313,1313,michael j. fox,2.1485800995288544,12.44932161908737,0.6534729437407227
1314,1314,tommy lee jones,3.1306645935622015,12.341404177227282,0.49508050177875745
1315,1315,alone in the world,2.1607498849280216,12.68768878444348,0.6515101777676946
1316,1316,exceptional acting,2.6781340450017717,12.0127014688398,0.5680654832995433
1317,1317,midlife crisis,3.161583183011828,11.17706664223365,0.49009389327948966
1318,1318,con men,2.4669201377814804,12.55221123974308,0.6021304611545077
1319,1319,las vegas,3.235938445317535,11.445251080755638,0.4781017361475154
1320,1320,treasure hunt,2.5135811074389016,12.75589083937573,0.5946048918442757
1321,1321,edgar wright,2.0335122127601455,12.256214446673221,0.6720313098359314
1322,1322,bizarre,3.185959381512234,11.060293702054784,0.48616245394846835
1323,1323,sacha baron cohen,2.685051595794138,12.444466236544683,0.5669498076432676
1324,1324,undercover cop,2.712352778717986,12.69480068226967,0.5625466213003095
1325,1325,funny as hell,3.6940765624583802,11.293053931880188,0.404212355375629
1326,1326,exploitation,2.6570062866213107,11.273615534469046,0.5714730080730176
1327,1327,drinking,3.487970868992514,10.978313779152433,0.43745347086890984
1328,1328,ed harris,3.005659402406433,11.717428300901899,0.5152415750930991
1329,1329,jesse eisenberg,2.220602524219295,12.373948058613657,0.6418570310651345
1330,1330,mark ruffalo,3.15050628066124,11.729842283187313,0.4918803970104246
1331,1331,unintentionally funny,3.4035233211888674,11.223753358459017,0.45107333086627704
1332,1332,surfing,1.688618040365129,12.395212423943779,0.7276564933267552
1333,1333,visually striking,3.8651171673028073,10.64558405890769,0.37662660359912203
1334,1334,predictable ending,3.5956261013260873,10.709524333607405,0.4200906316805351
1335,1335,supernatural powers,3.1981403163522795,10.875048444537008,0.48419788977255857
1336,1336,telekinesis,3.007336506996447,11.625050903077888,0.5149710884974428
1337,1337,interesting concept,2.507244854975959,12.1599354238712,0.5956268146081423
1338,1338,stupid ending,3.010506664116331,11.336712100039275,0.5144597995699908
1339,1339,jeremy renner,2.345073381329569,11.80854181020242,0.6217821361547932
1340,1340,mobster,2.5000059076218895,11.44593674945922,0.5967943257088788
1341,1341,michael keaton,1.5505328752605512,13.196720605953796,0.7499271295423928
1342,1342,blackmail,3.9768936365872984,10.10623869467102,0.35859908353193726
1343,1343,chris pratt,2.322084214292622,12.176000584314435,0.625489872431841
1344,1344,bear,3.1483350420843745,10.774715113095507,0.4922305784687015
1345,1345,not funny,3.3541929996537565,11.210828145646284,0.45902941828867944
1346,1346,berlin,2.7540004895517898,11.68718523908839,0.5558295998411885
1347,1347,julianne moore,3.206172655970822,11.849879677905022,0.4829024188690076
1348,1348,moody,3.1369061363668007,11.022401185123773,0.4940738539674572
1349,1349,vince vaughn,2.4401176551652677,12.318840708117651,0.6064532161700054
1350,1350,female director,3.5212356462555023,11.128144896343988,0.432088464768094
1351,1351,robot,3.345183646153245,11.15724352206939,0.46048246383630226
1352,1352,colin farrell,3.030859428187022,11.601511638400162,0.5111772673424501
1353,1353,lyrical,3.5354940323038955,11.518981798112309,0.42978884533782863
1354,1354,golden palm,3.454039510234772,11.266835641957359,0.4429259844921051
1355,1355,francis ford coppola,2.9285931691808216,11.839553070039807,0.5276709627349739
1356,1356,sylvester stallone,2.0636750201509715,13.647613038731432,0.6671665952944766
1357,1357,prince,3.1351224354686607,11.252324108146045,0.4943615326170058
1358,1358,heroine in tight suit,2.0796744060682655,12.053350022873765,0.6645861841173034
1359,1359,david cronenberg,1.788084401152926,12.633701533003162,0.7116143708067818
1360,1360,criterion,4.387065382317278,9.498793559640486,0.2924458097304595
1361,1361,robert redford,2.4106782035515613,12.856102471989969,0.6112012665255969
1362,1362,hugh grant,2.5566746939461007,12.978793501378796,0.5876546768258695
1363,1363,frances mcdormand,2.5091675473995805,11.59826823111063,0.5953167191428647
1364,1364,president,2.2432584986932973,11.998804896783266,0.6382030327139057
1365,1365,adaptation,3.436664587073007,10.594097219384473,0.44572824491390545
1366,1366,cameron diaz,2.622516685118632,12.758953619259763,0.5770355561404131
1367,1367,experimental,2.729361339692511,11.95405742700537,0.5598034484639787
1368,1368,soldier,4.05831451529472,10.276425565647868,0.345467370442575
1369,1369,plot,4.008883179693467,10.458709597466834,0.3534397496043398
1370,1370,opera,2.582899195670515,12.19104834439354,0.5834251396601755
1371,1371,radio,1.9941085399543395,11.90233315021152,0.6783864086038078
1372,1372,100 essential female performances,3.808579041753621,10.60946201713942,0.38574517926556945
1373,1373,no plot,3.0278725195787564,11.276959912293503,0.5116590016038652
1374,1374,transgender,2.4551244036405806,12.26590646461116,0.6040328994341695
1375,1375,viggo mortensen,1.5685515420989304,12.803577808394715,0.7470210449246542
1376,1376,peter sellers,0.9413285806790828,13.937564023457117,0.8481807487154074
1377,1377,cary grant,1.790937067754383,12.910638585163332,0.711154287349754
1378,1378,james stewart,2.219366223180587,13.137708822299413,0.6420564240315348
1379,1379,orson welles,2.588310958347537,12.039254053999848,0.5825523203549732
1380,1380,nazi germany,1.6632470977831666,12.37730301177291,0.7317483668619231
1381,1381,paul newman,1.7414627453113576,12.76072320448358,0.719133599510545
1382,1382,david bowie,2.5812696881934,12.178038603777644,0.5836879497035716
1383,1383,christoph waltz,1.955693664001561,12.35888505377656,0.6845820323477868
1384,1384,hugo weaving,2.3375533360130136,12.251454930149954,0.6229949832658009
1385,1385,compassionate,3.4037881840043025,11.331213670914309,0.4510306132911839
1386,1386,faith,3.585365680304492,10.706849004055881,0.4217454517607238
1387,1387,literate,3.656051771980703,10.997194924993234,0.41034506539746834
1388,1388,reviewed,4.830631744867507,8.420387380420035,0.22090658905915597
1389,1389,great story,3.560478840796518,11.0438866347669,0.4257592482378421
1390,1390,alcohol,3.724500115538248,10.428352435662651,0.39930558727700133
1391,1391,alternate universe,2.6280293283590037,12.557787248503526,0.5761464666274309
1392,1392,snow,3.410621410983787,10.880238977873478,0.4499285375387037
1393,1393,court,3.1991876716261074,11.217342580610818,0.484028970335961
1394,1394,egypt,3.3030710295391774,11.865265670504789,0.4672744661776851
1395,1395,bar,3.359876598677949,10.72552697806655,0.4581127567040155
1396,1396,singer,3.290132936204017,10.75244060975563,0.4693611463056561
1397,1397,army,3.379008243570366,10.5298483123275,0.4550271688837519
1398,1398,cat,3.5906617883031036,10.914525426925877,0.42089128546048094
1399,1399,castle,3.2992721467952744,10.67804225851534,0.4678871571611897
1400,1400,fire,2.822492940252789,11.23684030290114,0.5447830080373244
1401,1401,religious,3.682407642900632,10.554403254622638,0.4060943407598181
1402,1402,concert,3.3729365628827104,10.920908721753257,0.45600642101203
1403,1403,smoking,3.5133148562837815,10.742113314256448,0.433365944733933
1404,1404,amazon,3.8078167329459682,10.358746919273313,0.3858681258697637
1405,1405,jail,3.141694433715783,11.033400139506199,0.49330158832783744
1406,1406,non-linear,3.282278844912123,11.473490321486064,0.4706278689824455
1407,1407,horse,3.506791009297181,10.712807600631578,0.43441812309686595
1408,1408,daughter,4.35780370014056,9.442329798016146,0.29716518909551837
1409,1409,illness,3.4562599763850965,10.722144308433052,0.4425678635178095
1410,1410,tv movie,3.0394664271627896,10.543666386063954,0.5097891142924644
1411,1411,europe,3.5184532043028387,10.875293947347625,0.432537222261138
1412,1412,storm,1.0951874319229749,12.341449737652109,0.8233661026090456
1413,1413,race,3.4155469853545117,11.027526735423066,0.449134131601756
1414,1414,teens,3.3386756764285623,10.899696205753077,0.46153208148444735
1415,1415,singing,3.3928384672108693,10.932872930524848,0.45279660429525825
1416,1416,fight,4.107939450392486,10.055498764628437,0.3374637671883805
1417,1417,gay lead character,2.1766669194711286,12.053008085188022,0.6489430483756792
1418,1418,mountain climbing,1.5145716096854391,13.798712404843544,0.7557270303707744
1419,1419,business is the antagonist,3.0692705149180384,11.48489178100343,0.5049822547313132
1420,1420,dull,3.70618714767122,10.567964027183217,0.4022591373204572
1421,1421,afi 100 (movie quotes),3.961262472229273,10.787627759560124,0.3611201072406085
1422,1422,youth,3.708418826703811,10.85430650942394,0.40189920791133305
1423,1423,forbidden love,2.7700312840188728,11.495422067382588,0.5532441230337872
1424,1424,gene hackman,2.7102943245557922,12.867835254498722,0.5628786126751836
1425,1425,seduction,2.083350600586333,12.278075119929316,0.6639932805225705
1426,1426,cast,3.7560956401434207,10.492489127342294,0.39420980139738765
1427,1427,costumes,3.7257737650287406,10.577244043172659,0.3991001706817609
1428,1428,script,4.450401813360685,9.500011638962421,0.28223079051462796
1429,1429,computer animation,3.2026788058539397,11.807495896712206,0.4834659136143419
1430,1430,mel brooks,2.2660585280910794,12.859601653576096,0.6345258009125077
1431,1431,girlie movie,3.387649618835167,12.033411371601257,0.4536334715609479
1432,1432,immigration,3.3756903090667323,10.598011958826138,0.4555622916267473
1433,1433,passionate,3.430848829291431,11.432444783983456,0.4466662213125551
1434,1434,john cleese,1.9817411362805912,12.719491382124012,0.6803810468253821
1435,1435,menacing,3.8983932042024825,10.851427917432163,0.37125978152283634
1436,1436,ominous,3.754478158530554,10.889443007354107,0.39447067188668566
1437,1437,beautiful woman,3.3825473209870602,11.002224103896026,0.45445637979408765
1438,1438,japanese,3.706383338699422,10.909744212942066,0.4022274952609025
1439,1439,paul thomas anderson,1.175224187222033,12.712634183319041,0.8104576235570389
1440,1440,confrontational,3.323079761512038,11.491066762613809,0.46404742009662125
1441,1441,airport,3.389306884465479,11.357795836362438,0.4533661846301802
1442,1442,patriotic,2.8491557355341675,11.988220839823276,0.5404827820590024
1443,1443,great depression,3.047263698544123,11.758140240559314,0.5085315556381603
1444,1444,whodunit,1.7093109459741038,11.821699154023909,0.7243191024295289
1445,1445,african american,3.247307457486867,11.081293329477534,0.47626812039333494
1446,1446,noir,3.3756603587384926,10.62650481386347,0.45556712207225
1447,1447,mummy,2.8314875444447622,11.645658131495832,0.5433323412860381
1448,1448,river,2.871500320310754,11.447966126096256,0.5368790052262632
1449,1449,consumerism,3.1835340139350956,11.1326289819025,0.4865536218118572
1450,1450,silent film,2.34982568768893,12.041733813728584,0.6210156752099522
1451,1451,shipwreck,2.0697056435406473,12.351454841505594,0.6661939649647575
1452,1452,70mm,4.579110217724834,9.196943503951207,0.26147245598015223
1453,1453,iran,2.6329117809863565,11.88093412485587,0.5753590154466939
1454,1454,pre-code,2.6371991117652818,10.111755129038759,0.5746675466416181
1455,1455,native americans,2.672221595045338,11.782654086767481,0.5690190543947669
1456,1456,wrestling,3.2899374983701275,10.565658481537325,0.4693926668886096
1457,1457,werner herzog,2.7359216902652976,11.419175383051558,0.558745382733725
1458,1458,university,3.0006527277749675,11.420349764480529,0.516049061033265
1459,1459,dynamic cgi action,3.1283126231840725,11.451326120895839,0.49545983200327215
1460,1460,super power,3.5192723275847513,10.570118774260006,0.43240511251123537
1461,1461,indiana jones,1.1912967173538314,12.886376734473611,0.8078654155428104
1462,1462,shootout,3.8803982220619977,10.639312329161553,0.37416204622776766
1463,1463,florida,2.17128262224174,11.7728203387529,0.6498114380016158
1464,1464,california,4.225567234198168,9.980097956873928,0.31849253606442846
1465,1465,boat,3.787332670691746,10.331376054141394,0.38917183411631406
1466,1466,holiday,3.0619273020913553,11.33256320179586,0.5061665819643886
1467,1467,spying,2.365328889724083,12.222209908513573,0.6185152895063832
1468,1468,inventor,2.962003079863282,11.953277229102302,0.5222825492421667
1469,1469,hong kong,2.4003014110668834,12.300505650699726,0.6128748552151307
1470,1470,theft,3.569056659306737,10.4076172706651,0.4243758014684504
1471,1471,hunting,3.1431205657086014,11.12419897935268,0.49307157906664356
1472,1472,nazi,3.3510140996657873,10.619235039191752,0.459542117282408
1473,1473,marx brothers,0.9854610783250587,14.24508769208382,0.8410629761464522
1474,1474,car accident,3.7224801252103568,10.477543571632062,0.3996313751320363
1475,1475,israel,3.3770101909211614,10.979290579593595,0.4553494185885368
1476,1476,reporter,3.318708068976047,10.596871674500782,0.46475249492520215
1477,1477,smuggling,3.114538070857181,11.19873149848982,0.49768141781716563
1478,1478,greece,1.6695717020830831,11.860603715007077,0.7307283227357882
1479,1479,actors,3.5574755156351254,10.499860598331,0.42624363019194983
1480,1480,iraq,2.2860811582098575,11.849452062859042,0.6312965133122223
1481,1481,baby,3.621976670750824,10.725818656817758,0.4158407620780418
1482,1482,santa claus,2.2917174178812716,12.485155838243902,0.6303874867077796
1483,1483,family bonds,3.2759966355495993,11.39715257410426,0.4716410755730107
1484,1484,saoirse ronan,2.750672658990733,11.730259278902674,0.5563663186390149
1485,1485,mother daughter relationship,3.420284522602291,11.208381157107121,0.4483700526471238
1486,1486,daniel day-lewis,2.0181964620974813,12.803713007932652,0.6745014630281246
1487,1487,intimate,3.333636349862583,11.314133707463686,0.46234483359027806
1488,1488,gruesome,3.4225103176167204,11.328400887102653,0.4480110722235613
1489,1489,talky,3.4949396186336954,11.095773315387842,0.4363295377656032
1490,1490,wry,3.3955950311433103,11.268720332358109,0.452352020458189
1491,1491,biting,3.488102489704225,11.040880595480157,0.43743224283194626
1492,1492,forceful,3.938598509216459,10.615769010542596,0.364775393998464
1493,1493,unrequited love,3.0891977554902788,10.872887363918798,0.5017683517372461
1494,1494,class differences,3.0462802409277003,11.296073171050443,0.5086901695398945
1495,1495,sea,3.78784686914801,10.49752236366863,0.3890889032181728
1496,1496,unsimulated sex,3.033078839493811,11.377365510562518,0.5108193164953121
1497,1497,jealousy,3.8131972144309456,10.042223624165825,0.385000351654292
1498,1498,best friend,3.5519378390089242,10.56453033886222,0.42713675713667676
1499,1499,duringcreditsstinger,4.319088909182263,9.443563685523007,0.3034091836980068
1500,1500,single mother,3.570861605901598,10.756054792595839,0.42408469627281
1501,1501,parent child relationship,3.830727835218168,9.144776848019994,0.38217298002540745
1502,1502,new love,3.4922682036853785,10.857080984113146,0.4367603886137006
1503,1503,government,2.669188440974743,11.18082606449567,0.5695082472116857
1504,1504,pirate,2.8837441120395195,10.91040513952964,0.5349043033726292
1505,1505,period drama,2.7760737381478435,11.386767159303421,0.5522695846200911
1506,1506,dying and death,3.9117862702814286,9.950697843363113,0.36909972253148626
1507,1507,prostitute,3.5997900377481473,10.484969795752036,0.4194190641503771
1508,1508,orphan,3.256214480011403,10.841518411778985,0.4748315789787797
1509,1509,native american,3.173728681308013,11.158919621252068,0.4881350443762991
1510,1510,princess,3.512468233174107,11.070694034817366,0.43350248970799327
1511,1511,professor,3.2706194487289526,10.947436810987877,0.4725083184187968
1512,1512,gun,3.8190171166905076,10.423368597527205,0.38406170682640545
1513,1513,extreme violence,2.766045565084825,11.18533117620104,0.5538869473108972
1514,1514,priest,3.610247771846171,10.911141797129886,0.4177324210445766
1515,1515,sheriff,3.152075270266881,11.152438733914117,0.49162734740363384
1516,1516,car crash,3.310181973590833,10.734457098085882,0.4661275996913088
1517,1517,fugitive,3.4002191341541845,10.942071749894925,0.45160623639151665
1518,1518,sadism,3.1787567151766805,10.980081109302244,0.4873241135780183
1519,1519,nun,2.51596956043303,11.321300776264179,0.5942196776345516
1520,1520,widow,3.54385721591012,10.793170172521773,0.42844001529111253
1521,1521,political satire,2.1946390572799843,11.944454488603029,0.6460444680476968
1522,1522,explosion,3.3070884694172626,11.040598607833774,0.4666265258868126
1523,1523,helicopter,3.0419769706406368,11.314592891379796,0.5093842090989462
1524,1524,love of one's life,3.699581184270733,10.48270544200636,0.4033245595737068
1525,1525,interview,2.9672277068990063,10.764495663003977,0.5214399115266172
1526,1526,london england,4.233070132907107,9.983248158981874,0.3172824543906802
1527,1527,car,3.2798909052316487,10.81532929187276,0.47101300040397404
1528,1528,mountain,2.4008344459342057,11.226881268405608,0.6127888863450396
1529,1529,student,3.4895958361717088,10.780751053205357,0.43719139309333716
1530,1530,gold,3.5351723726767887,10.82925258136801,0.42984072320997463
1531,1531,eroticism,3.3072822560030968,10.778431467999713,0.46659527162026404
1532,1532,based on play or musical,3.891581367280351,10.605311702672154,0.3723584074464694
1533,1533,aftercreditsstinger,4.3408698977365034,9.71478017959174,0.2998963047284151
1534,1534,based on tv series,2.504832199328474,11.736339237051311,0.5960159322675088
1535,1535,secret,3.992311618919406,10.037334313544642,0.3561124422230215
1536,1536,brother,3.1059485909075204,10.840933193231812,0.49906674536553425
1537,1537,prisoner,3.2389261502418067,10.831203335140797,0.4776198734547508
1538,1538,journalist,3.999867978021945,10.207505289310772,0.35489373835602817
1539,1539,neighbor,3.1866543486456873,10.806236893040289,0.4860503683366704
1540,1540,god,2.69107099575145,11.752837838020987,0.5659789874499167
1541,1541,author,3.1425586845237437,10.834493172645145,0.49316220032530594
1542,1542,dinosaur,2.951136373755406,11.165048614420854,0.5240351521261004
1543,1543,musician,3.943310205379838,10.397173984889102,0.36401548274272727
1544,1544,book,3.203356322725508,10.77663164695906,0.4833566424137373
1545,1545,thailand,3.00224487400907,11.223343578655022,0.5157922766817024
1546,1546,gay interest,3.2561458446232745,10.55403083256684,0.4748426486238018
1547,1547,evil,3.3551928439862233,10.788913070387961,0.4588681615064337
1548,1548,swimming pool,3.60185247711855,10.656732649140695,0.41908643003359664
1549,1549,nurse,3.361979403674466,10.812303902441839,0.4577736123428208
1550,1550,wrongly accused,3.333464805172846,11.184785974417142,0.46237250064181806
1551,1551,mine,4.441732637538791,9.43032418261151,0.283628971563784
1552,1552,new world pictures,3.651098939277921,10.742649416195214,0.41114386760969035
1553,1553,outlaw,2.984703223834891,11.021515096234918,0.5186214271509454
1554,1554,father,2.8100276713017553,10.971957479705189,0.5467934301556476
1555,1555,brazilian,2.1237962340487004,11.612802084483466,0.6574701323721573
1556,1556,cheerleading,2.740886215794164,12.089654939894064,0.5579446946804291
1557,1557,magnolia pictures,4.001886781929045,10.772800334519937,0.35456814184917906
1558,1558,remade,3.9471391677552337,10.586564675245526,0.3633979404594471
1559,1559,heroism,3.2209018099235154,11.39011872558624,0.48052687310204467
1560,1560,crazy,3.389746573042102,10.86481271297604,0.4532952708261468
1561,1561,sexual assault,3.9807631525024827,10.360489411818453,0.3579750006971706
1562,1562,malayalam,3.012593939156063,9.853414570566127,0.5141231599095563
1563,1563,unfunny,2.943976867077018,11.392870780229728,0.5251898508846314
1564,1564,betamax,4.731116806539293,8.907919287513394,0.23695654625659124
1565,1565,seen at the cinema,4.61175004592855,8.590171704473166,0.25620824284389426
1566,1566,divx,4.916581530854332,8.146586452002499,0.20704444525047946
1567,1567,eddie murphy,1.5054105081261298,13.965482496238565,0.7572045501319115
1568,1568,audience intelligence underestimated,2.443765217471916,12.011818683876545,0.6058649304324047
1569,1569,ingmar bergman,1.1057596415807989,12.851646890552146,0.8216609966687621
1570,1570,jim jarmusch,1.2406846904705322,13.04060929522262,0.7999000299644484
1571,1571,jet li,1.9693825339610815,12.564982442970164,0.6823742655479227
1572,1572,redbox,4.081894391233162,10.14390827388768,0.3416643635182816
1573,1573,super hero,2.712159211651138,12.11761349282378,0.5625778401624214
1574,1574,afi 100 (thrills),3.9984877016147755,10.920005624447821,0.3551163519417657
1575,1575,ian mckellen,2.4217639696220425,12.58429793711538,0.6094133332371777
1576,1576,to see,3.9347513794189064,8.624421390604088,0.3653958663579006
1577,1577,foul language,4.062482277086394,10.159966431918338,0.344795185949581
1578,1578,oscar winner: best picture,3.7488399980087577,11.10166622921048,0.39538000506386806
1579,1579,in netflix queue,3.98393113988311,9.469857037490186,0.3574640617093637
1580,1580,blasphemous,3.619168567345308,10.38549418150805,0.4162936582986661
1581,1581,seen,4.340638520198704,9.714658438737034,0.2999336217346909
1582,1582,michael crichton,2.4659482646570856,12.56667049613306,0.6022872066874893
1583,1583,national film registry,4.08357978268016,10.18344818116405,0.34139254040268024
1584,1584,memasa's movies,4.66062943769222,8.24998442395115,0.24832488222665547
1585,1585,netflix finland,4.898288995022957,8.281499822409458,0.20999469997663725
1586,1586,annemari,4.280385692660028,9.575576018661362,0.3096513115535875
1587,1587,library vhs,4.283716113053989,9.914057695863068,0.3091141750626191
1588,1588,on dvr,4.644713758929213,8.67183122354983,0.2508917929558959
1589,1589,btaege,4.3153292720824545,9.04815573159346,0.3040155450699125
1590,1590,clv,4.997380809140004,6.6524052354740295,0.19401298505109119
1591,1591,adapted from:play,3.1503963249835385,11.599463526069027,0.4918981308697865
1592,1592,archaeology,2.0156624955600315,12.517535203728261,0.6749101459369325
1593,1593,bibliothek,4.447691582782829,8.835550392950697,0.28266790162076466
1594,1594,can't remember,4.384157019073541,9.546247029859183,0.2929148760471427
1595,1595,futuristmovies.com,4.078580891522605,10.23257398588862,0.34219877100947405
1596,1596,tumey's dvds,5.04767405723342,6.76995838673145,0.18590159501478262
1597,1597,best of rotten tomatoes: all time,3.835218312619106,10.943698664187227,0.3814487473494709
1598,1598,bd-video,5.187720759863675,6.458393619072715,0.1633145983224451
1599,1599,watched,4.127105155279079,9.761656493459805,0.33437268610793053
1600,1600,blu-ray,4.388079574929165,9.710802956250683,0.2922822388306107
1601,1601,afi 100 (cheers),3.7554634239578784,10.963415701399084,0.3943117664177951
1602,1602,dvd-r,3.989928367078205,9.92663324328796,0.35649681758097856
1603,1603,want,4.239404258129939,9.424625316693092,0.3162608747121162
1604,1604,no_fa_ganes,4.115113571282337,9.01795149875462,0.33630671142222435
1605,1605,dvd-video,5.046976418445914,6.479432391644103,0.18601411151599187
1606,1606,bgab lrc,3.2980001919271147,10.40079802068451,0.4680923004445398
1607,1607,10/10,3.581163897814139,10.401660273312622,0.4224231231762522
1608,1608,bob*ola,4.590846086716645,9.414104106270406,0.2595796728647967
1609,1609,kaf,4.032983752872148,9.956736413235092,0.3495527636457521
1610,1610,prospect preferred,4.163010782328382,10.047437963396163,0.32858175876607015
1611,1611,perrot library,4.264912568070564,8.993205371403768,0.31214684630991135
1612,1612,lgbtq+,2.566299999787102,11.321439640188935,0.5861022893214852
1613,1613,dvd-ram,4.171235054694856,9.696227258485475,0.32725533258644873
1614,1614,might like,3.2033108407669753,11.582353054082958,0.4833639778299067
1615,1615,anamorphic blow-up,4.117921437642216,10.084849532480728,0.33585385343276813
1616,1616,a list,3.6264110592301977,10.398812290319881,0.4151255755293046
1617,1617,pam's list,3.8913815394282363,10.586026741139944,0.37239063605985323
1618,1618,jim's list,4.226414898186858,9.904331616668394,0.31835582321543476
1619,1619,warner,3.601429457697356,9.942194905458983,0.41915465540476105
1620,1620,itaege,4.208987497110839,9.918725207839815,0.3211665473743558
1621,1621,etaege,3.9425821365810374,10.059542661572971,0.3641329070536282
1622,1622,01/11,3.5825307823049974,10.620405087020332,0.4222026694640692
1623,1623,11/10,3.5684683961381505,10.626249144059557,0.4244706776632735
1624,1624,12/10,3.3868385092072453,10.514913511240218,0.4537642888536003
1625,1625,01/12,2.9192565248029734,10.654683229283869,0.529176794373415
1626,1626,11/11,2.9496276033618383,10.994348380649948,0.5242784894646381
1627,1627,12/11,3.081117898589252,10.687537176205932,0.5030714863178573
1628,1628,02/11,3.542605071386345,10.609591739838544,0.42864196352470646
1629,1629,03/11,3.571867271102113,10.530788342742753,0.42392250068997217
1630,1630,05/11,3.5953469354185077,10.503791589026779,0.42013565608534215
1631,1631,06/11,3.2289575744686854,10.853236460791381,0.4792276241820869
1632,1632,tivo,3.958226945172049,10.356983818244888,0.36160968277729244
