,id,entropy,KL_div,norm_entropy_diff
0,0,7.087146419995444,1.616574951032392,0.041933623988174545
1,1,6.837037152502582,2.60658212488389,0.07574430960316332
2,2,6.859730652206863,3.3820673794061085,0.07267651930615972
3,3,6.05300678597109,7.941105315559845,0.18173240233210294
4,4,5.876385687030646,8.079985977879982,0.2056086885213766
5,5,7.005643487320902,2.4801453641787043,0.052951488543861946
6,6,5.903075326140462,7.910740978798517,0.2020006854826837
7,7,6.686196213667909,4.944721759574369,0.09613553945215086
8,8,6.865532999867005,3.697671883589824,0.07189213672596786
9,9,6.391107366527617,4.92229502673886,0.13602672916760036
10,10,6.70036599041233,3.6185802703155714,0.09422001720244512
11,11,6.396332972363233,6.666401352372699,0.13532031265682115
12,12,5.996780574954108,8.160868013274827,0.18933326719838164
13,13,6.947297562605882,2.3050884630230764,0.06083890406120837
14,14,5.765042971967774,7.427151625721608,0.2206604040065593
15,15,6.931350705819661,2.2554779085784937,0.06299465849106595
16,16,4.620673191923698,10.788987916770575,0.37536049668292626
17,17,6.201860133930325,6.562833325792493,0.16160986228775265
18,18,5.266320467054202,9.388324503718083,0.2880795364192904
19,19,7.098760646613524,1.2742553584502334,0.04036357035209194
20,20,6.215828293089489,6.29394452350621,0.1597215954406872
21,21,5.896902638541352,6.968899769017445,0.20283513197043326
22,22,6.487212292539466,4.895213479881889,0.1230349137422439
23,23,5.560245776275471,9.41028149563188,0.24834563801565657
24,24,5.190577915257122,10.166092693979742,0.2983186916179723
25,25,5.2541606216575065,9.947263625837268,0.28972334879759926
26,26,6.193223188677448,6.9327015486093515,0.1627774361387586
27,27,5.193365525894875,9.685562950414667,0.2979418522155989
28,28,6.57811172529248,4.571421779484709,0.11074679593597077
29,29,6.586575168555012,4.612902946873469,0.10960267671864543
30,30,6.574959622232614,4.945177090942549,0.11117290875718491
31,31,5.813522978739275,8.510003762822418,0.2141066993638054
32,32,6.281202858335677,6.981637921249015,0.15088402258738015
33,33,3.806332315834273,11.289120203889292,0.48544607496194714
34,34,5.652132442789597,9.135719736375728,0.23592406233850938
35,35,3.5279536019391378,11.366307508058009,0.5230783277439514
36,36,6.256072605451018,5.854577883234315,0.15428122209232298
37,37,6.094022071148008,7.235203370366783,0.17618780605853435
38,38,4.769294036610124,10.776959850671101,0.3552693872814315
39,39,7.104140982871668,1.6848532919556174,0.039636236816831344
40,40,6.8345913242568574,3.9284030853727305,0.0760749456116303
41,41,7.276859022191123,0.49925655749620246,0.01628758050351017
42,42,6.211109532565114,7.186567606540731,0.16035949474838318
43,43,6.559820562281649,5.515065209605373,0.11321946225613969
44,44,6.7958962981337665,4.222606817526236,0.0813058807793923
45,45,6.618903115406235,5.4554717206864325,0.10523246661599107
46,46,6.983004172989098,2.325347470003563,0.05601195386401798
47,47,6.4236587517623605,6.310192493178608,0.13162631384698173
48,48,6.511670184958076,5.698430027093444,0.11972860638442301
49,49,6.977736914071693,2.7924492788224393,0.05672400119074969
50,50,5.676017936048648,9.158706060044421,0.2326951339927664
51,51,4.448199985966294,10.55348717838018,0.398676055526828
52,52,6.5977781129484985,5.5969788625724695,0.10808822171804776
53,53,6.121002369386611,7.42210740632256,0.17254051065565584
54,54,7.213484905012841,0.8511488953219543,0.02485472546987369
55,55,6.8277027355538245,2.9337566704567744,0.07700617022919015
56,56,6.033673356117884,7.141392552054613,0.18434596609636786
57,57,4.6633709615246675,10.027638488288387,0.36958845601081963
58,58,5.644550598472262,7.886312464687686,0.23694900378576114
59,59,6.295311149385436,7.117982052328932,0.14897681219877754
60,60,7.131383005314768,1.4215860476954179,0.03595356057866912
61,61,7.19614554633627,0.9473271759473372,0.027198723398682127
62,62,5.229732852593024,9.110922564281676,0.2930255839702257
63,63,6.983784203822223,2.3939980701187427,0.05590650644284417
64,64,6.2018372171913,6.8432654828800565,0.16161296025635766
65,65,5.8744913007914885,8.327116601192348,0.20586477858236296
66,66,5.355882966108705,9.591008360349191,0.27597215020054117
67,67,6.699892118166016,3.8863677284789047,0.09428407698600448
68,68,6.745471971316846,4.180188590000328,0.08812242571770813
69,69,5.967088402736794,7.902475925429716,0.19334716364503915
70,70,6.116021519573639,6.828951810630656,0.17321384015203953
71,71,7.070462625270567,1.7344128903613956,0.044189000384108924
72,72,6.07576423285181,7.778748284971108,0.17865596742188594
73,73,6.551261244749014,4.784841416041313,0.114376542107981
74,74,7.045642705625407,2.2364363102677203,0.047544247906617196
75,75,6.906046466391563,3.419146277337994,0.06641537813334886
76,76,6.6412960052892505,5.195364020467855,0.1022053138541795
77,77,4.857220159492913,9.798373216413232,0.34338321237901737
78,78,6.0694594009954255,7.113935821963378,0.17950827765368363
79,79,7.072000740247136,1.7377434109836924,0.0439810723755478
80,80,5.556856672854151,9.175425654444014,0.24880378941261827
81,81,6.564455406729779,6.022399627291785,0.1125929070305738
82,82,6.3629988064302285,6.768461871923703,0.13982654713544093
83,83,6.607283239488224,4.751631752810068,0.10680328394510215
84,84,5.711784317174326,8.896890096249766,0.22786010376798413
85,85,6.178674953593284,6.800383048625761,0.16474411977113393
86,86,5.106732318924445,10.158823695268396,0.30965324601582683
87,87,4.996226876608073,9.700795350015902,0.32459177590860955
88,88,5.424804644443569,9.20601091454717,0.26665506562548064
89,89,5.316961825603603,9.20996228093128,0.2812336523375316
90,90,5.6185850856905954,8.935651324906248,0.24045911677874707
91,91,7.1263744523275525,0.765511917992193,0.03663063509147813
92,92,6.42598427810584,6.266732843486451,0.13131194068969354
93,93,6.258461902196176,6.041949488301289,0.1539582282188802
94,94,5.959060331982375,7.470223516248329,0.19443242761423724
95,95,6.4912225424330785,5.9509587092780825,0.12249279349316378
96,96,7.052307192512352,1.3918607976434059,0.04664331819226291
97,97,4.975188228921448,10.45263377265466,0.3274358572568439
98,98,7.151329243321657,0.883751767779645,0.03325715516669491
99,99,7.082032673783511,1.4224383365140607,0.04262491890587072
100,100,6.894900579868597,2.9184017808519753,0.06792211984230641
101,101,5.952514146053059,8.682448556471305,0.1953173649724248
102,102,6.926010837222176,2.9983319287476027,0.06371652145993839
103,103,7.068591674630717,1.853539644604393,0.04444192233505953
104,104,6.459356187999457,5.125472883651324,0.1268006038444204
105,105,6.100752359573671,7.373116443035393,0.17527798105149103
106,106,6.689849461230269,3.9630798047562523,0.09564168008403211
107,107,6.8663913885866,3.9060382263775644,0.07177609659908807
108,108,7.069563511830667,1.7457109128982118,0.044310545827640026
109,109,7.062401094834767,2.1172742190042113,0.045278787555423035
110,110,6.5974972728366685,4.764714920238525,0.10812618671160575
111,111,6.695372448488024,4.516637422003411,0.09489506246486334
112,112,6.0181886357550844,7.878518357639197,0.18643924723413124
113,113,6.652822787382469,4.048876629753983,0.10064708128881716
114,114,5.656742088793574,8.351522634106802,0.23530091353079358
115,115,6.160023557845326,7.115116610815081,0.1672654836703463
116,116,5.967202795595353,7.843115215558696,0.19333169959999952
117,117,6.842784001430816,2.9713520200835744,0.07496742954455085
118,118,6.31549209015951,6.645412929545259,0.14624867880825299
119,119,6.932532806110647,3.4551268204837644,0.06283485784991193
120,120,4.857980664096233,10.034798230289685,0.3432804045850106
121,121,5.634069761269368,8.424627375605402,0.2383658416950523
122,122,6.218329958355543,6.952525370863464,0.15938341117957455
123,123,6.123339794738676,7.691628223357042,0.17222452894686352
124,124,5.099185748438204,9.338133688920221,0.3106734190175687
125,125,6.15217687671454,6.629364587408076,0.16832622672674524
126,126,4.860313601970638,9.550663761323975,0.34296502950986235
127,127,5.461838498833146,8.888913667381235,0.2616486937287935
128,128,6.081970572305894,6.998635264023199,0.17781697175329111
129,129,5.723413242789679,8.770828333977914,0.22628806306768492
130,130,6.655934828473436,5.233719991278905,0.10022638419109524
131,131,5.85717597916207,7.582735575840007,0.20820552709521598
132,132,6.933543598817862,3.046190238650458,0.06269821519453109
133,133,6.22784169468029,7.165503795453263,0.15809757987171283
134,134,5.570383909627389,8.63792935413038,0.24697512806646274
135,135,6.76930647458548,4.556918986838079,0.08490039038537804
136,136,6.747664005989955,3.997383065935958,0.08782609845269884
137,137,6.245934395681697,7.151053118050813,0.15565174237190074
138,138,6.244847691723308,7.015779687432511,0.1557986469878791
139,139,5.825844844040463,8.41622695441656,0.2124409845421801
140,140,5.178277420590085,9.516088394190696,0.2999815174791048
141,141,6.227596300057014,4.657008603046571,0.15813075321447762
142,142,6.079760755405747,7.189733017899714,0.17811570288479425
143,143,6.719459545211316,3.8296903601912673,0.09163888062541084
144,144,6.336553091599566,6.970351947512091,0.14340157559786568
145,145,5.872680651142257,8.153838190279203,0.20610954882483626
146,146,6.81744119908688,3.6025911269574227,0.07839336226285001
147,147,5.146372925273523,9.619947124726345,0.30429448385442687
148,148,6.8173456570984765,3.6576040986275067,0.07840627797831039
149,149,4.69915390504164,10.144448424424656,0.3647511868214012
150,150,6.5005487939945485,5.926791767302013,0.12123203669405733
151,151,5.955781177005031,7.939851525899177,0.1948757157783792
152,152,6.250361376089893,5.649923921820607,0.15505328696756632
153,153,6.324345247355668,6.744772844552113,0.14505187663590685
154,154,6.5436625055357585,5.3090432225890485,0.11540376746906046
155,155,7.106763015496779,1.4098394847065332,0.03928178085584858
156,156,6.824991244771949,3.9592874348473974,0.07737271947101919
157,157,5.059729650436077,10.002781740614743,0.3160072386657437
158,158,6.212807413252017,7.200033922084763,0.16012996902671725
159,159,6.156868778208766,6.552864182026026,0.16769195832098813
160,160,5.575526006874779,9.09481038922494,0.24628000055209281
161,161,5.680706322088156,8.455435273713572,0.23206134081903676
162,162,6.858626783463597,3.903308286657594,0.07282574432054198
163,163,6.501224132392382,5.319525325173704,0.12114074197922421
164,164,6.57458713208694,4.9651849017183896,0.11122326333755016
165,165,5.764331961587829,8.619514045078418,0.22075652099041315
166,166,5.947459850432414,7.294650297435119,0.1960006231417357
167,167,7.2165711724302275,0.8934038828666763,0.024437512551619793
168,168,3.4762583585056124,11.22342895613268,0.5300666798391855
169,169,6.922404899450946,3.2630133216472776,0.06420398531744517
170,170,4.28982653940975,10.682330118421811,0.4200855573216319
171,171,5.391367414770014,9.218397499172013,0.2711752326375287
172,172,6.655043619376469,4.175241095249262,0.1003468610966366
173,173,7.112414747092857,1.0088403042591605,0.03851775910611172
174,174,5.157214520850449,9.349575168275097,0.3028288773085729
175,175,6.562401943737101,3.862268055978304,0.11287050166896292
176,176,6.146974542795835,7.558451862295349,0.16902949725467376
177,177,6.923567300777746,3.175800205681405,0.06404684765432356
178,178,6.399008378848038,6.630754973021082,0.13495864142225716
179,179,6.2937619004057535,7.518300375413897,0.14918624534260494
180,180,6.514794346190321,5.875727029535653,0.11930627084167074
181,181,6.996594082417394,2.074075934453335,0.054174820199111316
182,182,5.873443913073714,8.66224938709988,0.20600636828512625
183,183,5.4974128705096765,9.24992309209005,0.256839620043668
184,184,6.472657381017293,5.955809243197055,0.12500249991993004
185,185,6.676368456031557,4.106794687622376,0.09746409167684002
186,186,6.512467506170438,5.906275253198721,0.11962082158654022
187,187,6.692761910615451,4.737964112885969,0.09524796452315326
188,188,5.9201725013588575,7.949087700162708,0.19968942679959611
189,189,5.641546961033097,9.202065252105388,0.23735504648131986
190,190,5.331521849247821,9.220077511479523,0.2792653750844886
191,191,6.818406090890843,3.5691868714680286,0.07826292465946452
192,192,7.158701412481706,1.445114521226899,0.03226055837414276
193,193,5.6602638900030176,8.073357672170694,0.23482482356145892
194,194,6.05044455903233,5.7869437614202806,0.1820787735416509
195,195,5.34830742744798,9.209603838172626,0.2769962392260679
196,196,6.664153940110552,4.655971053466752,0.09911529461659574
197,197,6.709493289933388,4.385881855556194,0.09298615546787689
198,198,6.484209579196731,6.11123601608212,0.12344083151506705
199,199,6.517285138680671,6.021392344025414,0.11896955640214765
200,200,5.084432999286696,9.837811601084088,0.3126677496096275
201,201,4.590785976069177,10.235693489565904,0.3794007598418808
202,202,5.445292998122927,7.982678805244265,0.26388537503398246
203,203,6.544544466492013,5.856985421888363,0.11528454076100784
204,204,5.5367682046942654,8.556323712421381,0.25151942201691585
205,205,6.999968033393733,2.1164798124418893,0.053718717165085805
206,206,5.465868491945848,8.876562902584297,0.26110390451914123
207,207,5.091860164854912,9.782676753463837,0.3116637182014566
208,208,6.8925492054964135,3.4742176735400347,0.06823998723066026
209,209,7.046052878888933,2.2490627942440096,0.04748879918454559
210,210,5.213914509011237,9.347915248547014,0.2951639655150397
211,211,6.934322158378263,2.732607499639638,0.06259296666538565
212,212,3.848707807238231,11.217259646777102,0.4797176010353231
213,213,6.070546700834409,7.958351650312706,0.17936129248438692
214,214,6.395303543129476,6.804304423112659,0.1354594746660275
215,215,4.374191715717578,10.45725236155742,0.4086807642022467
216,216,6.269050155234603,6.622231910055109,0.15252686944404223
217,217,5.856830224575882,8.305264283837804,0.20825226746485817
218,218,4.726412304734668,10.489560818645327,0.36106629664668993
219,219,5.3107809705744495,9.246617092806668,0.2820692029283489
220,220,5.3817344771398865,9.491780873606949,0.2724774483811749
221,221,6.8549504387647495,3.9194680345353716,0.07332272604405456
222,222,4.329764127146529,11.008510426575526,0.41468664812996114
223,223,6.163238347280297,6.150099074575998,0.16683089667565495
224,224,6.831435178624439,3.51125692759664,0.07650160492258877
225,225,6.603980404896228,4.510655999885369,0.10724977320616673
226,226,5.616104710996034,9.040057665377706,0.24079442290252995
227,227,5.720344557469206,8.758982237490136,0.2267028991737673
228,228,6.646168911032459,4.968450087129535,0.10154657663197805
229,229,5.371612719682032,9.347041805212282,0.2738457445771103
230,230,6.843326207825996,4.130230986303435,0.07489413210079911
231,231,5.467432992435273,8.831185056903333,0.2608924096204408
232,232,5.504543757356458,9.484931000692228,0.255875640676772
233,233,6.787259939940363,4.055600872418255,0.08247337526955127
234,234,5.598484736932478,8.992082787018152,0.24317635544576985
235,235,6.505619447104959,5.469994169927586,0.12054656725944858
236,236,4.72863659078611,10.394400004474361,0.36076560952239034
237,237,5.356795076284925,9.897297230866833,0.2758488478106556
238,238,5.89081378227095,7.838597946734316,0.20365824583253475
239,239,4.833721036283701,10.438829405636053,0.3465599098081809
240,240,7.1781522327736935,1.279892144868211,0.029631125340979402
241,241,7.120687510807096,1.5236194810800847,0.03739941664758123
242,242,6.065853510893406,7.82312615014964,0.17999573506709213
243,243,6.290458119721835,6.660699067433352,0.1496328624998361
244,244,6.718771764089697,4.214991732179323,0.09173185739315755
245,245,5.280875554680382,9.372992249748151,0.28611192643522043
246,246,3.96158846709169,11.182182023973116,0.46445798054794274
247,247,5.137772773096366,9.67713026991263,0.3054570838828774
248,248,4.597661137307153,10.505213498425176,0.37847135039816165
249,249,4.63904000241432,10.482199133749406,0.37287760405974024
250,250,5.006259030754536,10.013030199096406,0.3232355926160539
251,251,5.718418085387819,8.175533582126548,0.22696332671626795
252,252,7.028188952547105,2.256498904830294,0.04990371008907687
253,253,6.6327076359221735,5.0479876408590965,0.10336632103926481
254,254,6.211615392336109,7.411516598416174,0.16029111077423538
255,255,7.002544086853947,2.126561708937589,0.05337047683579386
256,256,6.502225527749865,5.565919233358905,0.12100536969195325
257,257,4.402396825022571,10.654897485419687,0.4048678943593701
258,258,4.758977538302746,10.684414355682897,0.3566640092577174
259,259,5.41574141669443,9.568371766087228,0.2678802659035628
260,260,6.902212096528205,3.0215702113208747,0.06693372227661518
261,261,6.670602911885462,5.155117728910625,0.0982434990233851
262,262,5.97622010395849,8.128368333753944,0.1921127068724783
263,263,3.4044507510250064,11.321079648862945,0.5397738948721533
264,264,6.387550248855665,5.695578136472994,0.1365075933455154
265,265,6.976299004918211,2.6547962938088743,0.0569183830096189
266,266,5.2754421540426595,9.543953668761343,0.2868464334074083
267,267,7.0686042800033535,2.0377377754739934,0.04444021829467934
268,268,6.624209712697837,4.780640541153334,0.10451510138394575
269,269,5.484750144328632,9.202555099897207,0.2585514136858137
270,270,5.260872218479239,9.773863800860461,0.28881605058994436
271,271,6.664490542011447,5.0636003177880005,0.09906979154042964
272,272,5.633461453163963,8.394594013667422,0.23844807500977533
273,273,6.630013095808668,4.341364441984782,0.1037305788277425
274,274,6.929701643125835,3.1758944351707155,0.06321758481786405
275,275,6.324685253462649,6.37396994493821,0.14500591336671034
276,276,2.9225968765906165,11.77582862207986,0.6049126641156015
277,277,6.173246119192056,6.923638394562983,0.16547800946277044
278,278,5.350824006893513,9.916207900948372,0.27665603881162115
279,279,6.4993830134431425,4.887744257228635,0.12138963117312149
280,280,5.6257797296412635,8.730588272085136,0.23948651849334063
281,281,6.061477204068651,7.622330764045325,0.18058734023106615
282,282,6.5243178100451225,5.7323192745272795,0.11801885416339995
283,283,6.658570703306404,4.357071154550559,0.09987005698982308
284,284,6.536882506312633,5.746735727450936,0.11632031256353403
285,285,6.906090140395782,3.370321685722336,0.06640947412171022
286,286,6.294732813527149,7.230853670062246,0.1490549937555044
287,287,6.169583811729721,7.642326575318034,0.16597309358130663
288,288,6.789390658504571,4.763502374384009,0.08218533694042168
289,289,6.401626675190684,4.601497764574323,0.13460469054560434
290,290,6.434236121681844,6.25887375922785,0.13019642629197026
291,291,4.947669640760442,9.591623061402473,0.33115592066035876
292,292,6.128829832464643,5.832264202084893,0.17148236556592295
293,293,6.180508191168207,6.443284079347833,0.16449629601024485
294,294,6.263853306945162,6.631401736115421,0.15322939840454186
295,295,6.727185385269695,4.623127979027771,0.09059447330718542
296,296,5.665770400964797,9.300294472170735,0.23408043326824632
297,297,6.482834302327532,6.188005568273132,0.12362674647265405
298,298,6.108340734238599,7.504258947569367,0.1742521568079654
299,299,6.214749456138778,7.634385181279057,0.1598674365657921
300,300,7.098436372129229,1.8563044894556657,0.040407406962991485
301,301,6.153038048745822,6.154633648011323,0.16820981034161095
302,302,5.099834053693695,9.786887710912053,0.31058577874179766
303,303,6.185495690772599,6.784168580139836,0.1638220675707338
304,304,4.252921122489457,10.919247974456692,0.42507456657142995
305,305,6.6757372590348405,4.72882153793851,0.09754941919561219
306,306,5.225555182346077,10.014035944198993,0.29359033671505014
307,307,6.115461018221213,7.172657306616064,0.17328961077503016
308,308,6.542547582033581,5.78096537039421,0.11555448690618787
309,309,7.141783919992904,1.5579109700765872,0.03454752688861071
310,310,7.078141754900882,2.1504169989317488,0.04315090755240395
311,311,6.7234406658415535,4.42642493800502,0.09110069817670106
312,312,4.734329330894546,10.59585632711903,0.3599960440919543
313,313,6.691317265670055,4.527744071091128,0.09544325691101115
314,314,7.057835408088061,1.050555927717863,0.04589599378994933
315,315,6.63666305864655,5.440348796105026,0.10283161252746566
316,316,6.242723764835214,7.281591342851194,0.15608576719338937
317,317,5.3445080228165365,9.6843969143181,0.2775098566413904
318,318,6.257589843200696,7.34635584129987,0.15407611634365642
319,319,5.416976274051274,9.807669586085929,0.2677133333692743
320,320,6.1681580893287205,7.525836371720594,0.16616582795039933
321,321,6.46594411657673,6.1452071331567195,0.1259100235623982
322,322,5.867362667603916,7.648955515718182,0.20682845329136376
323,323,5.510335461961737,9.210332177358236,0.2550926968636662
324,324,5.072945183584422,9.262622747731054,0.31422071455573286
325,325,5.8183910904829865,7.033918744601869,0.21344861021199116
326,326,5.517903500023053,9.521517770965096,0.25406962179660286
327,327,7.13260931002212,1.2886712108967693,0.03578778422282232
328,328,5.701286087313642,8.168636582797845,0.22927929288037313
329,329,4.981555682384106,10.106862606689262,0.32657508160725646
330,330,6.9861197186791255,2.6056522086385487,0.05559078300177609
331,331,5.973671473532638,7.2388629942691605,0.19245724005567885
332,332,4.727355362864057,10.437694581121555,0.3609388105992952
333,333,5.878841351560182,8.494321639487158,0.20527672280808526
334,334,6.302053173508355,6.784903984432156,0.14806540071725302
335,335,6.818432831634265,4.147781060263077,0.07825930974795796
336,336,5.456809024139654,9.138467068020216,0.2623285965143832
337,337,6.411588246106116,6.119769983055312,0.1332580489523947
338,338,5.217199219143612,9.72111037925579,0.29471992638472133
339,339,6.5323368736510785,5.8894674272964505,0.11693480781347686
340,340,6.26245178103253,7.039369435530997,0.1534188618038324
341,341,6.525056317060535,5.324798670588516,0.11791902008378793
342,342,6.537253945241484,5.661858144065832,0.116270100090504
343,343,6.798610384769086,3.3304100645286456,0.08093898062059972
344,344,6.643665651871074,5.290521877989963,0.10188497636169153
345,345,5.786009380918517,8.636829020887898,0.21782608815487225
346,346,5.787653948626881,8.627260848846543,0.21760376947665042
347,347,6.949120351754848,2.631241055485946,0.06059249275675771
348,348,6.812038570041144,3.1872630913809505,0.07912370941867856
349,349,5.677957709637793,8.884575731715566,0.23243290830379346
350,350,3.0688503207224453,11.764446600944549,0.5851415885804189
351,351,6.250646951754084,6.457707290117356,0.15501468180471875
352,352,5.584684565365443,8.636803481525405,0.24504191311567602
353,353,6.46958593130575,4.858184296489233,0.12541770972650865
354,354,4.686201722136959,10.193870211717158,0.36650211028220614
355,355,6.2360525116817564,7.0541837400122915,0.15698761159640007
356,356,5.681187793864783,8.795477646783938,0.2319962537031725
357,357,6.770417058618783,3.9561596428704053,0.08475025757352567
358,358,5.539271828221204,8.974258802346615,0.25118097303093406
359,359,6.0171890060915665,8.12599311590074,0.18657438082843353
360,360,6.37083183715771,6.613857441762839,0.13876764939049038
361,361,6.061903741887266,8.098999896340157,0.1805296792885802
362,362,4.41993821197703,11.225725291298545,0.4024965855089893
363,363,5.13091807264389,9.823141717482622,0.3063837273627723
364,364,5.5827530855594265,8.922156505676927,0.24530301762070914
365,365,6.614042685462477,4.2804388311252906,0.10588951731398955
366,366,6.697965877061153,3.435329175051237,0.09454447330425378
367,367,2.941049785497582,11.639396651358751,0.6024181323935683
368,368,5.146688363663079,10.017776884798185,0.3042518417391343
369,369,5.434162783829869,9.407640021684209,0.2653899981135761
370,370,6.109219811020873,7.229440562980096,0.17413331999310105
371,371,6.736315683570618,4.787815170453006,0.08936020618658624
372,372,5.0963033473580435,9.85391370708657,0.3110630725386658
373,373,4.722595322500972,10.33381103787025,0.3615822902665792
374,374,6.692178899434387,4.704633065184287,0.09532677810711426
375,375,5.017184148986744,10.045167845564578,0.32175869517215444
376,376,6.468802289121344,5.359465194565102,0.12552364534335803
377,377,4.952932569605845,9.57675238796391,0.3304444586885986
378,378,3.758026229693535,11.184589691010427,0.49197626837767755
379,379,4.560929858628494,10.468617106966617,0.38343681900350274
380,380,4.877249307172425,10.426739776398222,0.3406755989342357
381,381,5.963863011334461,7.930070489485589,0.1937831838524577
382,382,6.552871987227975,5.412966083321885,0.11415879604799385
383,383,6.741690985682684,4.750127885322404,0.08863355318560605
384,384,5.621774754091765,8.76425177246469,0.24002792573729118
385,385,6.864359033675765,3.051099833321259,0.07205083776976581
386,386,5.733302859528385,8.196991278868163,0.224951148503275
387,387,4.728507076653321,10.619953514545784,0.3607831177165901
388,388,5.777626545506064,9.043114965569856,0.21895931050818124
389,389,4.640545642186696,10.401962611119284,0.3726740661680678
390,390,4.248149954513524,10.780740746099124,0.42571955051012067
391,391,5.754357762052257,8.640749497880666,0.22210486976668567
392,392,6.4739394752139425,5.584315271429125,0.12482918173685652
393,393,5.966814402763934,7.544996934192102,0.1933842039635917
394,394,6.364417600983801,6.112401586667368,0.13963474929810385
395,395,5.9851412565493955,7.403104192792108,0.19090671283396052
396,396,5.582163586114452,9.014626112747763,0.24538270831191802
397,397,6.331262250367592,7.056831883296086,0.14411681086813882
398,398,6.7843441810752525,3.688972495428077,0.08286753821803204
399,399,5.884839569248538,8.374529084969478,0.20446586180103749
400,400,4.399388224150716,10.546230238646253,0.4052746080299148
401,401,5.611690352011873,8.511045922573988,0.2413911720965973
402,402,7.106470234229549,1.3929536520608523,0.03932136009847116
403,403,6.887031962630331,3.5755438903335914,0.06898582830195109
404,404,5.5001309508195595,9.042447090568727,0.2564721800053401
405,405,6.472160334305215,5.40081554626652,0.12506969251253763
406,406,6.250922102151968,6.768404081254612,0.15497748596750352
407,407,5.76408416547349,7.958393678981393,0.22079001897552397
408,408,6.017322525810897,7.588682580908607,0.18655633114439366
409,409,5.554044261883417,8.458821355145277,0.24918398141471723
410,410,6.369005773910928,6.180484084061465,0.1390145032994596
411,411,6.7313540573488915,4.02875342741474,0.09003093696759049
412,412,6.106164608876412,7.2643697288603075,0.1745463333941321
413,413,5.676853098598297,8.265231390350237,0.23258223366449532
414,414,6.837223280306244,3.8633145120749006,0.07571914816585669
415,415,5.96546554167896,7.041215137230651,0.19356654793884495
416,416,6.479893860485708,6.195722188765025,0.12402424615621102
417,417,5.169765931926545,9.319294253567953,0.3011321316494762
418,418,5.750743825557834,8.581542972770999,0.22259341492085097
419,419,4.267228407762492,10.720004721688097,0.42314045541585543
420,420,6.950191000356785,2.633035647861343,0.06044775856259095
421,421,6.4344485989360845,5.767621652056464,0.13016770283955487
422,422,5.696972598554444,8.055695911593425,0.2298624060684728
423,423,5.402944621682399,9.218372279090545,0.26961018346067045
424,424,5.611719515739102,8.458916369785316,0.24138722963727713
425,425,5.974411445368391,7.608252443925374,0.19235720795629535
426,426,6.420822089427938,5.991191191077961,0.1320097842371294
427,427,6.200195766182578,6.607941088576915,0.16183485760772187
428,428,6.385602175948852,6.000180995843942,0.13677094096660747
429,429,4.957347555220439,10.119229310234754,0.32984762478433716
430,430,5.176080219600245,9.690054411965333,0.3002785431457068
431,431,5.054636422268318,9.314641855414315,0.3166957598791786
432,432,6.883435644807535,3.35457177463512,0.06947199169964136
433,433,6.090555518223495,7.499132831744706,0.17665642736262804
434,434,5.9567712784245135,8.076243462735913,0.1947418702469575
435,435,6.3286245595874995,6.578889607135996,0.14447338355578548
436,436,6.229258339652764,7.094618464084203,0.1579060726226112
437,437,5.627273847479904,8.745768699533395,0.2392845381788149
438,438,5.925235077769075,8.12933087611711,0.19900504920286183
439,439,6.524520156115232,4.956702701447998,0.11799150028151276
440,440,4.964196441957842,9.959779348272331,0.3289217672237107
441,441,5.355178526954234,9.877540469382001,0.2760673788620997
442,442,6.864911992841743,3.1738604838239066,0.07197608672712658
443,443,6.006724009219569,7.7844990355396035,0.1879890773838542
444,444,6.108641983221163,6.360265683674203,0.17421143286861124
445,445,4.786958618306155,10.314907906318208,0.3528814245152704
446,446,5.948445328119423,7.797278980001847,0.19586740266338215
447,447,5.7546371464277435,8.795174299840216,0.22206710156489123
448,448,5.3246775485076006,9.61909491317396,0.28019061269324147
449,449,4.982049729367955,10.559320489626883,0.326508294528883
450,450,6.7318132558516215,4.724160577666932,0.08996886083436155
451,451,5.725153014199228,8.876856036833335,0.22605287440490618
452,452,4.462330495726983,10.14887066993087,0.39676584153161165
453,453,6.299767699566148,7.267540193537201,0.14837435944443578
454,454,3.81868494408555,11.082850488586867,0.4837762014922058
455,455,3.1910339047538585,11.266287558883189,0.5686243647749613
456,456,4.160390688531871,10.887454999833894,0.4375831690863196
457,457,4.942675093369834,10.203145903502461,0.3318311018453896
458,458,6.899392326882138,1.7072966297932148,0.06731490905136192
459,459,4.676398438965458,10.44241821315046,0.3678273539592154
460,460,6.140209206275963,7.721273896629753,0.16994406019128916
461,461,5.60720354369928,9.295063490001453,0.24199771525588318
462,462,6.951109232724322,3.320271087928135,0.0603236285524897
463,463,6.556071203545378,5.582566091394354,0.11372631428429768
464,464,5.842026282578647,8.358598703335186,0.21025351849305252
465,465,4.957153329164181,10.30564422032316,0.329873880973051
466,466,6.627566889781619,5.348058200011666,0.10406126590607075
467,467,5.6644183701457855,8.879022384786989,0.23426320573974085
468,468,6.580008585605073,5.009806783273403,0.11049037142068781
469,469,7.162734393831743,1.3872513523267291,0.031715365203637456
470,470,5.210656759770789,9.912324536185597,0.2956043599733714
471,471,6.300686982368304,6.821755650694507,0.1482500874327406
472,472,6.904330532647878,3.2356788549255784,0.06664734433326401
473,473,6.407843040067908,6.144567562352057,0.13376433960363907
474,474,5.987423335690464,8.087759431284269,0.19059821302841304
475,475,6.461977977886534,5.978651585706955,0.1264461806976531
476,476,5.563843078767889,9.055669212562238,0.2478593415067251
477,477,6.081194589957466,7.775946851248001,0.1779218718854953
478,478,5.399517303172832,9.790657339166492,0.2700735009130423
479,479,6.247297766116875,7.240414181019464,0.15546743696961535
480,480,6.08441087774281,7.776629513470816,0.17748708233831986
481,481,3.415543612703053,11.65194859848145,0.5382743212556831
482,482,5.813892214035628,8.83413019069009,0.21405678478587672
483,483,6.655872036164018,4.765203237175881,0.10023487268516044
484,484,5.567198028300732,9.165084585188175,0.24740580715733387
485,485,4.850665758469244,10.146180775840055,0.3442692602837083
486,486,5.528235686679405,9.148411631808383,0.2526728790119186
487,487,6.626502006454017,5.756131405986456,0.10420522072936497
488,488,6.136733263635749,7.445731623601068,0.17041395083149646
489,489,6.388023405656407,6.670803026083995,0.1364436302785054
490,490,6.4093148667043245,5.282796390624606,0.1335653726953654
491,491,6.342029456167917,6.934789669618041,0.1426612606043844
492,492,6.758714969513533,4.160855191330357,0.08633218878200231
493,493,6.629462235326246,4.946825765356477,0.10380504616266209
494,494,5.526960612704514,9.166499849232386,0.2528452481757368
495,495,5.454985252706081,9.261156351813556,0.26257514060765996
496,496,6.9526782273177385,2.4617513893405443,0.060111526124373434
497,497,5.309729577093107,9.028341407448782,0.2822113341448835
498,498,5.330353072427764,9.189561702945538,0.27942337461010863
499,499,6.567300346003847,4.67239416119799,0.11220831773344993
500,500,5.229607261400989,9.68427481667874,0.2930425618469452
501,501,6.404839088861051,6.170178464467019,0.13417042471546206
502,502,2.7929609029789932,11.804211924521884,0.6224373292034342
503,503,4.812729483717524,9.87559068812506,0.34939762466577123
504,504,6.2823166600700695,6.36724933745775,0.15073345479492498
505,505,6.533243095972668,5.916276762662783,0.1168123013653165
506,506,5.372008343422834,9.107949080946234,0.2737922627127389
507,507,5.3532521746382,9.092460704330861,0.2763277902142819
508,508,7.044406683484678,2.1119746613394232,0.047711337900651664
509,509,5.144552409665392,9.35636541005238,0.3045405878133114
510,510,3.5457230926689802,11.393960541077904,0.5206761829908694
511,511,6.35338774053055,6.787563037206809,0.14112580617856388
512,512,6.3014420189844795,7.038417247293184,0.14814801882123643
513,513,6.327544604858339,6.551168687414894,0.14461937578626974
514,514,5.785921102815811,8.611834693416807,0.21783802191169463
515,515,6.0816541043768115,6.979953159406593,0.17785975304550272
516,516,5.641819375763726,8.17495474178181,0.23731822046161047
517,517,5.936633847874959,8.060164401777755,0.1974641217661823
518,518,3.110561540278391,11.357147788976357,0.5795029133519446
519,519,6.782971781664768,4.441061126268348,0.08305306419022497
520,520,6.28732438840435,7.071455825575355,0.150056491761716
521,521,6.356627278058309,5.436100267582448,0.14068787364616725
522,522,6.442561653334539,6.43968753388711,0.12907095047050773
523,523,5.593393459786732,9.009275533479205,0.24386461291291267
524,524,6.320013082378154,6.988093027115218,0.14563751454351115
525,525,6.356405100449006,6.532010819351463,0.14071790842806134
526,526,3.6994732438176907,10.680870063743342,0.49989167518012056
527,527,5.980671883277962,7.50064300060307,0.19151089906060959
528,528,5.356864789377823,9.828785487698005,0.27583942373976506
529,529,4.986706162962424,9.963907469035165,0.32587882080354763
530,530,4.793777038597529,10.873576331584559,0.3519596855202566
531,531,5.350036242710132,9.808195402453805,0.27676253165536907
532,532,5.700521936038987,8.768630870856729,0.22938259364474964
533,533,4.110906066503128,11.479589762406032,0.4442726812941714
534,534,4.4794049001479195,10.7544455613352,0.3944576610882143
535,535,4.571647398328578,10.877642568782935,0.3819879827848447
536,536,5.089015856483085,9.894675209557626,0.3120482222109079
537,537,4.068334873856387,11.091877143045465,0.45002761083061954
538,538,5.745533090885251,7.384342500075044,0.22329782109341642
539,539,4.884422042834839,10.118100631025268,0.3397059622913704
540,540,3.77873776574347,11.288376091535447,0.4891764071769812
541,541,5.119042519647788,9.957380436074875,0.30798910805450064
542,542,4.208540134863257,10.533314512726946,0.4310741508129655
543,543,5.305669136557267,9.640087354736309,0.2827602393485643
544,544,5.931715965080235,8.014300791958071,0.1981289391507222
545,545,5.830616600006474,8.724123822367517,0.21179592111684006
546,546,6.221775222848373,6.573509235578346,0.1589176677235434
547,547,6.068437747034825,7.33255943247463,0.17964638857302467
548,548,6.448944317702745,6.360246566941177,0.12820811855507075
549,549,6.442014805853509,5.925695362732201,0.12914487531322066
550,550,6.542660719552716,5.810916093731175,0.11553919256252336
551,551,4.531552491248006,10.578181728799386,0.387408158980843
552,552,5.044484571942909,10.105848514649765,0.31806812413902213
553,553,4.62062817006748,10.394885358938474,0.3753665829021282
554,554,5.746733000738756,8.620060829689283,0.2231356128904584
555,555,5.554168574436761,9.187411063116816,0.24916717638905292
556,556,6.106615499583349,7.985584635281631,0.1744853803391263
557,557,5.6100123880543205,8.787832696924708,0.24161800540193942
558,558,4.9120504674432715,10.397825938109655,0.3359710507951389
559,559,4.90081981445955,10.25308241799086,0.33748925154431536
560,560,5.3808257539312345,9.526944584369344,0.272600292908396
561,561,4.755486038534492,10.22226704983019,0.35713600296739717
562,562,5.4826777509613365,9.213842519697355,0.258831567401486
563,563,5.977432268413595,7.9903937431322785,0.1919488420476518
564,564,5.8395946437457775,8.590126915458935,0.21058223632478862
565,565,6.0490598614609254,7.746833131619416,0.1822659620242206
566,566,6.074983240814923,8.106227849574278,0.17876154478210013
567,567,6.119871113789914,7.63633239745287,0.172693437925059
568,568,4.998309396242358,10.36742553441371,0.3243102532871263
569,569,5.260450411230806,9.587849460908114,0.2888730720366498
570,570,5.63844758089343,9.102013098586667,0.2377740320253346
571,571,4.656756451568038,10.2911753444514,0.3704826296609312
572,572,5.355895544554157,9.88956081259332,0.27597044980027635
573,573,5.986540689956746,7.8570571726612135,0.19071753230718785
574,574,6.097863177886329,7.444658492807664,0.17566855119986868
575,575,3.6740439940201006,11.240523060758143,0.5033292941814071
576,576,5.457000887497341,9.433939148571845,0.26230265972390426
577,577,6.096056476688808,7.816411640792204,0.17591278767619734
578,578,4.507071229411806,11.190133310780386,0.3907176255020131
579,579,4.7182033264941285,10.067731148075973,0.3621760163515748
580,580,4.500501560888766,10.62011495036355,0.3916057373231135
581,581,6.778460944762185,4.451291381315498,0.08366285562219618
582,582,5.2558394623281375,9.831464391898763,0.2894963969749765
583,583,5.806582035361648,8.594647989331392,0.21504500147777675
584,584,4.484961120520515,10.53919221876965,0.3937065508950233
585,585,5.348158496789866,9.617731098214048,0.2770163722171818
586,586,4.409466626601682,11.2050184898962,0.403912172722392
587,587,5.6205985812070285,8.857573482738143,0.24018692508998749
588,588,5.011576296326403,10.577523461266388,0.3225167852068605
589,589,5.310511305383527,9.552127381296078,0.28210565725522363
590,590,6.0445182478499015,7.852067193607542,0.18287991396421205
591,591,6.555536349276559,5.3535231652821835,0.11379861784071588
592,592,4.328662983493912,10.46586878411186,0.4148355047566219
593,593,6.189462007694534,6.6259914619996145,0.16328588634146055
594,594,4.83637738476616,10.604343879754556,0.34620081490408333
595,595,6.437922472603455,6.436598856919811,0.12969809189066422
596,596,5.546053445947152,9.142857414832182,0.2502642091413289
597,597,6.4955004612871114,6.03242180526348,0.1219144887749499
598,598,6.554428596712718,5.433413149597679,0.11394836788416954
599,599,5.864128924105273,8.178580574264485,0.20726560256571142
600,600,5.073578566180027,9.795991052641284,0.31413509157970854
601,601,6.984922812842957,2.7300614561775634,0.05575258511068278
602,602,5.388667140044424,9.848938075013677,0.2715402656518436
603,603,6.006754536057067,7.735850604707657,0.18798495065430193
604,604,3.791684943335287,11.351121285929107,0.48742616035267733
605,605,6.421286062321594,5.851686605523666,0.13194706268427156
606,606,6.879065616071082,3.976591973893444,0.07006274816867501
607,607,5.50223314213474,9.268144024882236,0.25618799809407944
608,608,6.105309767972041,7.4811228840631845,0.17466189391437295
609,609,5.9187414111007195,7.497012121828755,0.1998828868152509
610,610,5.373977073815663,9.198282010443304,0.27352612253712744
611,611,6.631245906506983,4.810343603763796,0.10356392296824009
612,612,6.061674834389976,7.914180887217677,0.18056062384134863
613,613,5.230993666804851,9.603915545946418,0.29285514249333716
614,614,6.988728170872728,2.7118903702165236,0.05523816289319845
615,615,5.30191456704292,9.32785302129869,0.28326779578876227
616,616,3.460077497823721,11.146990251062563,0.5322540677715858
617,617,6.019199638122387,7.275744655871562,0.1863025762361329
618,618,6.456287903991311,6.184092584780862,0.12721538569963456
619,619,6.153439832580212,7.093062522338052,0.16815549573325625
620,620,5.527998867128022,8.987150442362566,0.2527048931450996
621,621,4.728782792612214,10.135816822150307,0.3607458454247689
622,622,5.540171542890899,9.3548618550701,0.25105934631096005
623,623,6.397028040392481,6.026475517249554,0.13522635081824746
624,624,4.871958683092295,10.332220668193365,0.3413908048491284
625,625,4.77276112157296,9.88859153708809,0.3548006940544513
626,626,6.5853665904312315,5.51529942127919,0.10976605673008562
627,627,5.69608746953727,8.971971086204288,0.22998206104658844
628,628,5.441034795003107,9.504243363851476,0.26446101450713033
629,629,5.170849780462399,9.871107177408653,0.3009856130399605
630,630,6.23996612685141,6.732410127140644,0.15645855478276965
631,631,4.731980393040676,10.065232597395855,0.3603135821028504
632,632,5.074102655924082,9.36167526601644,0.3140642432111218
633,633,5.98553548897919,8.013136796071153,0.19085341905210018
634,634,6.6862276677767,4.626606572817478,0.09613128737067342
635,635,5.409027146871076,9.483191004746782,0.26878792545735397
636,636,4.953318732762909,10.233013807887726,0.3303922557405412
637,637,5.3332791406290205,9.516229319942678,0.27902781800785864
638,638,3.3810206615351306,11.660629675067659,0.5429412600706295
639,639,6.121824142925735,7.186360025071128,0.17242942030280095
640,640,5.8675997719345965,8.0188819148423,0.20679640066067578
641,641,5.2713353523700315,9.383763790939259,0.28740160587913727
642,642,5.83019207546857,8.17228954327183,0.21185330989667533
643,643,5.008473858444762,10.289987306235016,0.3229361841076197
644,644,5.9992876121906695,7.75100405812246,0.1889943567346465
645,645,5.931576253086986,8.021525342309046,0.1981478259290001
646,646,6.3130177681553565,6.861908413119677,0.14658316670720728
647,647,5.74668847534571,8.440955955682872,0.22314163199595272
648,648,6.263238678350579,6.706530480145094,0.15331248614611076
649,649,5.562399528421656,9.223791659975188,0.24805448592266444
650,650,6.229415342480128,7.41238548646067,0.15788484840613223
651,651,6.852557421819642,2.9942893634387624,0.07364622282773399
652,652,6.38400414838827,6.800291245832526,0.1369869681774204
653,653,6.276507643444051,6.265701326404989,0.15151873891031725
654,654,6.406030338628871,6.113929879907037,0.1340093872145632
655,655,6.082197488550364,7.681632005560302,0.17778629638536256
656,656,6.413569079118108,6.5855782441355535,0.13299027270045644
657,657,6.116593857133271,7.730494032508153,0.17313646946726508
658,658,5.977595542802195,7.581861346459263,0.19192677001858513
659,659,5.943957422101539,7.866994396805113,0.19647409421448442
660,660,6.285125577429241,6.183659746627022,0.1503537350720157
661,661,5.3649962063224095,9.144917661865184,0.2747401890545664
662,662,5.878955189101877,7.9616959072488775,0.2052613338328106
663,663,5.90108233428071,8.271511628394197,0.20227010541213597
664,664,6.0828871733553775,7.952848746068602,0.17769306227073134
665,665,6.471274412979309,6.022867898618907,0.12518945459784578
666,666,5.6844077255070005,8.542147538196783,0.23156097156609667
667,667,6.165237568131732,6.9838060668012645,0.1665606346883228
668,668,6.012336886690322,8.296379958926215,0.18723030807689717
669,669,6.916329508222423,3.4546176681783587,0.0650252789259337
670,670,5.32829979698229,8.705330944227775,0.27970094389518063
671,671,5.991792421116992,6.209566318615347,0.19000758407946533
672,672,6.282600980703775,6.990657005259756,0.15069501929168905
673,673,5.798486644861905,7.399532452850614,0.21613936597638617
674,674,6.365991086297654,6.4733835925506815,0.13942203979797307
675,675,6.050860090453699,7.682471812157629,0.18202260048420332
676,676,5.972683779852305,7.691666448707726,0.19259076010011544
677,677,5.712694774768071,8.249112501787538,0.2277370247802422
678,678,6.830109157070508,4.13754043853147,0.07668086136649456
679,679,5.697165862458308,8.806975922779873,0.2298362799470388
680,680,5.492745633052555,9.120910137681626,0.2574705542746747
681,681,6.2408558914367855,7.002207857682415,0.15633827315158885
682,682,6.778407883673877,4.48275799548335,0.08367002861419745
683,683,6.119351694033098,7.59550385861132,0.1727636549876892
684,684,5.481342023905404,8.428917165190203,0.25901213587065264
685,685,5.614458838463195,8.491301105057158,0.24101691797169705
686,686,6.5738228565265615,5.41207558830763,0.11132658090332531
687,687,5.782629941608823,8.157444970026614,0.21828293312187558
688,688,5.4676320540249215,9.07503146673816,0.2608654997466361
689,689,6.310530743968552,6.846231078770554,0.1469193717336737
690,690,5.476114043457316,8.968036623719641,0.25971887339023153
691,691,6.3028814083284,6.280901986868402,0.1479534369048097
692,692,6.120002780131362,7.110967029354608,0.17267563878742054
693,693,6.620784570609079,4.752104594365841,0.104978124619792
694,694,5.263668173619201,9.721601127312564,0.28843808314724034
695,695,6.529072424092227,5.648422490574488,0.11737610804535833
696,696,5.933091884806137,8.023870366295517,0.19794293728941464
697,697,6.692190470155284,4.123799585170884,0.0953252139347407
698,698,6.0056309111965,7.9464903996287894,0.18813684637288386
699,699,3.5470961320769256,11.618035979243576,0.5204905705014786
700,700,2.9407922981837133,12.014196166500547,0.6024529404704794
701,701,3.9995418924634483,11.113056869934528,0.4593272976823305
702,702,6.476089407566823,5.174440816220198,0.12453854601749514
703,703,6.705877543148858,3.155331575698618,0.09347494534368032
704,704,5.580424284094532,9.01863330007381,0.24561783352088976
705,705,6.070766948599289,7.924952973108404,0.17933151858592092
706,706,3.300747796520183,10.844936764602283,0.5537928395808221
707,707,5.254234254307204,8.65760724159021,0.2897133948666839
708,708,6.398053725313615,6.676543214534201,0.13508769497891718
709,709,6.861588679768166,2.8737355443327974,0.07242534434423624
710,710,5.743905908221514,8.91927502949018,0.22351778959771568
711,711,6.033044773213305,7.700473479166986,0.1844309402326032
712,712,6.16147533278593,7.160781146897989,0.16706922742365657
713,713,5.4155993418792345,9.185985955950535,0.26789947209675397
714,714,6.679999020676912,4.206626905251718,0.09697329866841015
715,715,6.2303692885838915,7.511293767486947,0.15775589048253627
716,716,5.5492670971119376,9.117426167852265,0.2498297760221646
717,717,5.7565743842988635,8.655400535938515,0.22180521866355588
718,718,5.150125807618526,10.222041049919287,0.30378715549195207
719,719,6.017643532696532,7.345430375701042,0.18651293625943302
720,720,5.300236903090514,9.450479754865702,0.2834945885383113
721,721,5.494375115249706,9.204506177711842,0.25725027491103747
722,722,6.036002225125699,8.156810208481282,0.18403114106548815
723,723,5.89877877285654,8.041869821347873,0.20258150927128993
724,724,6.258291932376545,7.147665227881957,0.15398120536080379
725,725,5.789540180409313,8.504041966722664,0.217348781764951
726,726,5.7039302887907795,8.753541475390591,0.22892184005288552
727,727,5.5879502429828225,8.893635539473628,0.24460044687035074
728,728,5.6336952701370695,8.38487831511224,0.2384164667761085
729,729,7.195607724694122,1.3427561691867986,0.02727142809548074
730,730,5.475221685768561,8.728941456504362,0.25983950556661206
731,731,5.685471792747608,8.55295120750986,0.23141712706442738
732,732,6.29803801737854,7.416311362649842,0.1486081842092887
733,733,5.855279937935781,8.38189946297232,0.2084618408834164
734,734,5.319091628270736,9.44312343761835,0.2809457378227188
735,735,5.716438073016386,8.94431365484937,0.22723099203101377
736,736,4.417722864688727,10.951455744313824,0.40279606425859205
737,737,6.266843973925992,7.224183405737612,0.15282510910298347
738,738,6.6198778865029535,5.113945352497233,0.10510069349367501
739,739,5.993864615681893,7.984659192144267,0.18972745723862783
740,740,5.959031523236478,8.250013042981834,0.19443632208588263
741,741,6.25583835209843,6.428502671225373,0.15431288931736423
742,742,6.080910564556939,7.305052378458665,0.1779602674780303
743,743,5.337991833506562,8.617549545025483,0.27839073894685545
744,744,5.396262045970618,9.444899216050521,0.2705135584885303
745,745,5.237632840496965,9.31555489463603,0.2919576347092493
746,746,5.661401930329818,9.170973098827696,0.23467097910742352
747,747,5.028543458570406,9.971811231576652,0.3202231021532054
748,748,5.129232683312945,9.752149228932893,0.30661156445724974
749,749,6.300336960911344,6.7359500648038,0.1482974046135808
750,750,5.84822609715579,8.53602698051839,0.209415404881189
751,751,6.62124463500158,5.1110486145951946,0.10491593143241655
752,752,5.219387460037309,9.377491456336879,0.29442411197668955
753,753,5.5834057000309585,8.384568676717572,0.24521479480935174
754,754,6.115722004898757,7.265991655838936,0.1732543296413377
755,755,5.55327597338705,9.114025577261362,0.24928784146385766
756,756,6.133504880743221,7.850013992319857,0.17085037543950185
757,757,4.987199384873569,9.8041787789334,0.32581214526152025
758,758,6.79531391683879,4.106679263249113,0.08138460921304806
759,759,5.764391586694805,8.50340228079176,0.22074846065035894
760,760,6.314717140838395,6.6320568397438215,0.1463534392920464
761,761,5.379902436733207,8.466268909557904,0.2727251103044819
762,762,6.140961085574482,7.339318459504858,0.16984241839753453
763,763,6.840907426403678,2.996327803964994,0.07522111182074766
764,764,5.787452106135042,8.14505103423887,0.21763105528298501
765,765,4.7645850042544815,9.779917529619246,0.35590597149969516
766,766,6.223459587036498,6.084684880341465,0.15868996921162215
767,767,6.253800158782029,6.278532194787769,0.15458841974506168
768,768,5.257312137738733,9.354533285281995,0.2892973153263047
769,769,5.696016488572166,8.273653215796813,0.22999165651308126
770,770,5.366854754200816,9.153881342357916,0.27448894375427385
771,771,6.560420070373083,5.756553910878893,0.1131384185594934
772,772,7.136073186737766,1.6113201183076515,0.03531952469843215
773,773,4.624958552884349,10.43703116775356,0.37478118591351844
774,774,5.748539516503339,8.736035674104,0.22289140148163253
775,775,5.514602443945803,9.162222805698908,0.2545158706315387
776,776,5.657165617097465,8.860732037525642,0.23524365942551612
777,777,6.215209291545534,7.537024921516815,0.15980527433354727
778,778,5.288673426283519,9.618992499847572,0.2850577816293018
779,779,5.468804006655772,9.253883950333694,0.2607070709032967
780,780,6.146188563382516,7.258147296315719,0.16913574882667654
781,781,5.043470557521718,10.149104472566762,0.3182052023174824
782,782,4.135238471034906,10.583489247010359,0.44098333784789484
783,783,5.935689003261099,8.582499035439602,0.19759184931708226
784,784,6.436976457188608,6.618951445593275,0.12982597771472407
785,785,5.5098549260910215,9.4515239324544,0.255157657460346
786,786,6.318240451124254,6.133893818013632,0.14587714532024215
787,787,4.638686147898363,10.531168796072418,0.37292543940751605
788,788,5.276565209404677,9.582996858991711,0.2866946146757234
789,789,5.2619875665350495,9.475754403915055,0.28866527376010387
790,790,4.8072325282059145,9.851912672875653,0.3501407232182785
791,791,4.867535901019826,10.335404914009658,0.3419886927070828
792,792,4.401603571355066,10.113065545382062,0.4049751292916611
793,793,6.463469721496441,6.456235456106418,0.12624452134005174
794,794,6.356009581027334,6.528353835857269,0.14077137619019117
795,795,6.052166101217125,7.83300083345804,0.18184604917215227
796,796,5.344856747304215,9.262085210387786,0.2774627147896016
797,797,5.514839495704005,8.449130576922524,0.2544838251077906
798,798,6.70172336179105,4.910771938536868,0.0940365227745547
799,799,6.609035170029933,5.135836491533279,0.10656645156636307
800,800,7.100281952191749,2.02269031893353,0.04015791469948334
801,801,4.667370125446724,10.62583598702534,0.3690478344039241
802,802,5.839425365561495,8.782219115205944,0.21060511996891593
803,803,5.108445708827753,9.615463768807755,0.30942162370155857
804,804,4.658363244506232,10.199365052409007,0.3702654175143113
805,805,5.346748453105693,9.445201120400561,0.27720698707998503
806,806,5.638155996386848,9.41671167788475,0.23781344948547536
807,807,3.755565359793577,10.962550486869802,0.49230893777198237
808,808,4.935586239763728,10.007371385718633,0.3327893990050643
809,809,4.741117833769016,10.371029360927427,0.3590783494427879
810,810,6.50811104010172,5.358687959633244,0.12020974460454076
811,811,4.7966308062987775,10.288585250237565,0.35157390276405437
812,812,5.960076971707142,7.6161315189330425,0.19429499453763685
813,813,4.246975010072447,10.244644679153618,0.4258783837973097
814,814,5.518965593939826,8.639622731880781,0.2539260440560674
815,815,7.083233245752238,1.9966312879533163,0.042462621195755015
816,816,5.774942110590599,8.576349476501088,0.21932220223902552
817,817,6.156646062555639,7.686496550600044,0.16772206583761434
818,818,3.9231893520853367,11.051255627287379,0.46964891336857745
819,819,4.639840718844565,10.434248710521477,0.37276936028388524
820,820,5.234380553304731,9.51669553280908,0.29239729078792465
821,821,5.141032366671581,8.736190412530643,0.30501644010062573
822,822,3.495773879240221,11.065136697298357,0.5274285003635311
823,823,5.787042354438401,7.9230444310830475,0.21768644701610318
824,824,2.457449052544018,11.815819900860836,0.6677930483611972
825,825,6.105359930976944,7.166973633608876,0.1746551126958867
826,826,4.919866285935168,9.997591357529533,0.33491447986315265
827,827,5.415484885109062,8.551063694014674,0.2679149447815993
828,828,5.418847585688582,9.183268818320263,0.2674603626173669
829,829,4.925400572688314,9.981245023504526,0.3341663347368663
830,830,5.887253229719683,8.483612939451913,0.20413957434999952
831,831,6.036685306307119,8.177322816480581,0.18393879965284882
832,832,6.461271642769336,5.307839876591234,0.1265416656623878
833,833,5.112659041947144,9.65965482257965,0.3088520499191915
834,834,5.880610893592461,8.224920640911744,0.20503750964363265
835,835,5.6066554274712965,7.999228530470898,0.2420718116124501
836,836,5.886984568110002,7.560702981326102,0.2041758930090912
837,837,5.702758275920548,8.053202785716255,0.22908027703960473
838,838,5.549340855136724,9.643694042793433,0.24981980514258612
839,839,6.639396017503133,5.710668936960975,0.102462161152773
840,840,5.299730363197256,9.481416331935964,0.2835630644538745
841,841,5.141930420640277,9.166236107271061,0.30489503788028727
842,842,4.539377692435844,10.33940797413814,0.3863503196617
843,843,5.751135682445742,8.483984977101407,0.22254044227343187
844,844,5.316385759601306,9.678892094787965,0.28131152704682333
845,845,5.8705631229832544,7.910514954747622,0.20639580402674307
846,846,6.237295471954954,7.2611788000795325,0.1568195836802406
847,847,5.33183205667531,9.351741812111946,0.27922344010978173
848,848,5.184977242687497,9.547826551441071,0.29907581102175246
849,849,5.606598015221886,9.020150939183022,0.24207957281032463
850,850,5.351081733715029,9.279052112078737,0.27662119835719023
851,851,5.217378538727077,9.59745002057591,0.2946956853075236
852,852,6.469361579183066,5.5761505779797504,0.12544803846707536
853,853,4.700224680010512,10.291586491959706,0.36460643554448985
854,854,6.412157670639547,6.658726728990395,0.13318107206115715
855,855,5.818693274391681,8.60024980148679,0.21340775988590296
856,856,6.158297309685187,7.738551895827933,0.16749884421080521
857,857,6.449586417702397,6.286728392966275,0.1281213171284813
858,858,5.20750115452482,8.932717677552693,0.29603094623291293
859,859,5.326683606036019,9.220260734290829,0.279919426498908
860,860,4.672258867260526,10.534397786600092,0.36838695640377556
861,861,6.832253592231799,3.995436356773676,0.07639096877759952
862,862,5.778201798056412,7.606527718261431,0.21888154576429944
863,863,6.381447105739674,6.196278908706131,0.13733263855566114
864,864,5.202284744485074,9.40060170993022,0.2967361196223706
865,865,6.828234220160638,3.8089309323023777,0.07693432219600721
866,866,5.352336727215989,9.35574320215449,0.27645154374528735
867,867,4.80147912715751,10.118535288118967,0.35091848901646155
868,868,5.925728547145084,8.01442620058046,0.19893834020762904
869,869,5.086132797868091,9.932489248021202,0.3124379646199689
870,870,5.658868514758602,8.734599463698878,0.2350134554909224
871,871,5.934973364781659,8.22611168333008,0.1976885919443542
872,872,4.025441728835134,10.883705454571125,0.4558260630666731
873,873,4.809167980000547,10.55151204277375,0.34987908176529575
874,874,6.082611970071288,6.846358375568694,0.1777302652572973
875,875,6.494316058937478,5.7076327753421205,0.12207460061681213
876,876,6.8797015300525795,3.372478502556178,0.06997678299064657
877,877,4.1516864853007585,10.663821234339485,0.43875983511683575
878,878,5.957735470330322,7.7451444581457825,0.19461152725836459
879,879,6.550902843703478,5.577808766812275,0.11442499207225526
880,880,4.85266519274379,10.535884641228245,0.3439989694450594
881,881,4.838057956528281,10.661172995458037,0.345973629066181
882,882,5.988390198675544,7.8771703837085285,0.19046750895355397
883,883,4.6727203009354925,10.233353968683522,0.368324578111788
884,884,5.947978193774057,7.997959323527966,0.19593055159284584
885,885,6.483558000898662,5.709106753907379,0.12352891425270571
886,886,6.426385238771045,6.1951883420702885,0.13125773736036023
887,887,4.403276992935339,9.943157050629221,0.40474891004149444
888,888,6.133047340311306,7.013289771949418,0.17091222742865322
889,889,6.310178468476444,7.087299249237552,0.14696699362322985
890,890,5.581810151280116,9.057950903841,0.24543048692559707
891,891,6.007788807447497,7.600802239547743,0.18784513406464518
892,892,6.1734100818558435,7.017580501994555,0.16545584439014643
893,893,5.036472622428362,9.543231210479341,0.319151208780047
894,894,4.6964097143582295,9.818829164513383,0.36512215655552754
895,895,5.936102733659071,7.30760790650424,0.1975359197285651
896,896,5.8688838324955395,7.717172210256118,0.2066228166572846
897,897,5.9846255508219866,8.231879123342594,0.19097642782051044
898,898,5.304523685460305,10.021201254987162,0.2829150856176168
899,899,6.177492871106397,6.751872050586055,0.16490391800546478
900,900,5.584984765070807,8.52510069441255,0.24500133102145163
901,901,6.800818409296772,3.8312328079159585,0.08064049178856189
902,902,5.631400855158011,9.415002190100381,0.23872663418535683
903,903,4.36531972862071,10.662109271974842,0.40988011186944584
904,904,6.176886012965463,6.0214307475842554,0.16498595530868704
905,905,5.612078013666822,9.12345724215275,0.24133876657611486
906,906,5.6112788534256115,8.95311088244193,0.24144679998064406
907,907,4.423436452797796,10.512249247756062,0.40202368051917386
908,908,6.368942145182325,6.286522932331213,0.1390231048637296
909,909,5.657069668759783,8.93273905001982,0.2352566300727583
910,910,5.7554412764080105,9.253340429056044,0.2219583963328583
911,911,5.98528853979417,8.415458665866755,0.19088680254620774
912,912,5.522684571964284,8.498606407692947,0.2534232990036571
913,913,6.461468830811169,6.000574963587571,0.12651500906162977
914,914,5.501766205779225,9.252661263448896,0.25625112025855096
915,915,6.4056798552494225,6.4783206748034505,0.13405676683977502
916,916,5.384459329745878,9.563852871474177,0.27210909283908763
917,917,5.107457375318345,9.947602102587226,0.30955523024042975
918,918,5.202551875619918,9.939963295883073,0.29670000785846556
919,919,4.3545825452277,11.361091049189465,0.4113316035943652
920,920,5.01006409221694,10.351845999068559,0.32272121048963104
921,921,4.902963913737817,10.219830335604632,0.3371994043613161
922,922,6.082046679598701,7.10073885702951,0.17780668329106863
923,923,5.662894652795517,8.873222025318855,0.23446918742451595
924,924,5.636241352220319,8.891139215709874,0.23807227808718215
925,925,5.364367046495798,9.719756154956936,0.27482524118123236
926,926,4.934150166926155,9.7984972913318,0.332983532584032
927,927,6.550538170167972,5.771050448653027,0.11447428997466695
928,928,5.712668429018015,8.116817676531497,0.22774058629510074
929,929,6.574920037313186,4.4523552891128375,0.1111782599913846
930,930,5.11384481262651,9.310706232795424,0.308691753101511
931,931,5.458240923220958,8.812546674873417,0.2621350271590543
932,932,4.955940004703598,9.788187344498567,0.33003790261166105
933,933,5.172465353480948,9.692921488769585,0.3007672139699629
934,934,5.241883195512951,9.534802073697858,0.29138305617148397
935,935,6.083871073342852,7.822897855949666,0.17756005507157172
936,936,4.11219700847415,10.782937925614746,0.44409816703659527
937,937,5.214990251970338,8.907916687109234,0.29501854264703764
938,938,6.206288916050575,7.622262777821256,0.16101116332139265
939,939,5.214043843583316,9.652501949391784,0.29514648159451345
940,940,6.172820137801793,7.079532304467955,0.16553559518523644
941,941,5.885079428198921,8.188424488443292,0.20443343679078238
942,942,4.866978143868227,10.29779344847539,0.342064092358968
943,943,5.250557903584379,9.509736019537774,0.2902103774045398
944,944,4.900894803549317,10.163663576332358,0.33747911424486987
945,945,5.292196048020823,9.262346224020309,0.28458158073800965
946,946,5.268253376105125,9.647579800260226,0.28781823870370293
947,947,6.482120781345934,6.017294529410565,0.12372320284882257
948,948,6.3295578905798,7.013145969294855,0.1443472124583619
949,949,6.550882378041273,5.125563523724423,0.11442775869533037
950,950,5.410946704334425,9.458045406182515,0.2685284326582116
951,951,5.195320570013475,9.631386970135287,0.2976775622005985
952,952,5.864540686079472,8.301900519795918,0.20720993907591992
953,953,5.373686568167818,9.369577169225956,0.27356539415319797
954,954,5.413986778681908,9.359334654996761,0.26811746428810956
955,955,5.066480557090948,9.98221117643486,0.31509462641105995
956,956,5.151438754725393,9.87254137788361,0.3036096664996233
957,957,6.2152218714602245,7.229453940833069,0.15980357373466533
958,958,6.372127775900574,6.808934443904392,0.1385924596510198
959,959,6.394458744735756,6.536913619170021,0.13557367760294556
960,960,5.937172177364779,7.807615409073142,0.19739134841667777
961,961,6.229444876627418,6.283348096592655,0.15788085587207332
962,962,4.158511481558239,10.812700554188769,0.4378372071586704
963,963,6.640846126992237,5.022301813506617,0.10226613004790876
964,964,5.683640337721467,8.84328186408794,0.23166470985385199
965,965,4.846270320940703,10.11269933368784,0.34486345160619525
966,966,4.781749989430727,10.205482125852939,0.3535855460184741
967,967,5.35872371760175,8.999347106576314,0.27558812702297386
968,968,6.398668152930182,6.062400879392323,0.13500463440629168
969,969,5.075450519385951,9.761910219349138,0.31388203409820886
970,970,4.629506998355039,10.670848234640093,0.3741663104177482
971,971,4.66293581063707,10.092682059226899,0.36964728129947494
972,972,5.375093442169886,8.873926999990587,0.27337520777961555
973,973,5.517680812939119,9.036311253749794,0.25409972545114107
974,974,6.311831421653983,6.805711015464732,0.14674354136661305
975,975,3.587451926805218,11.260952258962599,0.5150351265590015
976,976,6.398816417492013,6.376597165317967,0.13498459146050984
977,977,5.866615608676499,8.270783984517475,0.20692944344972122
978,978,5.630471592558562,8.547010035456822,0.2388522553025537
979,979,6.322723740424022,5.721953314910907,0.1452710778739815
980,980,5.891337885173044,8.250413476827752,0.20358739568519615
981,981,5.4536706218971265,9.743314125872727,0.2627528572089954
982,982,6.205129514277893,5.618397205253109,0.161167895493817
983,983,5.203772608619486,9.118492172650697,0.2965349847064569
984,984,4.322838868940502,10.850253108434599,0.4156228298650633
985,985,5.912146639158811,8.347449279447,0.20077439220833584
986,986,5.463942311435886,9.084936417813573,0.26136429264595024
987,987,5.2031540909799245,9.316332990942414,0.2966185981833511
988,988,4.913107437498731,10.177286141011797,0.3358281657169176
989,989,6.110272622243627,7.631934060902449,0.17399099712109675
990,990,5.955053351619363,7.85445778245689,0.19497410587621164
991,991,4.503710561565396,10.88567851516236,0.39117193287394847
992,992,5.687436149321342,8.433379721892264,0.23115157815767942
993,993,5.502103252079572,8.925979559710232,0.2562055571068414
994,994,4.56860691581328,10.31960889976301,0.3823990063325648
995,995,6.286447627024406,6.5735377842282805,0.1501750155720243
996,996,5.729373272761263,8.159470289174944,0.22548236441587108
997,997,6.316262930150769,6.195737373101739,0.14614447383870038
998,998,6.036336168869633,8.155333670356853,0.18398599732870294
999,999,5.114473269949025,9.581539175677873,0.3086067959419183
1000,1000,5.991077608628532,7.866349300328031,0.19010421504625538
1001,1001,5.49812808955441,7.985881385228993,0.25674293411711385
1002,1002,4.478783744259489,10.485226839116422,0.3945416312132407
1003,1003,6.263375327695172,6.430634808873626,0.15329401338788048
1004,1004,5.955865244101787,7.612445539633072,0.19486435128074395
1005,1005,6.160800635494828,7.173790581378913,0.16716043547133663
1006,1006,4.19023647003689,10.840025212125784,0.433548507174287
1007,1007,6.432859780766891,6.380336108807543,0.13038248509115424
1008,1008,4.8524088818667295,9.99977543962548,0.34403361848693964
1009,1009,6.298346643787212,6.197166680462896,0.1485664629624885
1010,1010,5.951376411831404,7.509793894876079,0.19547116804604694
1011,1011,5.387117252493445,9.233075080828815,0.2717497851200746
1012,1012,5.326292888340929,9.163699633673016,0.27997224514607494
1013,1013,6.406634479145625,5.576988118751667,0.13392771728971795
1014,1014,4.9011753014455195,9.288674799899685,0.3374411955132721
1015,1015,6.903944328961086,3.5132744640543088,0.06669955276027816
1016,1016,6.184336074286961,7.315606310249354,0.16397882876884087
1017,1017,6.2612621227286684,6.934166019301785,0.15357968416481216
1018,1018,6.1175023188723445,6.6896778728824815,0.17301366028645798
1019,1019,6.058930107874454,7.355704932721465,0.1809316660112197
1020,1020,5.620338701853587,8.47669178152475,0.24022205653155745
1021,1021,6.5228873765017585,6.138783839022651,0.11821222540194949
1022,1022,4.146165529429119,10.842013662848213,0.439506178125799
1023,1023,6.24527474992201,7.321132234523499,0.15574091569850962
1024,1024,5.782669235387846,8.278543361389287,0.21827762124510067
1025,1025,5.521455512450272,9.035709310438044,0.25358944776434444
1026,1026,4.46372537557542,10.604689315049896,0.3965772765715886
1027,1027,2.2957635243990913,12.455251831951626,0.6896502894598603
1028,1028,4.8743513368549385,9.860527411935472,0.3410673571617828
1029,1029,6.992828967374879,2.7347086942472902,0.054683802222379854
1030,1030,4.938483218324078,10.059917573548686,0.33239777484687455
1031,1031,4.381880628186198,10.186172668537036,0.4076413488906766
1032,1032,6.124243449132695,7.358909855908741,0.17210236964054493
1033,1033,6.404514190288732,6.228166978081692,0.13421434569286342
1034,1034,6.32356920751319,7.07237908945727,0.14515678454036693
1035,1035,5.505686628666782,8.52889277439277,0.2557211431527135
1036,1036,4.163647726221917,10.911387483548845,0.4371428708179739
1037,1037,3.3480105707517227,11.12992707177871,0.5474036848851433
1038,1038,5.250813796253119,9.217339061793684,0.29017578489758994
1039,1039,6.398681200486485,6.814573131483836,0.13500287058990604
1040,1040,6.360693696067207,6.397920797292304,0.1401381603858144
1041,1041,5.17641931951317,9.645605147149153,0.3002327023791375
1042,1042,3.6947709909173527,10.985849498545134,0.5005273429268187
1043,1043,5.6181073622532605,8.60088696163342,0.24052369718039535
1044,1044,5.450244359923305,9.200809094511294,0.2632160318350007
1045,1045,6.056842405975111,7.869826089022518,0.18121388919024897
1046,1046,5.124403862336578,9.383194950248376,0.30726434213941883
1047,1047,5.126446039109891,9.371124348929822,0.3069882732134456
1048,1048,5.4882650742658114,8.569249488074853,0.258076252600197
1049,1049,4.5340258278412975,10.767147646986066,0.3870738042933335
1050,1050,4.821939820008188,10.531661285573872,0.34815253771696053
1051,1051,6.358836180003913,6.775427579711103,0.14038926620156592
1052,1052,6.610834873969482,5.702040105571145,0.10632316100496116
1053,1053,5.279026189068035,9.536918394229042,0.2863619304432007
1054,1054,3.8685414171782395,11.371967941490148,0.47703642109739425
1055,1055,5.038303670910981,9.332150588206517,0.31890368094866267
1056,1056,5.443988958041272,9.002884016208546,0.2640616599420634
1057,1057,6.496372170126011,5.618044858673489,0.12179664798562095
1058,1058,5.885593983095674,8.169595491396489,0.20436387737772993
1059,1059,5.037871897639716,10.280775157832569,0.31896204963878766
1060,1060,5.549050336262495,9.101758907764706,0.24985907854664757
1061,1061,5.970398707617308,7.623116216518332,0.19289966452304824
1062,1062,5.5721691616935125,9.020865358630754,0.24673379116217178
1063,1063,5.269889692118863,9.153373397372388,0.28759703551974325
1064,1064,5.3106290667705025,9.510002262576986,0.2820897378401915
1065,1065,4.266856164327635,10.466345710464967,0.42319077664495003
1066,1066,6.164616453610148,7.157599300508814,0.1666445992212275
1067,1067,6.17338952527257,6.967566810247275,0.16545862330426409
1068,1068,4.448906177931526,10.398695932950474,0.3985805899138995
1069,1069,5.91980332456874,8.04773680429814,0.19973933346843786
1070,1070,5.749550191835677,8.698414523057522,0.22275477469341687
1071,1071,4.845383736116507,10.03799769730879,0.34498330338562905
1072,1072,5.19848969015173,9.543947168419036,0.29724914894848375
1073,1073,6.359131914409378,6.4604063863157695,0.14034928774291489
1074,1074,6.5048180786731,6.271882216148393,0.12065489917526659
1075,1075,6.297969623665867,7.010564549078109,0.14861742992153454
1076,1076,6.3853868211106395,5.963232298354547,0.13680005342134963
1077,1077,5.775928644929625,8.055498194088502,0.21918883891858743
1078,1078,5.126927069838171,9.374927545349635,0.30692324572011015
1079,1079,5.303146382157841,7.658880096511185,0.2831012745158647
1080,1080,5.812035142270849,7.971822483630116,0.21430783053972996
1081,1081,6.30890843159694,6.133681635631577,0.1471386818540691
1082,1082,5.129732325592102,9.324623631929562,0.30654402098639044
1083,1083,6.493367533907152,5.947414691336334,0.12220282569987194
1084,1084,5.443172614678554,9.501879691712213,0.2641720162238095
1085,1085,6.852724059388025,3.4293222725434602,0.07362369615172264
1086,1086,4.9884050874261545,9.870731884442229,0.32564915398031224
1087,1087,5.031065595571915,10.076561482611528,0.31988215044801355
1088,1088,6.142479410594015,7.387970733385531,0.16963716566775208
1089,1089,7.001344371115408,2.736536117254122,0.053532658797580755
1090,1090,6.755569591963562,4.596497428680781,0.08675739242418859
1091,1091,4.863970160392427,9.67850825898007,0.3424707225676558
1092,1092,5.027702053705459,9.709108654453493,0.32033684634049114
1093,1093,5.442376098731203,8.946970356577214,0.2642796921630226
1094,1094,4.262128482687307,10.528184207592592,0.42382988194173177
1095,1095,6.183960775257792,7.532766824871295,0.1640295630643511
1096,1096,5.029656495602415,9.469757380819125,0.3200726377360154
1097,1097,5.476842877891282,9.079103460867355,0.25962034688555935
1098,1098,5.944095223588552,8.213353116967248,0.1964554657054276
1099,1099,3.5310169664587425,11.08863414500209,0.5226642109231925
1100,1100,4.4496810665163355,10.853538214677288,0.3984758376406621
1101,1101,3.736053541705761,10.915292542521762,0.49494661671030005
1102,1102,6.711509250919342,5.247317817739312,0.0927136304879294
1103,1103,5.759064834060385,8.597777004245604,0.22146855055536943
1104,1104,5.021864371741357,10.165633279039966,0.32112600554113613
1105,1105,5.86285665664645,8.227598933018882,0.20743759233442194
1106,1106,6.300877934637438,7.168683582430883,0.14822427380654474
1107,1107,5.123832442187355,9.730010607737546,0.30734158880529855
1108,1108,6.454627289510589,5.978447563960373,0.12743987363923873
1109,1109,5.384139838887598,9.637359083735044,0.2721522827819253
1110,1110,5.078857219046798,9.863196152921919,0.3134215039772254
1111,1111,4.324852435755269,10.483463541798208,0.41535062853793414
1112,1112,6.273274248910536,7.312652572683516,0.15195584101028248
1113,1113,6.9547139560690585,3.0536269645009027,0.05983632886559838
1114,1114,6.190120325966282,7.591143974245383,0.1631968924695269
1115,1115,5.092468242953338,9.97588327958159,0.3115815159799184
1116,1116,5.892135929860819,8.182497355395338,0.20347951308526077
1117,1117,5.475123411413012,9.234455224271905,0.2598527906534575
1118,1118,5.254329224525112,9.727675306748587,0.28970055644525056
1119,1119,4.603661354521367,10.35458636957205,0.37766021908789454
1120,1120,5.488111431324203,8.892715559936885,0.25809702261503
1121,1121,5.309422393983442,9.45751347264236,0.2822528602812447
1122,1122,5.270457390589207,9.495758758746664,0.2875202919640273
1123,1123,5.694794007838019,8.69838164612894,0.23015691593024304
1124,1124,5.405473040882365,9.419987957719792,0.2692683825049126
1125,1125,3.180573216211606,11.373361349483641,0.5700384789146083
1126,1126,5.62111163050557,8.46391880703105,0.24011756920920835
1127,1127,3.9172626157205137,11.007702399807162,0.47045011126884984
1128,1128,4.273314145268522,10.876103678703243,0.4223177631597294
1129,1129,4.9196499817856445,10.372685890310112,0.3349437206492701
1130,1130,5.3059320387406625,9.57338359010725,0.2827246992697844
1131,1131,6.218982994050025,7.115855423110539,0.15929513142575807
1132,1132,4.006887377826659,10.341355335694232,0.45833430810303755
1133,1133,2.354529936354587,11.758144195797687,0.6817060309393124
1134,1134,3.3248231208180323,11.153267135122057,0.5505382491809013
1135,1135,7.049017247408541,2.0110478543916974,0.04708806500516818
1136,1136,3.9588037278032573,10.943337673024445,0.4648344317908124
1137,1137,6.800957436540064,2.6616714787271833,0.08062169757728783
1138,1138,4.709690565080608,9.573012187597643,0.3633268025769439
1139,1139,6.02048930312781,7.457539776284484,0.18612823460343725
1140,1140,5.477842305630418,8.500280904843162,0.2594852405881336
1141,1141,5.50617375196733,9.166656844858792,0.2556552920431738
1142,1142,5.203531201187985,9.496969622811594,0.29656761904605344
1143,1143,5.806697145218076,8.356927780202843,0.2150294405063427
1144,1144,6.188796705875818,6.786057555930128,0.16337582427481726
1145,1145,6.731019814156463,4.449146246336483,0.0900761211849185
1146,1146,5.115456832015681,9.927162055405347,0.30847383442413095
1147,1147,5.265300777923176,9.226193813339965,0.2882173817257827
1148,1148,5.205486052925545,9.370531965379683,0.29630335503782573
1149,1149,5.716094435566589,8.010561901175137,0.22727744619841464
1150,1150,6.569177172938006,5.706028339438756,0.11195460140354067
1151,1151,6.321774706227297,6.087903887527425,0.14539937178801762
1152,1152,5.649059811422317,8.967258996369164,0.2363394318856327
1153,1153,4.6184431859766075,10.366792839704294,0.3756619570436416
1154,1154,6.233187423600459,7.351845022247366,0.15737492468298442
1155,1155,6.144977671875202,7.43854812843309,0.16929944156976467
1156,1156,4.473271611327852,10.349405409936004,0.3952867815049024
1157,1157,6.562879734240331,5.224486116089847,0.11280591220110164
1158,1158,5.257995131730317,9.373219468241038,0.2892049857003062
1159,1159,6.011538506683319,7.600466809903055,0.18733823600651237
1160,1160,4.223669828797618,10.42783132560399,0.4290288634463936
1161,1161,4.460579278306933,10.680592855384567,0.3970025775079564
1162,1162,5.7610289099320955,8.64537210369441,0.22120303959494775
1163,1163,5.843324374716342,8.31384028356328,0.2100780376497921
1164,1164,5.810982966163582,8.114068130525661,0.2144500675544996
1165,1165,5.318740328627775,9.128293620905895,0.28099322779341795
1166,1166,6.387025605710382,6.786791648470125,0.13657851652490435
1167,1167,3.651282315907659,10.829652574260137,0.5064063010850051
1168,1168,6.550894360447486,5.685450718241839,0.11442613886982993
1169,1169,6.456229922995305,5.783123771746162,0.12722322378275422
1170,1170,5.240929621818475,9.877808416497585,0.2915119637514303
1171,1171,5.451859274709384,9.237006220017603,0.2629977217472761
1172,1172,5.991136822481199,7.769439114730504,0.1900962103010629
1173,1173,5.530973478647025,8.983789898737523,0.25230277427959774
1174,1174,5.498536254232327,9.217218780736737,0.25668775692299167
1175,1175,5.493773784909989,8.572920812923929,0.25733156494587195
1176,1176,4.363402246084439,10.465613602252896,0.4101393241723564
1177,1177,4.501494372191781,10.70037664995484,0.3914715254597239
1178,1178,4.9995274600552495,9.402142482631984,0.32414559096553586
1179,1179,2.1107835577796705,12.437510573496795,0.7146565579565637
1180,1180,6.23716821383451,6.6015605887292725,0.1568367868984397
1181,1181,6.2399208430966295,6.853664227865661,0.1564646764063772
1182,1182,6.032877050492686,7.419928103347715,0.1844536136034631
1183,1183,6.502258852841156,5.529730308394974,0.12100086468421793
1184,1184,6.915396189936345,3.209658426146918,0.06515144830568373
1185,1185,5.826555286834729,8.17219265019559,0.21234494428663442
1186,1186,6.3795120563259236,6.751335494517692,0.13759422561332452
1187,1187,3.8991808761454747,11.008168303532603,0.4728944669629514
1188,1188,6.0796049272818795,6.161538840462754,0.17813676830055783
1189,1189,6.645846752799059,4.592820580629618,0.10159012716034085
1190,1190,5.780667019708263,7.883439020854433,0.21854828808425622
1191,1191,7.112240686875734,1.7238550851030336,0.038541289202929895
1192,1192,5.296128910043796,9.769335902422997,0.2840499220643475
1193,1193,5.719302972710056,8.098414123247666,0.22684370441135795
1194,1194,6.837283169193676,3.52339127103323,0.07571105216699546
1195,1195,5.447409787019287,9.269211386341846,0.2635992197683038
1196,1196,5.286352688159308,9.322100472318972,0.2853715074975951
1197,1197,6.0266355274319405,7.631554056674129,0.18529736552069895
1198,1198,5.285989250276806,10.097913343394021,0.28542063835991394
1199,1199,4.520195148439707,10.108563694918397,0.38894348612390467
1200,1200,6.131399698106145,7.145981114205833,0.17113496172859777
1201,1201,5.9150409251799205,8.598823313093842,0.20038313203744923
1202,1202,5.481817733331374,7.357601823622028,0.2589478277304274
1203,1203,5.161524534924766,9.570449799296938,0.30224623384108495
1204,1204,5.469592291363898,9.285645316003187,0.2606005076931098
1205,1205,5.580823519628229,8.677774124066941,0.24556386340114378
1206,1206,4.522531484489497,10.184770190635387,0.3886276516709783
1207,1207,4.826841179694148,10.322465436123338,0.34748995398670063
1208,1208,5.39699621755263,9.243828581018171,0.2704143104886633
1209,1209,3.26388852769556,11.58633871489097,0.5587756103622497
1210,1210,4.857626551810246,9.966199706059403,0.34332827477908184
1211,1211,6.142344894893284,7.4489142065590865,0.16965534999220058
1212,1212,5.735170695234123,9.005976019884566,0.2246986476405112
1213,1213,4.26133358105058,10.665125270002017,0.42393733965253005
1214,1214,6.076324848175089,8.157705678467961,0.17858018139189863
1215,1215,5.692873951933567,8.744156036171812,0.23041647611047697
1216,1216,5.833285595812768,8.133872729828642,0.21143511650124577
1217,1217,5.128153874546643,9.838274815653742,0.3067574017722831
1218,1218,5.952196450324057,7.900614890523367,0.1953603122431205
1219,1219,5.0245162376257095,10.243180688064196,0.3207675166110467
1220,1220,6.320248015381923,7.2341551546343865,0.1456057554407373
1221,1221,5.697686896595513,8.831718219263172,0.22976584464656272
1222,1222,5.396213523540726,9.484562799924465,0.27052011792808567
1223,1223,4.329093749531366,10.637522697191207,0.41477727222804756
1224,1224,4.282667749464913,10.982992844616117,0.42105330873138536
1225,1225,5.284565936198231,8.979127385928336,0.2856130471631722
1226,1226,4.750973354948747,9.915041788768232,0.3577460440407529
1227,1227,5.83088104288079,8.144885680295316,0.21176017276182604
1228,1228,4.908122024595723,9.68800151169909,0.3365021120685029
1229,1229,5.709939495456524,8.346817140170504,0.22810949351567938
1230,1230,4.390609542313736,9.965670180134888,0.4064613423507956
1231,1231,3.8598819222647043,10.910774319985652,0.47820704329400876
1232,1232,4.525570871898601,10.472328676003837,0.388216776163719
1233,1233,6.06620833271875,7.304927910722375,0.1799477689548953
1234,1234,4.587388967298682,10.294907058929716,0.3798599799128598
1235,1235,5.137591792697101,9.840370722143579,0.30548154947522965
1236,1236,5.714295664593674,8.266016303678121,0.22752061063797432
1237,1237,5.011064944107847,10.007070096437161,0.32258591167015965
1238,1238,5.375222288152126,9.383646153009753,0.2733577899084509
1239,1239,6.276552908453075,6.48222545570802,0.15151261982082967
1240,1240,4.0649555756242455,10.77104091929986,0.45048443672624333
1241,1241,5.280435768349369,9.579653403607203,0.28617137836007195
1242,1242,5.475344552685918,9.038246266522957,0.25982289596730823
1243,1243,4.766494597879499,9.44204325376576,0.35564782564866354
1244,1244,5.321116907673851,9.217342078471148,0.28067195314505516
1245,1245,5.213228857590005,10.028463770651111,0.29525665438209814
1246,1246,4.7542834587804315,10.216864278445518,0.3572985720972782
1247,1247,5.433673312445162,9.100802649100258,0.26545616664572114
1248,1248,4.972514921704442,10.36110769430136,0.3277972447047082
1249,1249,4.170266347160139,10.848785077760528,0.4362481414303339
1250,1250,3.853122946217898,11.033092077557233,0.47912074639861013
1251,1251,4.522824729176328,10.24951833683002,0.38858800978159896
1252,1252,5.571686780737275,9.33264005020303,0.24679900118426126
1253,1253,5.736915722560041,7.739069416947437,0.22446274846373296
1254,1254,5.123026972388967,9.421259920719315,0.3074504751588458
1255,1255,4.835497831191217,10.027124556246706,0.3463197161735246
1256,1256,5.321659444288345,9.72923160461646,0.2805986110610486
1257,1257,5.706182095563362,8.387143606045505,0.22861743257683845
1258,1258,4.40959328546243,10.81456131260531,0.40389505051431057
1259,1259,4.894057651920286,10.671783065943961,0.33840338541062254
1260,1260,4.2477148116992485,10.873120908258482,0.42577837470739477
1261,1261,5.8513402817136395,8.472931071898739,0.20899441802177357
1262,1262,4.74927343052701,10.403648759271748,0.3579758460419691
1263,1263,3.9760038718302635,10.438677575542508,0.46250925340754345
1264,1264,6.076347413646545,7.750438761798516,0.17857713090892854
1265,1265,5.627045932870688,8.903979709025815,0.2393153485093416
1266,1266,6.150825588065966,7.23790723243953,0.16850889886892542
1267,1267,4.443091571170748,10.130985201461563,0.399366629724156
1268,1268,5.265289201512742,9.231787368240907,0.2882189466672888
1269,1269,4.187429212594188,10.721884522196447,0.4339280025036163
1270,1270,5.393383191752816,9.474290741263651,0.2709027325318002
1271,1271,4.662320680133286,10.299444683024117,0.3697304368909655
1272,1272,5.2886455021957115,9.117751909508366,0.2850615565096307
1273,1273,5.286642754477894,9.783193342949879,0.28533229527166076
1274,1274,5.211032610845523,9.232200144779124,0.2955535510503224
1275,1275,3.9698416939064387,11.184199643138992,0.4633422791589463
1276,1276,2.998059313080189,11.931865746396781,0.5947113759287781
1277,1277,4.747881290151039,10.141681696645072,0.35816404067008395
1278,1278,4.428898065636493,11.309182401437784,0.40128535971846535
1279,1279,5.6661645871608295,7.857533520932028,0.234027145736435
1280,1280,4.224639934130122,10.864807189219782,0.4288977210591502
1281,1281,6.091205483563115,6.588793859042255,0.17656856267061236
1282,1282,4.330449257268469,11.146746838671564,0.4145940297340477
1283,1283,2.934668032685751,11.5349369796213,0.6032808410814803
1284,1284,5.976379131696109,7.287426327710369,0.1920912089212245
1285,1285,5.330581326414606,9.65228445521295,0.279392518401273
1286,1286,5.339888652946257,9.032164122919696,0.27813431995692034
1287,1287,5.95232030073288,8.217409228000495,0.19534356969184294
1288,1288,5.400206264158675,9.076692949017161,0.26998036464693415
1289,1289,5.221186735337799,9.304510006404621,0.29418087936028353
1290,1290,6.061810682304244,7.049094689333435,0.1805422594234012
1291,1291,5.342722801581461,9.605228658838168,0.2777511893778275
1292,1292,4.921699297092182,10.490971081288833,0.3346666867102646
1293,1293,4.592321408419036,10.483310764709113,0.37919319448061073
1294,1294,6.265885279998943,6.420440497083291,0.15295470885469747
1295,1295,6.446973474300853,5.054651171270693,0.12847454437497627
1296,1296,5.623158734324439,8.615911979584162,0.23984083422719504
1297,1297,5.840420668265041,8.220074384509644,0.21047057130888963
1298,1298,4.8651758785595405,10.623780168947288,0.34230772917561875
1299,1299,4.294006991404601,10.410910392019673,0.419520428529951
1300,1300,5.572410839431052,8.930663991398804,0.24670112028161623
1301,1301,5.437977526351006,9.247490679957597,0.26487430726622285
1302,1302,5.779066427278304,8.44887764030618,0.21876466202349307
1303,1303,6.300310950792472,6.522739520383727,0.14830092075658824
1304,1304,5.932358321080328,7.730703840214462,0.1980421031170567
1305,1305,4.728400724541193,10.610230629042778,0.36079749478411616
1306,1306,3.952516670510139,10.966077326656613,0.4656843391921329
1307,1307,5.638322869537292,8.576166226567583,0.23779089096261938
1308,1308,5.12570670765299,9.882725230664658,0.3070882187440736
1309,1309,4.554644429619046,10.483227338745746,0.38428650628748096
1310,1310,3.225687234022717,11.412964729478604,0.5639398009714409
1311,1311,4.701189811183636,10.321407258716178,0.3644759655823056
1312,1312,5.359680794905246,9.187687947222855,0.275458745812345
1313,1313,4.162603484692731,10.876685899829244,0.43728403520745596
1314,1314,5.237726027527481,9.548243030096192,0.29194503734560995
1315,1315,4.725149389986425,10.47782226206876,0.36123702208177433
1316,1316,6.179773497342209,7.7735124178955095,0.1645956146089641
1317,1317,5.281516981046291,9.400204291792072,0.2860252160729043
1318,1318,4.805617900192795,10.4762691718009,0.3503589945389856
1319,1319,5.671670179309577,8.435263673717845,0.2332828796517288
1320,1320,5.238537906965256,9.55185134656925,0.2918352845135656
1321,1321,3.925287921572851,11.110955038396202,0.46936522106922846
1322,1322,6.021366661226885,7.798055828268888,0.1860096301264543
1323,1323,4.349895423514779,10.73146941837172,0.41196522585180234
1324,1324,5.199888819103244,9.605011863459069,0.29706000957916456
1325,1325,5.7548462149817095,8.713914879451677,0.22203883891304718
1326,1326,5.543124102663832,8.725412056510319,0.25066020848115156
1327,1327,5.934858832917844,7.7968691361808595,0.19770407478063282
1328,1328,5.264654314518354,9.439759581986984,0.2883047730134433
1329,1329,4.347162512246547,10.720377083569122,0.41233467079332764
1330,1330,5.5954711858040715,8.98867038936344,0.2435837383101019
1331,1331,5.738000988588091,8.659987540074138,0.22431603823243745
1332,1332,3.170787924836951,11.330543275125233,0.5713612903947106
1333,1333,6.472833766406348,6.188630203953732,0.1249786554978653
1334,1334,6.196215749543792,7.356907748255576,0.16237289081482906
1335,1335,5.748207904310633,8.405450793918018,0.22293623003079446
1336,1336,5.143830731181252,9.7310599856534,0.30463814695051156
1337,1337,4.5515746666117405,10.625990183654476,0.3847014880792112
1338,1338,5.267668611997959,9.573989229640016,0.28789728925462615
1339,1339,5.09501749147266,10.041417047986481,0.3112368992405816
1340,1340,5.4434539375982665,9.090670540801469,0.2641339859625159
1341,1341,4.499408569294436,10.467052047109124,0.39175349192471687
1342,1342,6.190666108199582,6.855687121185488,0.1631231116308985
1343,1343,4.823405686440943,10.553900785721522,0.3479543765308187
1344,1344,4.739844736084119,9.918465479010427,0.3592504514444958
1345,1345,6.294579024710245,6.301317521224568,0.14907578349029343
1346,1346,5.315802373737281,9.026228525660713,0.2813903912817975
1347,1347,5.653908996516581,8.816207146384436,0.2356839013075196
1348,1348,6.056220057310467,7.863067779370702,0.1812980205591267
1349,1349,4.52764982845967,10.507654034120652,0.387935735211506
1350,1350,5.8940580114182115,8.049762032543375,0.20321967906985303
1351,1351,5.957373405319294,7.522009924137408,0.1946604725308959
1352,1352,5.172825248632324,9.578912077441398,0.30071856202699615
1353,1353,6.074200670064929,7.773407204656852,0.17886733555852663
1354,1354,6.044144094508383,7.88668356220647,0.18293049338147516
1355,1355,4.742575588471686,10.27557039866549,0.35888128482998954
1356,1356,4.466450388147896,10.537999040956215,0.3962088994046469
1357,1357,5.083021299752077,9.637685400659434,0.31285858831635066
1358,1358,5.028286973995379,10.306681871932136,0.32025777467621197
1359,1359,4.629942979537845,10.461605835542823,0.3741073728867495
1360,1360,6.766945649569662,3.4077044947065955,0.08521953534630634
1361,1361,4.9155549969317,10.136335824089265,0.33549729568022657
1362,1362,4.63800363329937,10.568992088167398,0.3730177042274706
1363,1363,4.949309943110153,10.00448771086896,0.3309341785889212
1364,1364,5.725517633731972,8.409102160774708,0.22600358380278554
1365,1365,6.31876665825833,6.754783226825333,0.14580601071512755
1366,1366,5.175417690255934,9.81752724898044,0.3003681062858326
1367,1367,4.758186665729453,9.700250264021921,0.3567709223049834
1368,1368,6.07386976492639,6.996475381360053,0.17891206852552013
1369,1369,6.798102076851823,3.9032486311518,0.08100769554411484
1370,1370,4.3970070514777255,10.219428963387964,0.4055965036615662
1371,1371,5.421105132679819,8.941778432216028,0.2671551791575658
1372,1372,6.101611110315635,7.8013970079323816,0.1751618919851033
1373,1373,6.0306697575228245,7.6886028208988835,0.1847520035408383
1374,1374,4.651782746069955,10.048293543542853,0.37115499336269614
1375,1375,5.147580814385259,9.93024376808241,0.30413119698615504
1376,1376,3.6844349706515924,11.039778981635898,0.501924603952845
1377,1377,4.159704457231576,10.798071973423253,0.43767593634355095
1378,1378,4.0985037642494255,10.840977954065846,0.4459492698772553
1379,1379,3.583599697785769,11.027675173053712,0.5155558849683126
1380,1380,4.812511934623071,9.995726634965546,0.3494270337480979
1381,1381,4.401858364722086,10.472597409345001,0.40494068539233874
1382,1382,4.66699202634518,10.360507778319125,0.36909894722346
1383,1383,4.500217788927115,10.676388968992349,0.39164409865485433
1384,1384,5.564354739638623,9.49191595588545,0.2477901733186956
1385,1385,6.10791997264954,7.834675940223976,0.1743090368986119
1386,1386,6.261140011753209,6.53829824886502,0.15359619157312523
1387,1387,6.106747746784664,7.822248765319692,0.17446750267872632
1388,1388,6.949689370204189,2.449661612972596,0.06051557076145278
1389,1389,6.254553400513677,7.408868314099648,0.15448659377261323
1390,1390,6.084730021737275,7.232584799956317,0.1774439392858016
1391,1391,5.423264326884594,9.58305170821533,0.2668632913871879
1392,1392,6.078629761258396,6.948733800077935,0.17826859481051854
1393,1393,5.616298096605006,8.682685674452838,0.24076828032855424
1394,1394,4.98081211083794,9.635614186400115,0.32667560032866044
1395,1395,5.959784465659835,7.686202662850785,0.19433453657502364
1396,1396,5.310279793913646,8.89873888356615,0.28213695382253146
1397,1397,6.382053347347877,6.1616722606185865,0.13725068459758866
1398,1398,5.77747356097127,7.7575174080114095,0.21897999151717273
1399,1399,5.676456786747025,8.70834392621773,0.232635808550157
1400,1400,6.030462980425106,7.287950079688406,0.1847799564252452
1401,1401,5.296569143474042,9.357471028019134,0.2839904096989863
1402,1402,4.766549118012905,9.749636371214372,0.3556404554176091
1403,1403,5.999035249392066,7.781049624783895,0.18902847206083984
1404,1404,5.915319704131263,7.655043633384033,0.20034544567910514
1405,1405,5.442443472496855,8.827681915491201,0.2642705843309459
1406,1406,5.930523213808216,8.511450339662918,0.1982901796304508
1407,1407,4.729303051580673,9.590043733980998,0.3606755149144393
1408,1408,6.572188086030583,5.158284547617831,0.11154757515854122
1409,1409,5.249352355506368,9.291967738211293,0.2903733478033097
1410,1410,3.244224881349971,11.147513267680278,0.5614338139998017
1411,1411,5.91597456900347,7.907823487561592,0.20025691865035303
1412,1412,5.785889819639834,8.253515223817706,0.21784225088584896
1413,1413,5.146466012437375,9.353902168141268,0.30428189999112853
1414,1414,5.342972784689929,9.3179329997119,0.277717395746851
1415,1415,5.8250843032077935,8.201187140798423,0.21254379723380296
1416,1416,6.536801002477811,5.450821315571449,0.11633133055004526
1417,1417,4.714269327817523,10.33849686658307,0.36270782868223256
1418,1418,3.883339238068654,10.887722135775487,0.4750359975428093
1419,1419,6.017401269671885,8.065933654174936,0.18654568626124052
1420,1420,6.432827846475314,6.2600600335197845,0.13038680208549697
1421,1421,6.570933645927226,5.80958212980967,0.11171715496013201
1422,1422,5.918016886921258,7.7046885348061735,0.19998083064395342
1423,1423,6.170986542114848,7.158742567011208,0.16578346735701854
1424,1424,5.253113376571405,9.514562882058883,0.28986491921889135
1425,1425,5.992251395805939,7.436023135160331,0.1899455382022023
1426,1426,6.266028838055109,6.747658932932643,0.15293530215156653
1427,1427,6.224241928541758,7.315203113843054,0.15858420942533724
1428,1428,6.72466154059042,4.148142328439521,0.09093565586250384
1429,1429,5.939980267651713,8.009732811520289,0.19701174050041886
1430,1430,3.3772641186650265,11.581700815854013,0.5434490832762767
1431,1431,5.692027972218263,8.900475394627271,0.2305308387427678
1432,1432,4.7725957448028575,9.69955178746484,0.35482305029113936
1433,1433,6.139415417011642,7.815319987935304,0.17005136752751684
1434,1434,4.3883507099218315,10.890130534817754,0.40676669957576056
1435,1435,6.304811503449599,7.058047626055631,0.14769251958653493
1436,1436,6.444351112204896,6.369474527472561,0.12882904487503302
1437,1437,5.772869780788613,8.356513363242016,0.2196023473617068
1438,1438,5.6899766835741055,7.924047751817474,0.2308081394447707
1439,1439,4.122670738769823,10.782672535756252,0.4426822898650175
1440,1440,5.9580512914721435,8.342955970077124,0.19456883340122072
1441,1441,5.648811303822313,8.58102755318221,0.23637302605197802
1442,1442,5.499745592174666,9.493271520978231,0.25652427419649954
1443,1443,5.210414700349677,9.592384273488463,0.2956370824513083
1444,1444,3.897520672184268,10.722991282956691,0.47311889940702595
1445,1445,4.782056789995158,9.810428793968267,0.35354407159597684
1446,1446,6.337931510560746,6.857176568700746,0.14321523588079169
1447,1447,3.3327096808289967,11.560742637187097,0.5494721151516132
1448,1448,5.6471880918296105,8.525852268148936,0.2365924577864431
1449,1449,4.774348513041483,9.978412807878874,0.35458610466946705
1450,1450,4.777355932759191,9.597715406656246,0.3541795506716603
1451,1451,4.795196777142454,10.024164351967464,0.3517677600707156
1452,1452,6.7370328405884665,3.9244650247194093,0.08926325827773779
1453,1453,3.801875589401641,10.777219953172715,0.4860485515426681
1454,1454,2.20296561450861,12.07810106967397,0.7021950503497169
1455,1455,5.149375869452865,9.375599405034594,0.30388853487626677
1456,1456,2.90238117585125,11.365281501656495,0.6076454964853774
1457,1457,3.282747055160484,11.18690804531738,0.5562262456399033
1458,1458,5.530064159753177,8.854490423557914,0.25242569933372244
1459,1459,6.055588118274801,8.177517525335443,0.18138344838943835
1460,1460,5.364757305227624,9.282037141141362,0.2747724845783982
1461,1461,3.3629500263075345,11.433182703473374,0.5453841146384268
1462,1462,6.0556477301486185,7.735205959600851,0.1813753898382908
1463,1463,5.929001533949441,7.745716905440942,0.19849588587967312
1464,1464,6.512527513689388,5.583695434941609,0.11961270955063646
1465,1465,5.6795000550513475,8.20831462102393,0.23222440840928676
1466,1466,5.321461501800317,8.647424623611279,0.28062536965060286
1467,1467,5.213566884537841,9.712551408059884,0.2952109586628741
1468,1468,5.6945703657420434,8.609668334407106,0.2301871486868022
1469,1469,4.931571315729464,9.636858059232608,0.3333321511215745
1470,1470,5.866224801587668,8.129528102418158,0.20698227418146106
1471,1471,5.229631818236283,9.31653390104542,0.2930392421641277
1472,1472,5.914981550024642,7.102778887938586,0.20039115858811882
1473,1473,3.7751639642742836,11.071323303742426,0.4896595267316314
1474,1474,5.753327042542816,8.216712044934566,0.22224420620007843
1475,1475,3.922061311026915,10.536747720379827,0.46980140608493864
1476,1476,5.7116697407760615,8.049430357285926,0.22787559262459245
1477,1477,4.527775711634205,10.187338525317726,0.38791871786352405
1478,1478,3.327094010507249,10.975112132470038,0.5502312620063832
1479,1479,5.791394697548648,7.568072704588102,0.21709808135470954
1480,1480,4.368228672186751,10.613707789506563,0.4094868702380218
1481,1481,5.902446679681384,7.619144691905584,0.20208566821044868
1482,1482,3.98707803503166,10.826805096708616,0.461012207519541
1483,1483,5.68355308684963,8.831239838943482,0.23167650474584822
1484,1484,4.596349344469809,10.52701384859103,0.3786486833521142
1485,1485,5.805396961748023,8.26689978183531,0.21520520406356072
1486,1486,4.473249823157285,10.576737205375856,0.39528972690949515
1487,1487,5.614756009214467,9.053872493637863,0.24097674534256594
1488,1488,6.075301786002691,7.919392183966189,0.17871848267846138
1489,1489,6.367712349378419,6.564519774263305,0.1391893531587781
1490,1490,5.835723982079173,8.399873787678644,0.21110548652676397
1491,1491,5.938319005093161,8.255120031506706,0.19723631604955452
1492,1492,6.22069519988326,7.467322102927802,0.15906366917841322
1493,1493,5.926825194723732,7.9780525459736324,0.19879009137669293
1494,1494,5.53551717795198,8.826545753791024,0.25168854038787175
1495,1495,5.398979838164824,8.87074913059067,0.2701461573987334
1496,1496,4.570729973738478,10.388498933329679,0.3821120035966373
1497,1497,6.59463705800772,5.099873225151698,0.10851284101411242
1498,1498,5.813522765089537,7.946654124159506,0.21410672824575844
1499,1499,6.768546826315707,3.2560082600222966,0.08500308241708367
1500,1500,5.779477235366192,8.050112541126019,0.21870912748354207
1501,1501,6.893912474196359,3.115041503405311,0.06805569558131574
1502,1502,5.773703193366883,8.27641820783865,0.2194896836009677
1503,1503,6.161892654612388,7.260990806027118,0.16701281233270013
1504,1504,4.565998180172922,10.325374111003033,0.3827516647585117
1505,1505,5.344163101214398,9.193779894690923,0.27755648440520186
1506,1506,6.567522340612998,5.575306348052342,0.11217830769018586
1507,1507,6.289213443483875,6.344906662341346,0.14980112238638882
1508,1508,5.915869253960837,7.456223237510095,0.2002711555230315
1509,1509,4.857084438145722,9.736756681610801,0.3434015596871644
1510,1510,5.804303104549177,8.275875209519825,0.21535307568074874
1511,1511,5.902999596641338,7.83093681515906,0.20201092287337422
1512,1512,5.943262573170829,7.66007713968989,0.19656802643451626
1513,1513,5.863103600319535,8.213035836532866,0.2074042095854379
1514,1514,5.89604563146632,7.537364167803538,0.20295098532154732
1515,1515,5.718745844863744,8.291618580196655,0.22691901899145275
1516,1516,6.070659788338656,7.436276383306215,0.17934600490191793
1517,1517,5.489065070440752,8.875549211674272,0.2579681061910885
1518,1518,5.813362009914881,8.537831496662461,0.21412845971826952
1519,1519,4.803678784675078,9.833788609315407,0.35062113126745575
1520,1520,5.49128971831929,8.633600122144944,0.2576673701536786
1521,1521,3.2587277140466164,11.346767382155676,0.5594732680282414
1522,1522,6.109220743484484,7.315401555917501,0.17413319393925938
1523,1523,5.721414218538574,8.659906905632063,0.2265582984778653
1524,1524,6.232982356055879,7.0046420855918665,0.15740264646374502
1525,1525,4.661244214545832,9.750239356741604,0.3698759574465115
1526,1526,6.354566741035559,5.788791035002225,0.1409664245778165
1527,1527,5.52947550454788,8.573689643896635,0.25250527589752375
1528,1528,5.3438163117201665,8.899686173932146,0.27760336467749874
1529,1529,5.792173691078835,7.861690060695121,0.21699277415994106
1530,1530,5.461504016139609,9.035970522350102,0.26169391032275735
1531,1531,4.974104559204523,9.912069439383298,0.32758235169296257
1532,1532,5.4978120196337334,8.686736886827997,0.25678566160509325
1533,1533,6.621929038221069,4.5177795914241,0.10482341130183533
1534,1534,4.842072123460584,9.810601995940313,0.3454309792974832
1535,1535,6.3707352217620254,6.209465463647644,0.13878071021307328
1536,1536,5.266467399362115,9.074867784929452,0.2880596735724661
1537,1537,5.5677819175627015,8.479970071994519,0.24732687487118424
1538,1538,6.201498928198742,6.58384819484567,0.1616586913997457
1539,1539,5.736202962803862,8.13040571403633,0.22455910193466488
1540,1540,5.475731589387283,8.869213217174764,0.2597705749303372
1541,1541,5.829878681088942,8.1820260309987,0.2118956756952295
1542,1542,4.284743797828146,10.598630128240945,0.42077266091999316
1543,1543,5.123766271850675,9.149103470037009,0.307350533953445
1544,1544,6.520848382001676,5.875944396496057,0.1184878641365876
1545,1545,4.671101320285109,9.929943989651285,0.3685434378379212
1546,1546,4.215293002195808,10.615637214821064,0.43016127350670125
1547,1547,5.823609848429176,8.222937590070833,0.2127431194239524
1548,1548,5.876038064812795,8.097713206543494,0.20565568136429827
1549,1549,5.774304256518928,7.953827251969176,0.21940842968554
1550,1550,5.671510598516237,8.854069080812955,0.23330445236707792
1551,1551,6.836778787597079,3.4631135321372004,0.07577923631612149
1552,1552,5.132991161299489,9.129096321429534,0.30610347965548396
1553,1553,4.477269524046907,10.319466603089186,0.3947463290402051
1554,1554,5.635223712639382,8.325476388201007,0.23820984632799674
1555,1555,3.318813366418949,11.097222930388376,0.5513506697627036
1556,1556,4.247499464916317,10.840703079769575,0.4258074860731945
1557,1557,6.133873099118467,6.545770084450684,0.1708005983326881
1558,1558,6.067680680139438,7.540763340522504,0.17974873164509889
1559,1559,5.94224821225013,8.416067717425156,0.19670515145404743
1560,1560,6.2237848125312425,7.37844354325024,0.15864600403965143
1561,1561,6.325742267238907,6.638615833245799,0.14486302237815146
1562,1562,1.5746325497624083,12.386724405180232,0.7871354123226791
1563,1563,5.391480793722948,9.250074257980176,0.27115990565595993
1564,1564,6.931107671899068,2.662222943510519,0.06302751270540718
1565,1565,7.004864018932488,2.5759906192351103,0.053056859931702414
1566,1566,7.080108772111968,2.295177389864546,0.04288499897096679
1567,1567,4.386776938523181,10.766245721715265,0.40697944774988065
1568,1568,5.878531980976434,8.52606115837673,0.20531854465519428
1569,1569,4.1906610481739826,10.817723971394894,0.4334911111487173
1570,1570,3.983259518661518,11.121937387201717,0.46152840852960647
1571,1571,3.298163245597565,11.334749730157906,0.5541422286281633
1572,1572,6.598337391561872,5.274357142985848,0.1080126163893948
1573,1573,5.462160844262292,9.659369253772862,0.26160511789462493
1574,1574,6.641969558758878,5.350732393867405,0.1021142604324701
1575,1575,5.225781006202789,10.098162779433432,0.29355980902009426
1576,1576,7.000995695478986,2.7213596351363063,0.053579794045478
1577,1577,6.577641806351793,5.5325226317398535,0.11081032129721531
1578,1578,6.474982618900633,6.09834825493718,0.12468816575773871
1579,1579,6.781499618053441,4.347006432947506,0.08325207665199971
1580,1580,6.436079432573937,6.088283052934386,0.12994724078322042
1581,1581,6.434035426909561,5.81839754793909,0.13022355694537724
1582,1582,4.551297585971036,10.489136543681095,0.38473894485371124
1583,1583,6.724150920772518,4.16940427221688,0.09100468331720367
1584,1584,7.100921279370385,2.1209616777884643,0.04007148811298115
1585,1585,7.063671714929026,2.408647270952093,0.04510702048348002
1586,1586,6.739004241800788,4.592141438394931,0.08899675705097813
1587,1587,6.473804564276653,5.891678564651995,0.12484741949082874
1588,1588,6.86981226599256,3.7470276172968573,0.07131364987866168
1589,1589,6.887722660883879,3.539804653620572,0.0688924571856401
1590,1590,7.09666323239021,1.5152092278275604,0.040647106478600765
1591,1591,5.656406851384917,8.257955400209038,0.23534623214990796
1592,1592,4.631062104546256,10.657619872654493,0.37395608547464143
1593,1593,6.890820070449886,3.394839125903973,0.06847373803098068
1594,1594,6.804822347732194,3.9200813687314757,0.0800992247454857
1595,1595,6.432242705076937,5.984179313755806,0.13046590364002622
1596,1596,7.156935462501492,1.3573075420333898,0.03249928595185846
1597,1597,6.318441216685744,6.81678720620347,0.14585000509729118
1598,1598,7.190765512192886,0.783229833337704,0.027926016092964426
1599,1599,6.91257368567822,3.4275058682688786,0.06553300475529095
1600,1600,6.739887617882229,4.234427354114412,0.08887733904112662
1601,1601,6.363864291287834,6.7913569034635755,0.13970954772666902
1602,1602,6.631595626529973,4.754517798856582,0.10351664653634655
1603,1603,6.879804988824241,3.710433077512326,0.06996279705546778
1604,1604,6.890152880428541,3.5126556051907567,0.06856393121847533
1605,1605,7.19133858628256,0.9542528034284208,0.027848545841364813
1606,1606,6.464523386395329,6.036421283150224,0.1261020830649852
1607,1607,4.536025186846055,9.763507671427018,0.38680352362993
1608,1608,6.811090610962067,3.6979761584543187,0.07925185799437849
1609,1609,6.393703690138096,6.247506034131328,0.1356757486452525
1610,1610,6.4405250465852815,5.135834672569436,0.12934626642025546
1611,1611,6.865233766035674,3.594045028008485,0.07193258824980754
1612,1612,3.818354106814621,11.252383702459,0.4838209252846076
1613,1613,6.599243783372147,4.456690450461251,0.1078900870291339
1614,1614,4.3056588608279895,9.6741162435032,0.417945286201759
1615,1615,6.338042477445951,6.528609608121524,0.14320023497136136
1616,1616,6.163509398371478,6.791624482808924,0.16679425499771391
1617,1617,6.122084245667958,7.092477377087455,0.17239425866271846
1618,1618,6.61002335104927,4.950327310510238,0.10643286564165738
1619,1619,2.876881972829773,11.431771002500668,0.6110925720193399
1620,1620,6.552087425415715,5.238041939161549,0.11426485598350017
1621,1621,6.535552678291676,5.564322085077521,0.11650008357957548
1622,1622,4.53413073065302,9.469549910738344,0.38705962314753733
1623,1623,4.5226399543505345,9.403256697060634,0.38861298831840846
1624,1624,4.332491412490022,10.104408837074946,0.4143179637215202
1625,1625,4.20640440677637,10.664463885806327,0.43136286634769433
1626,1626,4.483014621529575,9.957695451077704,0.3939696857484107
1627,1627,4.4194208304679625,10.205656117926148,0.4025665270338334
1628,1628,4.430842864857198,9.891708197522725,0.40102245464623565
1629,1629,4.493605204477199,9.689554886816817,0.39253801200792526
1630,1630,4.430180336567419,9.796263866714717,0.4011120176438058
1631,1631,4.636256460907665,9.360060169563429,0.373253893382088
1632,1632,5.884213241076612,7.58457724282065,0.20455053113426558
