,id,entropy,KL_div,norm_entropy_diff
0,0,5.290923313239958,7.763626813887005,0.28473415623812726
1,5,4.165765206886059,10.668481452198737,0.4368412866311988
2,8,5.403792539531109,9.071580725835158,0.269475665876744
3,14,5.914600595831676,6.7649536561392525,0.2004208839871814
4,16,5.759254750160716,7.052281558346213,0.2214216754937774
5,21,6.125492204416941,6.126360174450695,0.17191100859746092
6,29,5.356785713889508,7.366501153774092,0.2758303935517739
7,33,5.576066128825708,8.29440280657182,0.2461864577537799
8,35,4.7665346174035195,10.207621995342498,0.35562486864895504
9,39,5.853670512353704,6.615100394682051,0.2086578598398262
10,41,5.815145960360393,5.9700303113780855,0.21386589151136626
11,50,5.376903284742944,7.300296015128659,0.2731107526802242
12,59,5.38704295845121,8.736553505350662,0.27173999717290775
13,72,5.173294053591404,9.649467212160609,0.3006361428428217
14,92,5.374204472918567,8.48481395864438,0.27347559786932135
15,94,5.280392688698908,8.748769333723128,0.28615776334822185
16,95,5.8112292915123565,7.2150374436290345,0.21439537555081858
17,99,5.697448107523732,5.470086509280193,0.22977715104663696
18,101,5.1946452182752125,9.3814230194053,0.2977497357038924
19,103,5.9775104768614105,6.482000781933752,0.19191626457168323
20,109,6.016411464269545,5.975081503340647,0.18665734359809408
21,113,3.170424701985685,9.928416287522115,0.5713987209236975
22,115,5.351630320515362,8.56032249126329,0.2765273374637099
23,118,5.855015777811946,4.510217362685342,0.20847599698222896
24,120,5.758644034037921,6.910330145084756,0.2215042365813246
25,121,6.065751420716673,6.22448902439222,0.17998720617784147
26,130,4.917430903616793,10.352083604221908,0.33522560124532724
27,138,5.917206471331658,6.812899840996287,0.2000686026124789
28,139,5.293941849002245,8.499633733435886,0.28432608842063783
29,141,5.688085775280722,7.323155904408354,0.23104281982974287
30,143,5.474593982437965,6.784418100672623,0.2599042072102377
31,152,5.583516160920219,7.279152086290161,0.24517930773918822
32,156,4.5414155543626755,7.168555193091537,0.386058115747785
33,158,5.883668319515365,5.356184497979016,0.204602536112718
34,159,5.988202222718128,6.9538529831265565,0.19047087589966158
35,162,5.339542188259587,8.393280661424514,0.27816149989728656
36,166,6.016027961774546,5.09863856926802,0.18670918827990685
37,171,4.977571882410896,7.545988268162642,0.3270953023551158
38,172,3.9989624468152196,10.626683154812476,0.4593909079090809
39,184,4.901004651736589,5.761292669022234,0.3374462225273516
40,189,5.708443307293455,6.417086709145319,0.2282907392475959
41,198,5.580852218805852,7.2227599244649765,0.24553943898497615
42,200,4.848981973173247,10.32804897708446,0.34447903001186897
43,202,5.955642326228826,7.0208352186718335,0.1948725616653466
44,219,5.894128575329763,6.512882329624649,0.20318844196353095
45,222,5.345379962932121,6.4068208935373105,0.2773723066734134
46,223,3.639537631925103,11.22671069891776,0.5079805922176794
47,224,5.328861537499526,8.82273531988045,0.279605388652715
48,225,4.5327355900138535,9.167456723557283,0.3872315370310319
49,226,4.464922736720662,7.233656265285875,0.39639897622019543
50,229,5.896065409307699,6.748526317286342,0.20292660653189873
51,232,4.69813810354987,6.477555379984002,0.3648712113561873
52,234,5.637456346752655,6.427231533196531,0.23788727754937924
53,237,5.198041486868242,7.897587483904371,0.29729060319014833
54,245,4.339650678264972,8.43471293626336,0.41333417245841614
55,246,4.328801691822406,10.396672228399062,0.4148008180668272
56,248,5.574137362312213,7.636818895693191,0.24644720256636166
57,249,5.744794427453163,7.6772108724248955,0.22337652804221722
58,263,1.8829088712325355,9.410888338043266,0.7454545600502877
59,264,6.028714156207622,7.012671424537064,0.18499417541200253
60,266,6.210614633831205,6.120696489780084,0.16040353387264383
61,267,3.8831428298724973,10.314656193826533,0.47504825373176757
62,271,4.676282861774549,10.26569416481729,0.3678257633357872
63,273,4.570773453655066,10.906539271679797,0.3820892994627519
64,280,6.034324670216842,6.918977098335043,0.18423570495247038
65,286,3.8286602138352688,9.740267745632387,0.48241361361757523
66,287,5.417264490387865,9.150632650115298,0.26765442868879175
67,289,1.3883739188481945,8.456926490361358,0.8123094243235549
68,290,3.818945726003168,11.5991388632401,0.48372688937769714
69,292,5.338450659838621,5.639196322092559,0.27830906071999945
70,298,5.688733643954011,7.352844915604795,0.230955236187756
71,307,5.171486826953471,8.760543377340486,0.30088045700303934
72,313,5.033041469690101,8.98945280990632,0.3195965164534
73,314,5.825910458926703,6.631939574427641,0.21241066759412705
74,318,2.5165109032230304,9.350554220950531,0.6597995873375192
75,328,5.080516195937488,7.540327142138817,0.3131785345405404
76,329,5.870388441103274,6.0534272335647685,0.20639780753797382
77,332,5.387603634429791,7.940803933720337,0.2716642008793018
78,337,6.007350347632828,6.752509816414181,0.18788229184490915
79,340,4.853106324223514,6.849652305060319,0.3439214699681319
80,344,5.100233679862575,9.000838446618948,0.3105129803562174
81,351,4.834517232505299,8.917130942839322,0.3464344798126185
82,353,4.481920374174738,11.26327910058508,0.39410111084287563
83,354,5.393618055112595,6.945653986913046,0.2708511273513488
84,359,3.903161340667671,8.969692553264274,0.4723420045258992
85,362,5.042690349892029,10.233366697575718,0.31829211001422164
86,386,5.921395921951511,7.122751606234093,0.19950224193115718
87,391,4.536112019323235,10.500889549098305,0.38677508653725257
88,393,5.75666527170436,6.0514055257221,0.22177174019578388
89,399,4.746695813556418,10.69627473438485,0.35830682375070727
90,404,4.662174635146217,9.32593352588406,0.36973301695219213
91,405,4.976147712378604,10.25517983500686,0.3272878321121165
92,408,5.471681587063154,7.829081206180277,0.26029792619118
93,416,5.142994486612659,10.36932928471203,0.3047322606766294
94,417,5.3756624541304845,7.288847524808326,0.2732784972689174
95,422,4.4076690245191354,9.98569858109476,0.4041389532226682
96,423,5.897384586787837,7.299557092749888,0.20274827043864233
97,428,5.51617359072562,10.07554010253196,0.25428317060765926
98,430,5.353856790832725,7.6286089109168636,0.27622634686606234
99,432,4.85720449500614,9.129095372646919,0.34336744916511247
100,436,1.0919145720531684,7.73420989107591,0.8523869745492051
101,437,5.239791499226241,6.187836440760617,0.291646530114739
102,438,5.058010370601012,9.59814268893528,0.3162210371805935
103,443,5.694996199842729,6.507879040669948,0.23010861792159434
104,446,4.725885402498747,10.04708173653246,0.3611201278458447
105,449,2.4100785623704204,9.603939587584355,0.6741878922847848
106,455,5.0562061780905365,6.710625099016203,0.31646494116519397
107,462,1.9165849296555901,9.290160460129114,0.740901983322845
108,468,5.758001934019877,7.356060631582869,0.22159104037415916
109,473,5.744537985744666,6.497467359551315,0.22341119571440693
110,474,5.92685274140476,7.097414323072121,0.1987645490296711
111,477,5.3731562110366795,7.468526662058683,0.2736173096037469
112,482,5.326253368859334,7.325487083321744,0.2799579800309404
113,484,6.1252815876247695,5.207877685112417,0.1719394813211509
114,488,6.010499740246566,7.125049584062555,0.18745653383787747
115,491,5.872322643086741,5.092274176762748,0.2061363279186703
116,493,4.782176928141022,10.99920212480895,0.35351022628397366
117,502,4.405188529092661,8.319193077728347,0.4044742847988649
118,510,5.719972955232533,6.041565102444408,0.22673207682268687
119,511,5.379747105949601,9.440757237665132,0.2727263040586014
120,515,4.813217638065272,9.451499600193966,0.3493139153075176
121,520,5.271269507382557,7.9721043453048335,0.28739110195392475
122,525,5.4852866420208395,6.092875668486755,0.25845869501400826
123,533,2.387740601681272,8.016036013846888,0.6772077017498477
124,535,5.311102243379754,5.336724191874515,0.28200622036792944
125,538,4.809929350444424,10.277427941357146,0.3497584501609659
126,557,5.686586495899994,5.848137405176624,0.23124550341969546
127,559,4.831304054704806,9.937687674934462,0.3468688607693176
128,566,5.399977545618986,10.220755780466597,0.2699914047521634
129,575,5.343314077256247,5.759516526005951,0.277651588260688
130,579,4.892384501423695,8.59928930759341,0.33861155771024437
131,580,4.684433498885289,10.395275618856385,0.366723900393336
132,582,4.163599689939873,7.689424001621406,0.43713403710479165
133,591,5.651848248086509,7.472131698824641,0.23594167470438304
134,593,5.497126282946292,7.617418840207199,0.2568581254621514
135,594,5.46936220183152,7.301119852552487,0.26061147770884463
136,595,4.72540045499584,10.850014811061515,0.36118568660833505
137,613,5.657354580795002,5.327701790664303,0.23519728823767347
138,620,5.523831284441679,7.246469070863377,0.2532479473710305
139,624,5.670701876875002,5.361962730112433,0.23339290279728903
140,625,4.116257953371403,11.3315746347094,0.4435340404968391
141,626,5.475283062175488,5.955896292700981,0.2598110523541382
142,627,5.342763395837233,8.48515259288628,0.2777260334163812
143,628,6.138641902245402,6.136407578457673,0.17013333593890026
144,633,5.076290944710793,7.539233010901524,0.31374973501063697
145,638,5.108332745816966,9.798033154075473,0.30941808918116404
146,641,4.840939419091828,10.165072519797,0.3455662814971914
147,645,4.288920780826315,11.322134359265277,0.42019221230273107
148,646,5.549671175417727,7.789729956387311,0.24975472126899126
149,649,3.4954295871159413,9.654105436659645,0.5274621753291495
150,650,5.671819641424724,7.3053915647020276,0.23324179518214302
151,652,6.321262773756934,4.297239040307988,0.1454453062667717
152,653,5.256329621553288,9.68478991370356,0.2894107853646892
153,654,5.125492891112939,9.855493329547016,0.3070982548011257
154,655,5.606406639893846,5.864656710125182,0.24208480479747788
155,658,6.008510761572227,6.2619137551075,0.18772541857226122
156,659,5.980831657248331,5.65188709645053,0.19146728303271607
157,660,4.9097842759302965,6.8131029963765934,0.3362593284948658
158,673,4.711572183600759,6.26682243231823,0.36305509382170736
159,679,5.115028573941153,9.506798082276934,0.308512897994411
160,687,5.477153455528923,8.796087599101249,0.2595581988537361
161,692,6.365539760463233,4.205599739934815,0.1394596182534029
162,700,5.193252851991206,6.901158667389108,0.2979379659967911
163,701,5.348487206471761,8.364683951470008,0.27695224668755186
164,708,5.1767915902262365,7.68778943399169,0.3001633201719768
165,712,3.8381325941553617,10.21580770303166,0.4811330677277624
166,716,5.270451854447484,7.824860608001266,0.2875016382784724
167,719,5.9130674801909535,6.831852234976452,0.2006281418110855
168,721,5.4487928050621965,9.702090257477405,0.2633921997236707
169,722,5.490610238427071,7.426034607233471,0.2577390121817468
170,723,4.418760110959591,10.766038315006982,0.40263957875976175
171,726,5.457155039780423,7.747523315569191,0.26226173146371695
172,733,5.742071665019191,7.856139686737416,0.22374461105049384
173,735,6.399263606893905,4.952382717012853,0.1349005811923725
174,736,6.044918769378854,5.776953403916103,0.1828035168772716
175,740,5.549782799127582,6.607763934501592,0.24973963115668252
176,743,5.503267559807015,7.080558917429872,0.25602790258506525
177,744,5.32229587601043,9.29465481215945,0.2804929829584388
178,745,5.901825168157407,6.584438014085505,0.2021479600595161
179,749,4.531630094366937,8.987215246140535,0.3873809860458547
180,753,6.253837330018881,5.162956624913608,0.15456037258905875
181,766,5.726029959708679,6.932550179572461,0.22591324650502592
182,781,4.733574974192516,10.306625233585521,0.3600805951102355
183,783,4.498713591385828,10.405010806625288,0.3918308804942503
184,790,6.104314619835798,5.150211354568838,0.1747739499042011
185,791,5.863675216155114,5.974935377893606,0.2073053505550675
186,799,5.205041408683346,9.286115379133868,0.29634430238650245
187,802,5.798194427479993,5.902503778386796,0.21615752413405334
188,803,5.197724252164171,6.24152101863006,0.2973334893056416
189,804,5.5161460246653995,8.004200466100226,0.25428689718998815
190,807,5.472342601396003,8.151666986845697,0.26020856542245735
191,808,4.66377172103378,10.115716929619737,0.3695171111608401
192,810,4.7279469570148684,9.456782629404858,0.36084143177653205
193,812,5.406208846151948,8.857569302302409,0.269149011814377
194,817,5.765512727147759,7.654085037876093,0.22057567623714885
195,823,5.028483621263369,8.48299713160695,0.3202126798539405
196,824,4.90326607099562,9.536624737963592,0.3371405072752778
197,825,5.082469368005836,9.049337126509766,0.3129144904059404
198,834,5.225271535306251,5.732764589436698,0.2936094453999851
199,835,5.5474160151637335,8.187587113362971,0.25005959038282893
200,842,5.119030683514232,7.185532353108001,0.3079718634506948
201,848,5.243546432496769,8.261605194604861,0.2911389106776376
202,854,5.790912155050645,5.240803609384033,0.21714199516591415
203,855,4.466368413318681,9.574582380383536,0.39620353904780226
204,857,5.25902745429331,8.624627140356623,0.2890460725354007
205,860,5.312977509890954,6.734418500107032,0.2817527080782964
206,861,4.332820517172243,8.273291228098063,0.41425752376173125
207,862,5.804802840091308,6.361692362086341,0.21526415041787597
208,864,3.8657064312454485,9.961076471923512,0.47740543406453395
209,876,3.97666661225114,9.63454870795086,0.4624050224553917
210,886,4.8346033117367995,9.73644718113487,0.34642284299036574
211,889,4.291121484943343,10.238937626005441,0.4198947049691439
212,890,4.227062755939725,9.719761968793105,0.42855463408518846
213,898,6.094011128460004,5.837803648962199,0.1761668514860779
214,903,5.51494727056241,5.577684017585785,0.2544489535673301
215,904,1.2056216775841777,7.837782199289958,0.8370152135229517
216,907,4.920140131639332,9.227319574448687,0.3348593479181177
217,914,5.84597755904401,5.733350974530671,0.209697849727094
218,919,6.111097988393282,6.142371278798516,0.17385692435921257
219,923,6.464425951642685,4.7740937941770945,0.12609145720042092
220,925,4.515760962183055,8.833796045556436,0.38952629179860854
221,932,4.107349201280749,10.799697808267279,0.4447383909861085
222,940,5.371158793738566,6.908921330246676,0.27388733513322394
223,941,5.992701966735224,5.8840470105188425,0.189862567479646
224,942,5.158148287203403,9.265235788676303,0.30268365869848046
225,944,4.792748741287347,10.482251898546734,0.35208105099593334
226,948,5.01770052179819,10.328563988150336,0.32167041837720145
227,960,5.833039512141031,7.189475178710055,0.2114469098602341
228,967,4.771118314420329,10.017599607999543,0.35500521084630404
229,972,5.250947668109172,6.81672636712398,0.29013835732961646
230,976,5.162591554139521,7.494743535750196,0.30208298526475885
231,980,5.412031931795651,7.228262395474111,0.2683618043612245
232,983,5.318839561437221,8.610833451462932,0.28096023292846317
233,985,5.955729870194272,7.186938451264474,0.1948607268296093
234,989,5.214353114313241,9.781924584519757,0.29508547768050797
235,990,5.050612392652315,5.524710476479534,0.3172211501337269
236,991,4.925513484916095,9.12727501913307,0.3341329385869303
237,994,6.207213451232974,5.892149764148384,0.16086333069767517
238,995,4.7111792080407024,6.8873493530564,0.3631082191419777
239,997,6.355773973807656,5.121470039394883,0.14077982896496624
240,998,5.253565503600396,6.716048794905754,0.2897844591155231
241,999,5.433051591759907,8.248086941429758,0.26552021246320956
242,1005,5.448890824779529,7.39990429741407,0.26337894869891143
243,1010,4.033704817189472,11.493236089414383,0.4546941793063732
244,1011,3.2300280239372166,10.35507983063576,0.5633411064313477
245,1013,3.0174104729430287,9.684773415441562,0.5920843073826604
246,1019,5.511554250442375,7.4206501898873105,0.2549076469286542
247,1021,5.780704783945934,6.740986178527603,0.2185219025041157
248,1024,6.506850348663965,4.068107953128213,0.1203562158568958
249,1028,5.911897368494353,5.896332613647207,0.20078632609772415
250,1029,6.301684638347926,4.585135467910743,0.14809202229600724
251,1034,4.883365145966144,8.070691408463706,0.33983086037437304
252,1035,5.610169185160579,7.714801104736114,0.2415761563148647
253,1039,4.435252633240156,9.67157184245548,0.40040999855865583
254,1042,5.107608800125458,8.610556402856172,0.30951595747280575
255,1043,5.7625814536592035,7.287995803271929,0.22097194730005423
256,1049,5.043031449902841,10.331034899101631,0.3182459976114146
257,1050,5.091848554444434,9.924573952840333,0.31164654314898127
258,1052,5.391007391012961,8.627826070251704,0.2712040560840959
259,1055,5.384927403327652,7.896574185506517,0.27202599344064604
260,1057,5.362797344438226,7.816810102153104,0.27501769721462355
261,1063,4.978785939712484,10.38682126999005,0.32693117717907655
262,1072,5.744189961035662,5.541666138900185,0.22345824424873598
263,1077,5.564743410594419,6.906212740752684,0.24771714590212537
264,1079,4.389554996396033,8.188282928304705,0.40658774048385854
265,1084,5.423819302010925,6.547777208737515,0.26676830114758626
266,1085,6.13641224524199,5.641077968622037,0.17043475733615504
267,1091,3.4988735489737004,10.075519471785057,0.5269965952898567
268,1098,5.384578265603488,9.00788721710883,0.272073192440533
269,1101,5.445443387533618,7.566100084805245,0.2638449985666807
270,1103,5.611401365247035,9.819645717857831,0.24140958116776326
271,1106,5.97419415244414,5.506315342460727,0.19236458964503508
272,1110,5.697507482215308,5.534958951184766,0.22976912434007674
273,1111,5.510500528191078,7.384784097811323,0.2550500968358903
274,1116,3.4082191381211366,11.492494706328348,0.5392519238649155
275,1129,4.177024162539814,10.906666285316158,0.4353192183760403
276,1144,5.086976245928559,9.88280819346635,0.31230521757220614
277,1146,5.515709710278005,8.289317288527144,0.25434588137100334
278,1152,5.208426305791193,9.319008114529977,0.2958867071535811
279,1154,5.885154978577637,7.107266124563248,0.20440155863003537
280,1155,5.888284294785488,7.919675931930419,0.2039785146988929
281,1159,4.533186738781362,8.409700183451026,0.3871705474296429
282,1161,5.418834260579461,8.630471498065559,0.26744221563369147
283,1169,4.82453981403409,10.59321530908418,0.3477833004661927
284,1170,5.124046659314737,8.667198592590996,0.3072937670295543
285,1171,4.215717362488499,10.671611923289907,0.4300883876361792
286,1172,4.3006360709824705,10.92671309526897,0.4186084534004826
287,1173,6.185842034652813,6.490159482958788,0.1637524756365827
288,1176,4.750594614883992,10.565845461836407,0.3577797551738014
289,1177,5.613818420635594,8.620274721031121,0.2410828258814807
290,1179,4.701537734603856,7.681996353173234,0.36441162428029383
291,1189,6.164120138641035,6.428048639510351,0.16668900095723754
292,1191,5.474384959014762,5.747122436421825,0.25993246453061675
293,1200,3.8040393234952106,10.79999733838892,0.4857420462673515
294,1210,3.5404957454096704,11.245137144596988,0.521369801308833
295,1212,0.6884235144123687,6.622208554116542,0.9069338569565949
296,1214,6.033196879912742,6.009637771513248,0.18438816792267254
297,1216,6.520576006800514,4.283680757852568,0.11850068065689426
298,1219,5.929160170797726,6.115250394255131,0.198452613790022
299,1225,4.600064723435472,8.043478389016675,0.3781294906441453
300,1228,4.969327538577679,7.974676033938021,0.32820983326002845
301,1229,6.2965017557881335,4.78220557756461,0.1487926823978031
302,1230,5.372497549017948,8.269748320002172,0.27370635236938357
303,1233,4.307314894282,6.798377075455811,0.4177055610507257
304,1241,5.787572199568393,7.191458598851494,0.2175935148600594
305,1242,5.6570107586642235,6.768964817223117,0.2352437686366352
306,1245,5.120534003782028,6.648917438542776,0.3077686335839722
307,1259,5.444623291175748,8.198992259217215,0.26395586521105435
308,1260,4.148518805497746,10.703235176519975,0.43917278174283625
309,1264,5.938305907120929,6.778629455369314,0.19721622603296077
310,1265,4.247419009919005,10.848533174659579,0.4258027262769831
311,1269,5.108309323200256,7.076138914460422,0.30942125562239037
312,1270,5.7432005099022145,7.056938793570946,0.22359200551457317
313,1271,4.014165935158804,10.778543679875433,0.4573355887758428
314,1272,4.200264723704905,10.219997650575213,0.432177388754422
315,1274,3.870576074212245,11.144604666760845,0.476747119989796
316,1278,5.141342301003466,8.097627602119132,0.3049556152527303
317,1280,4.386617983757349,8.274338744942254,0.4069847874071982
318,1284,5.170082796794268,7.870395165805728,0.30107026410418863
319,1286,3.655015560344996,11.13337372787235,0.5058881722608003
320,1287,5.576831983518121,7.380944526906651,0.24608292389582426
321,1288,6.354015411265882,4.9374595013000935,0.1410175643555175
322,1292,4.924691194380644,10.020871433222055,0.33424410185633263
323,1296,4.67851382466659,9.540754665109635,0.3675241653989236
324,1302,5.711135981534721,7.290103861820475,0.22792672378202766
325,1303,3.651322624066281,10.878420864101136,0.5063874104895503
326,1330,5.354725233164334,8.680165159912773,0.27610894445814566
327,1335,5.409352586458118,9.25634501008114,0.26872401792776485
328,1341,5.662926573638542,6.037200710027413,0.23444402535202621
329,1345,5.5018762444082965,7.448807479504834,0.2562159908115782
330,1347,5.432405895348996,6.638513146214452,0.2656075024428258
331,1348,4.938396024946372,8.958947909420386,0.3323913822802089
332,1359,5.311278544290516,6.612044630657454,0.28198238671693376
333,1367,2.0396785146641814,8.325578837621672,0.7242612891130986
334,1369,5.273533955126542,8.736271145737,0.2870849772890287
335,1374,4.4962966779952005,11.138007786066401,0.39215761658421033
336,1380,3.382802388745429,9.873264306199527,0.5426879465799692
337,1386,5.137061666043807,7.034934845001472,0.3055343029023122
338,1388,4.843474403882031,7.98808340066863,0.34522358364890626
339,1390,5.210032971310531,7.2189524750290825,0.2956695063173005
340,1394,5.0106954956323655,6.162799412813927,0.3226174092244387
341,1400,4.86333526869732,10.154584190317044,0.3425386461835684
342,1401,5.962926484247135,5.042388339773046,0.19388783572573173
343,1402,4.566624657711062,10.259424473145629,0.38265016414662634
344,1405,5.4790922404802584,6.785916306930163,0.25929609967520156
345,1413,6.144143060252574,6.6287816430322,0.16938964902629253
346,1421,4.8954684792176195,9.120176270707244,0.33819464295863677
347,1422,5.037033316907191,8.52820341354218,0.3190568692502822
348,1425,5.057360620187749,10.316534506994254,0.31630887521000034
349,1427,6.096647013476781,6.960712849585773,0.17581051320465416
350,1430,5.073482902730812,9.709164914960242,0.31412934673381276
351,1436,4.598243079169271,8.470784630962978,0.3783757538851637
352,1437,5.901659271443384,5.402929438970478,0.20217038719483973
353,1438,4.68462062710735,7.825749778874364,0.366698603026937
354,1450,5.591331996721921,8.350070578109165,0.24412270569481165
355,1451,4.784438703755759,7.262239271639151,0.3532044628571202
356,1456,5.864993856613282,6.38782661201318,0.20712708706038221
357,1466,5.890139372698863,7.546729647675103,0.20372773165207872
358,1470,5.970982754575525,6.729038237029373,0.19279872997747985
359,1476,1.343465241050225,8.600963932173855,0.8183805089746996
360,1484,5.507887155886538,7.214378962974184,0.2554033916836522
361,1485,4.869817878584529,7.996438128680405,0.34166227940290633
362,1486,4.2961426476823,8.900256191901072,0.4192159073395961
363,1496,3.83253442550426,10.960716489334072,0.48188986925118105
364,1500,4.887492858330986,9.783441211474248,0.3392728459234629
365,1510,3.742684490348813,10.578910480547325,0.4940364428974273
366,1513,5.224250835744131,8.672571297175086,0.2937474310577436
367,1514,4.283931401088866,10.89706729702398,0.4208667132728782
368,1516,3.666445812292584,11.827895926265334,0.5043429469154918
369,1518,5.862091741002168,6.6501004648988005,0.20751941634742435
370,1519,5.224169335683783,9.787607071478561,0.2937584488340334
371,1521,5.466175174520366,8.348241856743826,0.2610423234504754
372,1524,5.372179346091754,7.909190436441519,0.27374936937624916
373,1528,5.561789395921551,7.738370718125861,0.2481164912852245
374,1533,5.380356119774432,7.602856924005847,0.2726439731001862
375,1534,5.543703133078878,6.093527436124825,0.25056152503203594
376,1535,5.414393551872138,8.133256616147541,0.2680425432272696
377,1536,5.665766927367503,7.621533135291892,0.23406004548948614
378,1541,4.790884196652013,11.075367767087803,0.3523331138236984
379,1547,5.887180784596714,6.12713759007998,0.2041276953049127
380,1560,5.497641244875515,8.117084526343417,0.25678850912923473
381,1569,5.886241044328258,6.491197115164257,0.2042547362911905
382,1572,5.955223214132529,6.38075934144207,0.194929220314403
383,1578,4.778174990163306,8.384717133502953,0.35405123763016927
384,1579,5.844004289223382,6.828101971706712,0.2099646108233452
385,1583,5.172823550330802,9.09727049364809,0.30069974892663026
386,1584,3.683464278780367,11.196848090167217,0.5020422657165304
387,1585,5.050308857817392,7.596309269408833,0.31726218420036506
388,1589,5.085484566617916,9.959450567375676,0.31250687372890745
389,1590,4.830037670566721,8.488972733675347,0.34704005987114306
390,1598,2.3315871442455327,9.69366540992152,0.6847989382382716
391,1601,5.8639254880852665,6.908345930901756,0.2072715169587947
392,1602,6.055821972072179,6.710406548123418,0.18132954191818787
393,1610,5.641530899027851,6.7234799488774115,0.23733644966953138
394,1611,5.727542357679967,7.742953619645348,0.22570878944772366
395,1613,5.5739519518961025,7.328985091624588,0.24647226770714517
396,1620,3.8473423388476267,9.759908560263732,0.4798880268496117
397,1621,4.308328287080259,10.74979273848175,0.41756856317493063
398,1624,5.207548455853605,9.692119988464405,0.2960053813507168
399,1626,5.792819745330495,5.431593868548767,0.21688411311200978
400,1635,6.201567049455541,6.3080811617025425,0.16162665272909602
401,1637,4.894876503505688,8.255102382581814,0.33827467057990696
402,1639,6.487519633746944,4.524088220648618,0.12296948376819669
403,1640,5.337063650675727,7.087679595647256,0.27849656679795
404,1641,5.780288697678726,7.76625915009728,0.2185781520993891
405,1643,3.725911363858639,10.238203994472498,0.4963039572349527
406,1644,4.331453011560928,10.343183898698456,0.41444239320644205
407,1646,4.7079065447425945,8.997201118016246,0.36355064178481056
408,1650,5.967756472167265,5.75643550744007,0.19323488251123205
409,1657,4.776012668527057,10.397597395971982,0.35434355613831425
410,1658,5.672428292804249,4.822816580142693,0.23315951322174427
411,1660,5.125596422024562,6.395758413244769,0.3070842587326754
412,1670,4.335515498291307,10.925133845215985,0.413893196435492
413,1671,4.621213187866798,10.23243731185487,0.3752704860129712
414,1673,5.909973830788557,5.941840603576811,0.20104636404170664
415,1682,4.598676689222013,10.37516058015759,0.3783171352959542
416,1683,2.7902874917915463,10.65513205599949,0.6227884588385141
417,1689,1.2243311512384554,7.2433523220734415,0.8344859295648607
418,1698,5.335066637176309,7.751211932144248,0.2787665377389558
419,1700,4.681162677252749,7.762670753163537,0.3671660740663014
420,1706,5.6054814160794795,7.850805231660674,0.24220988334295507
421,1715,5.85637915796189,4.598654003455749,0.20829168524766317
422,1725,5.995050961232252,5.963025100981882,0.1895450131641819
423,1731,6.027437564917088,6.856414403494647,0.18516675439160665
424,1732,4.336416561029998,10.058442092808138,0.4137713841615436
425,1735,5.147161870684982,9.958336925844641,0.3041688831131499
426,1736,5.401836067835134,7.43008772390135,0.2697401560792226
427,1737,4.2617171973372185,10.631616150694507,0.423869792366873
428,1745,5.325410732837751,7.601735529110495,0.28007189375247427
429,1749,5.3912722307890535,6.579805877627441,0.271168253099495
430,1751,5.688441543990306,7.480642800991996,0.23099472440458185
431,1753,5.138746394207408,7.402850423116654,0.30530654898487547
432,1760,6.288973092626958,4.742814521027953,0.1498104623370628
433,1761,5.470553162836609,6.161154123770723,0.26045047485967066
434,1764,5.934639597808787,7.44903024749435,0.19771186463295315
435,1766,5.965078993620251,5.566163230452058,0.19359684371132957
436,1773,4.528575153665413,10.133689376946446,0.3877939753502074
437,1774,4.79696180117759,8.437806200067136,0.35151149864017095
438,1775,4.492302974715885,8.17115249929866,0.3926975147034414
439,1777,5.755594813051099,5.104519236986028,0.22191645265266666
440,1779,5.051047737113698,9.74918860598219,0.31716229707442845
441,1782,5.555378979623591,6.9237656632234685,0.24898309840666039
442,1784,5.470136688183365,8.912815965588155,0.26050677695981883
443,1788,5.045789032720071,8.314950811639875,0.31787320732818114
444,1791,5.51690852701386,8.285254501979946,0.25418381652649086
445,1792,5.148039530792808,7.231936353368681,0.3040502345785947
446,1794,5.428077757349654,7.951370137606389,0.26619261190193866
447,1797,6.2890297260208605,5.055596518449874,0.14980280621924055
448,1799,6.261752205774346,5.216813724505036,0.15349038159687475
449,1800,5.672043145973298,7.337193632484858,0.23321158019695887
450,1804,4.958695983146421,10.27156282619082,0.32964708494859685
451,1807,5.467498088201234,7.77628983600555,0.26086348227018424
452,1809,4.296579506582819,10.512045368653657,0.41915684954730076
453,1810,6.255524141366154,5.536878747544076,0.15433233705156482
454,1813,4.767443803140983,8.76935099595942,0.3555019582484176
455,1814,5.6954580362662295,7.401900682759091,0.23004618348443126
456,1819,4.989649154645489,7.014164921763237,0.3254626080589045
457,1820,5.509216971530238,9.23347563484733,0.2552236174453716
458,1823,4.908801534487086,10.11327351218862,0.33639218269553406
459,1828,5.537131197478418,7.166581279780531,0.2514499675181799
460,1833,6.144489712271405,5.78611656875276,0.1693427860622953
461,1835,5.029653459547267,9.015075694149438,0.3200545325292376
462,1840,5.622806111191565,7.354347794568168,0.23986780391113757
463,1841,4.917131841627219,10.537712383482175,0.3352660306399047
464,1844,6.158072914149032,5.789598408952745,0.16750650914486642
465,1846,4.987180283048799,7.22219283181261,0.3257963682404833
466,1848,5.055719694354044,8.280562959066252,0.31653070760701474
467,1851,6.195249519855814,5.069234995572286,0.16248070274496595
468,1852,5.155403466609843,8.796790986442353,0.30305472369065584
469,1861,4.684665715656855,9.21721267324142,0.3666925076259084
470,1862,5.11717269790039,7.641264827190398,0.30822303958179786
471,1873,4.67200511297716,11.367490144000268,0.36840406081277194
472,1878,5.36744811601074,9.383121126729318,0.2743889717812698
473,1880,4.669256480791873,7.7579299269334685,0.36877564108389027
474,1887,6.4509169416534275,3.8610571250923176,0.12791770431388302
475,1891,4.485691499847432,9.79246410019703,0.39359130239801277
476,1892,5.778031322380304,5.8031946801051255,0.21888332065918895
477,1895,5.97479404714706,6.151899197080445,0.19228349147644538
478,1910,5.414090892374176,8.222819471459772,0.2680834589594331
479,1913,6.081692482769895,5.7799339887063015,0.17783217641745436
480,1915,4.553821703263147,8.573027131074717,0.3843809614902424
481,1916,5.342590649955889,5.766523814808659,0.2777493864724096
482,1923,6.038990669377669,5.8534704864904885,0.1836049209419727
483,1925,4.722293190926775,8.79066526722789,0.36160574936951484
484,1926,4.96225373884572,8.896245898447171,0.32916612142266743
485,1936,4.664425743643269,8.209384416193553,0.3694286955845937
486,1938,4.860092073897404,10.815313212750903,0.3429770850585453
487,1940,5.585631715239238,8.372307432511828,0.24489331158021335
488,1943,5.639898988852604,7.178124475538599,0.23755706326366924
489,1954,5.675375906600603,7.725176902947594,0.23276103315610858
490,1972,5.345727349189618,9.237209259046448,0.27732534444964463
491,1973,6.122651569295783,5.454970942214916,0.17229502650066317
492,1976,5.187758652203241,8.705505104749005,0.29868071224625964
493,1984,4.67320011319444,10.563200180602836,0.36824251191325
494,1985,4.499523697928219,10.654624895036065,0.39172136434644855
495,1986,5.342187644149095,7.44367412078377,0.2778038677550462
496,1987,5.269527580425858,7.343140287731087,0.2876265884239964
497,1991,5.12676148573765,6.3086556196622,0.3069267568694953
498,1993,4.904993457253088,7.598222990103267,0.33690698652364287
499,1994,6.344102462154904,5.143675776985633,0.14235766956783258
500,1995,5.964427015342153,6.107399826660624,0.1936849829198551
501,1999,4.572932448309611,10.92668174291336,0.3817974307204104
502,2010,4.910276547174883,7.1632488433712975,0.3361927796552261
503,2012,4.457374500894538,10.322036359997714,0.39741940213594734
504,2013,4.28111905059374,9.223246887657098,0.4212469074527516
505,2016,4.328681429323071,10.60520084376047,0.4148170760340982
506,2020,5.717707874329259,6.972601223433159,0.22703828708270243
507,2025,5.675291237682571,7.721698349490736,0.23277247932183645
508,2026,4.968129796532379,10.04184548342055,0.32837175281998443
509,2029,6.3837989768621055,5.567923275644999,0.13699120337555187
510,2033,5.306764279051132,8.282096437697936,0.2825926582223501
511,2036,5.503877723958006,8.839341926358845,0.2559454161171175
512,2037,4.898473194777619,10.017269305129986,0.33778844345751957
513,2038,5.873179056346176,6.91316518197821,0.20602055168901184
514,2040,5.708243233223656,8.406985856687148,0.22831778672870218
515,2049,6.22349023124049,5.413265738893893,0.15866291612038033
516,2051,5.220690069682442,9.061888265729115,0.29422880154655395
517,2055,5.83195145514945,6.6532557977260165,0.2115940013896458
518,2057,6.0301998304566355,7.159942251016892,0.18479333106360366
519,2058,3.756549826309013,10.904667642116078,0.492162025024124
520,2061,3.764510231314797,9.840790299931884,0.491085879053741
521,2065,5.463945376841241,5.185170211411693,0.2613437638653056
522,2067,5.376227015877326,9.422833122226947,0.2732021756686402
523,2072,5.955677295365383,6.38661050665652,0.19486783428082707
524,2075,5.928465068591303,5.766960584258811,0.19854658280766646
525,2078,5.632316242828885,6.627311299765845,0.2385821545212036
526,2079,5.0010867729379775,9.596854293734278,0.32391638687703045
527,2082,4.955204861973611,9.705224717940856,0.33011904033020223
528,2086,4.380881582402208,10.955435619818385,0.4077602762420437
529,2089,5.831986058922717,5.64006107968304,0.21158932339761718
530,2095,5.647054450081576,7.968918572536699,0.23658973550054727
531,2102,5.4409662075336325,8.200136927513341,0.26445025661726507
532,2105,5.731933517429969,7.910451410021138,0.22511516024583775
533,2115,5.967908506233602,6.724268108843819,0.19321432943036107
534,2116,5.732701164947332,8.003798143036803,0.22501138402064766
535,2118,6.254313771966339,5.591987114443265,0.15449596366997675
536,2119,5.065812412419868,7.348009551805438,0.3151662999080527
537,2120,5.172589074838992,10.232291583798894,0.30073144704443733
538,2123,3.2115670811703145,10.259219736760386,0.5658367921601061
539,2127,5.381197198431345,7.18419518917949,0.27253026991463786
540,2128,4.628854537147605,10.738992604831282,0.3742374723370522
541,2129,4.186670505001361,11.43061424204742,0.43401515500723115
542,2133,5.649756331122382,7.74066418413834,0.2362244753922482
543,2135,4.866284224577105,8.988652641565816,0.34213998468524487
544,2144,5.786623734648936,5.138857921272183,0.21772173530869002
545,2145,4.938040218361735,8.64187301988057,0.33243948282559765
546,2146,5.681194981454192,7.175601423889162,0.23197436791099904
547,2149,5.284545905410181,8.436922955863489,0.2855963010325838
548,2151,5.361042419426282,6.099179094934721,0.2752549408571965
549,2152,4.229209483309972,10.5890149416412,0.4282644237243685
550,2154,5.588689838289897,8.249755428160599,0.2444798920625493
551,2156,5.7353608227054,5.284692434843702,0.22465183196558727
552,2158,0.0,6.117087636706158,1.0
553,2159,6.018007581057368,5.995464369614023,0.18644156881675716
554,2161,3.63454746579046,10.164776444882772,0.5086551994987708
555,2162,5.067982769766246,9.927929210861397,0.3148728950736381
556,2163,5.365878994727874,9.040097016644426,0.2746010971121257
557,2168,5.082276532403139,10.380604954402127,0.3129405593379405
558,2174,5.320363096995062,8.788101004658174,0.2807542702104715
559,2175,6.4425786882564156,5.065154235853855,0.12904493060283523
560,2184,3.5658256792584004,10.309854648281082,0.5179455149538584
561,2185,6.070051719883303,4.819867643649914,0.1794058601764449
562,2188,5.213317704742096,8.970125015585225,0.2952254519452437
563,2190,6.252592541873838,5.713973839278308,0.15472865218605103
564,2194,4.507245062038656,10.172335446663975,0.3906775336786284
565,2195,4.957898472013548,10.801508032756384,0.3297548983565017
566,2201,5.4598949917947115,6.620778032819276,0.2618913246418182
567,2203,5.3760123928219965,9.778086217175067,0.2732311899883861
568,2210,4.990284081544502,8.36767376787694,0.32537677398094444
569,2224,4.963915586223023,9.477803523315464,0.32894146069784547
570,2227,5.153644758495183,8.603084574425145,0.3032924787608182
571,2231,5.4790531684701005,8.470858172726953,0.25930138171628564
572,2241,3.973288297985844,8.967668304968726,0.4628617277713453
573,2249,5.653215305098026,7.619175664513448,0.23575686590468514
574,2255,4.5019567658121815,10.449170255938155,0.39139244437352105
575,2257,4.786070494414202,6.331831259472658,0.3529838654201411
576,2259,5.621126237712109,6.204300175488408,0.24009490153674284
577,2261,4.702178332481348,9.705628706303802,0.3643250235578434
578,2262,6.1178933697243565,6.239397048663653,0.17293827483932786
579,2264,5.948689285230606,5.249767266061325,0.19581252477610608
580,2265,5.267723743896735,8.260125906588138,0.287870444284425
581,2268,4.151032213460776,10.585833575388204,0.43883300080840165
582,2274,5.133423486203962,9.450304428131169,0.3060261387537962
583,2277,5.129162940812559,9.868097295840043,0.30660211054810316
584,2285,5.999171972273091,5.4324247901033225,0.1889879046474318
585,2291,4.817958342706676,10.445061416547658,0.3486730320618892
586,2295,5.446303188648957,7.526923736628532,0.2637287643417975
587,2296,2.1032029890642137,8.092236005588987,0.7156735844552807
588,2299,3.232507184532585,10.907982309812184,0.5630059553074164
589,2305,6.046398299721243,4.440515196794182,0.18260350310726053
590,2313,5.649085765473156,6.48254049160937,0.23631512737801613
591,2314,5.561385826596361,8.76181239917527,0.24817104874841361
592,2320,4.989724227548052,7.213030572521989,0.3254524591529733
593,2323,5.226490422264472,6.380054828572338,0.29344466731551716
594,2324,3.374574758574679,11.242448539555886,0.5438002180093273
595,2328,5.816697084382257,5.647386982103565,0.21365619918233522
596,2331,4.9973509130604405,9.13403270726577,0.324421427832887
597,2340,6.355759987392676,5.4336089183357,0.14078171975119005
598,2346,5.6970199295633925,6.400192108638345,0.22983503528572918
599,2349,4.87525410208281,8.113729355232461,0.34092737081376734
600,2351,4.928830442457578,9.912143664935822,0.33368452792320097
601,2353,4.84331794942808,9.496882760639323,0.34524473431021635
602,2354,6.137751476313243,6.616221353323768,0.1702537102512777
603,2355,6.497715799709158,4.630187595531788,0.12159109122339275
604,2358,5.89255229805978,6.691886240313323,0.2034015346932433
605,2359,5.838693809280848,6.709242694876119,0.2106825204757819
606,2365,5.7153757999553125,7.600775316792641,0.2273535540117509
607,2369,4.991903149413934,10.056262668010273,0.32515789650395677
608,2372,5.923869023471764,6.65301122142638,0.19916790991746763
609,2373,3.8507191519752206,10.358773321690125,0.4794315244684695
610,2377,5.098258319400529,8.84909240584015,0.3107800240807189
611,2380,5.521978013337139,6.974259918900435,0.253498486160166
612,2383,5.34209303903018,8.885663779347238,0.2778166571693315
613,2387,4.527725189206292,8.43066971438019,0.38790887978371136
614,2388,5.558145920921017,8.407648089178466,0.2486090429753918
615,2389,5.045726579981471,7.652617743261251,0.31788165014772807
616,2390,4.942373131408561,6.87934214420757,0.33185372784052164
617,2392,4.868468834741341,9.42660807822202,0.3418446530503102
618,2398,5.96876430967979,5.298488344497885,0.1930986356397328
619,2399,3.7943976801249573,10.862346685276268,0.48704547437851275
620,2409,5.0215006527813415,8.70948318896761,0.3211566887815999
621,2410,3.4598074367813076,13.242714608486786,0.5322778390436387
622,2422,5.35539935551804,9.190678724609707,0.2760178116509633
623,2425,3.9618298585345757,9.470912074211391,0.4644107637102705
624,2426,5.187733134796117,6.440027743600803,0.2986841618766279
625,2427,5.766840011523375,7.144357688282659,0.22039624419426487
626,2436,5.094662783683426,8.287272415276659,0.31126609498672386
627,2439,6.5566914293222816,4.128079930212231,0.11361833278800595
628,2445,5.658845861222941,6.209834571777096,0.2349956860048635
629,2447,6.01194882794508,6.660775740696836,0.18726063552788513
630,2453,4.088700788197569,10.28051566064504,0.44725942032807275
631,2460,5.491877486615554,6.354444239337602,0.25756769627124726
632,2461,5.031991808610403,8.618127682424966,0.31973841734165426
633,2462,6.185712931827939,5.403332249075019,0.16376992870393953
634,2463,3.498560432519965,9.846456920199396,0.5270389246700456
635,2467,5.453409534852002,9.061324707516922,0.2627680763083373
636,2468,5.968639149441668,5.767295379267349,0.19311555571927766
637,2472,5.085499277127064,9.257925048377128,0.3125048850543199
638,2474,5.3774674240800495,6.410230493292259,0.2730344881843953
639,2481,3.1804329439503327,9.854510352974497,0.5700457333240655
640,2485,5.357350894949446,5.16076943128405,0.2757539882282071
641,2494,5.708844053185071,7.7003097323820215,0.22823656347687865
642,2497,4.4602239076667445,10.773697947289282,0.39703419841658083
643,2501,5.146756401650049,8.736117549344952,0.3042236973930441
644,2513,5.642086319205513,6.827008089350716,0.23726136389366623
645,2514,5.220227972240448,9.982321215739983,0.29429127127011273
646,2516,6.017774534753917,6.676925893774191,0.186473073726393
647,2517,4.258570468496683,10.704791836324288,0.42429519026549367
648,2524,5.605239909768058,7.975930557606768,0.24224253193855658
649,2529,5.609890633843001,4.737095755498782,0.24161381292627312
650,2531,5.076503838217117,9.20274126931772,0.313720954504019
651,2532,5.785904125527967,6.930997524352444,0.21781901735090003
652,2537,1.2621503150650428,7.398994760325806,0.8293732574425676
653,2549,5.159215488839233,7.140385655261152,0.3025393865491175
654,2550,5.288945221703328,9.10603026095769,0.28500156916933445
655,2553,4.477787481080034,10.172914187024372,0.39465982566287006
656,2555,5.7323773358661425,6.356204937468625,0.2250551616124362
657,2565,4.471811762797937,8.33178522837616,0.3954676671162572
658,2566,5.123407779977106,10.105822620173129,0.30738013542717385
659,2568,5.360221526828061,8.14311712118069,0.2753659151431845
660,2576,5.7988193911444625,7.442619081723105,0.2160730369592594
661,2577,6.28882541979616,5.439460343217791,0.14983042583410638
662,2578,5.172434407745344,9.080332168638709,0.3007523560772641
663,2586,4.825715785651494,10.588349184960212,0.34762432399245363
664,2591,4.86450160692993,9.023882244002275,0.34238097202148554
665,2593,4.960160914445948,9.678980387466295,0.3294490447843428
666,2594,4.035752508693207,11.315886119412864,0.45441735734081606
667,2599,5.1715533359692145,6.87547421137106,0.300871465826179
668,2600,4.9253839547968,10.06809449981252,0.3341504494190829
669,2606,4.8991837414383355,9.245133356312257,0.33769238654519623
670,2609,5.604606920108099,5.6918778239970464,0.242328104126324
671,2614,4.991685486037213,10.510834474225163,0.3251873218366614
672,2618,5.409219026782801,8.470484625587904,0.26874207350487345
673,2619,5.728957760124047,7.400013624852582,0.22551744495764312
674,2621,4.803489521296071,10.265598844230965,0.3506290335273799
675,2622,6.0949870333564125,5.976535431976466,0.17603492149997993
676,2632,5.077664670054718,8.015994908972278,0.3135640247368251
677,2633,5.745104235786664,6.798233196010248,0.22333464587799992
678,2635,5.312416117740463,9.302084064941722,0.2818286011892771
679,2640,5.010601116321005,9.924669181751945,0.3226301681124017
680,2643,5.420878704685258,8.391232162111123,0.26716583267522037
681,2646,5.022529999119463,9.83787346253088,0.32101753418920254
682,2648,4.900344887529794,6.388585905344035,0.33753541429485956
683,2649,5.429038161714088,8.874238840027994,0.266062777391512
684,2650,5.2720974420497235,9.370160783015528,0.28727917566937455
685,2654,5.91454587459045,6.7220886387012175,0.2004282816061714
686,2655,4.973696461908384,9.88493525184606,0.327619210140497
687,2663,5.798035732811478,6.548430087069388,0.2161789776440092
688,2664,5.842629251193975,5.594768075384694,0.2101504985556145
689,2666,5.517676696548435,7.11182821685086,0.25407996973118296
690,2667,4.349263497873182,11.019702542237269,0.4120346409549465
691,2671,5.574049065249122,7.286031853300967,0.24645913921136556
692,2672,6.103201224920547,5.623637314727746,0.17492446680009036
693,2675,5.105483214975033,7.547706624449648,0.3098033096731868
694,2677,5.293094185759157,8.322545332328671,0.28444068175886966
695,2680,5.517149176227157,8.054498707528298,0.25415128379970403
696,2681,5.3624265042170745,7.822279658049759,0.27506783011732866
697,2696,5.091452949259207,7.504937486859201,0.31170002396128116
698,2698,5.463260889027667,6.96089025977531,0.2614362979514255
699,2699,5.0398530158892605,8.021609279610326,0.31867568164801297
700,2701,3.1043499581007366,10.116158713079457,0.5803311897270066
701,2713,5.276689966716293,9.460610243701051,0.28665832448024264
702,2714,5.599417196076413,4.6732950301543585,0.2430296891085002
703,2716,5.335097656907357,8.356660046402922,0.2787623442640578
704,2718,5.130495613005191,8.725033615089163,0.30642195014057366
705,2724,5.104815012731493,7.102331965983503,0.30989364215642906
706,2729,5.031469438158787,9.467341172256113,0.3198090352129994
707,2732,5.741275336330091,5.5027081198207055,0.22385226460697155
708,2736,6.438516544630656,4.786784045772539,0.12959408099038477
709,2737,5.135661846025334,7.982516180024918,0.3057235408457392
710,2741,5.584412469923387,7.424854701462274,0.2450581381100957
711,2742,5.760552127825604,7.719318071386449,0.22124628645953612
712,2745,5.768273424063279,6.1282958943371,0.220202464967254
713,2746,4.629934543761247,9.023132421244423,0.3740914691168123
714,2747,4.609398279101414,9.111782326517147,0.37686771208991976
715,2751,6.224942902944807,4.950539918493584,0.15846653329818036
716,2752,4.960234819531164,7.595737087865874,0.3294390537525313
717,2754,6.2957058509159625,5.518863264996394,0.14890027865959793
718,2755,4.396717830788285,10.84519805705542,0.4056194159624125
719,2757,6.494675858351258,4.575258427854267,0.1220020528063936
720,2766,5.941692637860644,6.586277292309445,0.19675838291622638
721,2767,5.393316737818823,8.201996893401176,0.27089186163449946
722,2782,5.104690898554028,8.595677664055197,0.30991042082181713
723,2785,5.268042369097591,7.5329149862850935,0.28782737019137133
724,2786,3.9403734181384436,10.098574366186373,0.4673114027926139
725,2787,5.3072098913042405,5.88988399745409,0.2825324170876104
726,2793,5.22889458543596,7.605177711583561,0.2931196548937548
727,2797,5.361470115890722,5.271113387975069,0.2751971217102536
728,2798,6.123864029644711,5.964023628256355,0.17213111721240465
729,2800,5.5724362345316525,7.169995638229285,0.24667717350437623
730,2802,5.2918144759733,8.71528355287915,0.28461368231955836
731,2812,5.328955643828449,5.337969294144065,0.2795926666685214
732,2813,5.83209795507751,9.008003730166983,0.2115741964542024
733,2818,5.5698656347445965,8.887057862837965,0.24702468604931554
734,2820,6.697442653414159,1.502500523538459,0.09459054933692737
735,2822,5.707150419915159,7.519016255340127,0.22846552125194128
736,2825,4.252745071388409,11.070186098817826,0.4250827101993908
737,2826,5.672283719030444,7.17929519341919,0.23317905776551942
738,2828,5.510183396376209,8.602595513837493,0.25509296904206624
739,2830,5.358232582979655,6.252591971355844,0.2756347951695431
740,2836,4.863903595360888,10.661132427678186,0.3424618156142172
741,2839,5.183211083468656,6.840738066278886,0.29929548596257277
742,2840,4.054186581903175,10.846700398778514,0.4519253040359607
743,2849,4.413580879862146,8.998902594844793,0.40333974523007915
744,2859,5.452408464751317,8.73403999041141,0.2629034083114378
745,2871,5.13696177459815,7.519611465048941,0.30554780696104294
746,2874,4.137700018559995,10.963980458152129,0.44063534476055116
747,2876,5.683179310181836,8.430529473886638,0.23170611179053568
748,2883,4.6191856604560355,8.003134745190449,0.37554458204845526
749,2886,4.104610454144224,10.191149970004162,0.4451086349237885
750,2887,4.498215482062486,10.83451754247764,0.39189821856822205
751,2891,5.2456140128939985,5.673447866022146,0.2908593999854926
752,2895,5.536338989763297,7.965006635213927,0.25155706397115113
753,2898,4.133176490238943,10.80772600035759,0.4412468685173293
754,2903,6.323242429965484,5.3206022808814595,0.14517768181173119
755,2916,5.664494551122619,5.6237726601282985,0.234232054648285
756,2918,5.65255571048502,7.525788103575458,0.23584603474526014
757,2924,5.21777125143085,9.156743819613771,0.2946233888191172
758,2938,5.156585594961403,9.408843515598644,0.3028949149044092
759,2942,5.216241448272283,8.305821084926375,0.29483019883737316
760,2943,5.11211451862127,7.974432232261659,0.30890684137891045
761,2952,4.61512905583242,9.162463531285194,0.37609298363304405
762,2958,5.38583906841825,9.260862512089876,0.2719027478629558
763,2962,5.14926067236639,9.571753334383338,0.3038851516986755
764,2963,4.214194325744883,9.277557803841917,0.4302942829208032
765,2964,3.8695713710266553,11.305563768148584,0.47688294313997714
766,2967,5.644910388380621,6.693801052102259,0.23687958549662894
767,2972,4.996995721073527,8.507869671677259,0.32446944529244487
768,2976,4.511015078246213,9.233362876108599,0.39016787521940527
769,2978,4.74205296464287,10.234810099282278,0.35893447814087726
770,2980,4.083382574890195,8.095026702079029,0.44797837543352387
771,2981,5.200056621551756,9.950748080692552,0.29701818249448436
772,2991,5.8739269442374535,6.190450887543676,0.2059194467150926
773,3011,5.356661915367099,9.135152837475651,0.27584712954459495
774,3013,5.754821700532059,6.985203511429702,0.2220209676768913
775,3019,6.161510410947248,5.206136484139147,0.16704180309976993
776,3020,5.402707538490589,6.726437404559942,0.2696223442802634
777,3024,5.124583339378893,8.053951961407492,0.30722121467976715
778,3026,5.666963435531542,8.416339464270761,0.23389829273465454
779,3029,5.596866400736232,7.600009391230074,0.24337452434296533
780,3031,5.011953328128299,10.02711581578802,0.32244736619636016
781,3041,5.68603786943509,6.708210648560836,0.23131967077161072
782,3046,3.807058130223024,11.210457926433314,0.4853339418187536
783,3054,5.0921629232294325,7.770512298857686,0.31160404446946127
784,3055,6.127291241543371,4.915863006619925,0.17166780155551137
785,3057,5.590273687230491,7.503098301490697,0.24426577573883493
786,3060,5.405735154457889,8.778350062140913,0.2692130489340204
787,3063,5.870818046998192,7.347965555751063,0.20633973026020558
788,3064,2.7178808920929356,10.030117114647204,0.6325769143804336
789,3072,4.784970934073916,10.15572047052712,0.3531325120566541
790,3081,5.838798234169696,6.545837860168583,0.21066840355292937
791,3092,4.764995574759631,7.556377845520874,0.3558329277286457
792,3093,5.081455993681386,9.742410106804543,0.31305148578431047
793,3095,5.245990063549859,9.837109279619735,0.29080856269798405
794,3096,4.694760728462607,10.612382847624822,0.36532778970716173
795,3097,5.6639980821327764,5.305428234985126,0.23429917096993585
796,3101,5.603617388984523,6.681123247655602,0.2424618762058138
797,3103,4.441860013876953,10.353545900901732,0.3995167643523674
798,3107,5.615117729560678,7.842465975569045,0.24090717576531248
799,3117,5.756514282573145,5.846132115989171,0.22179215201465635
800,3118,5.634206034907655,6.991722101661956,0.23832667855874287
801,3125,6.034705914855046,5.452123711729223,0.18418416550430974
802,3140,5.256982323805493,9.047538098651351,0.28932254828403065
803,3143,4.192334163240892,9.895171402980091,0.4332495001206182
804,3144,5.6831694877452685,8.319858156074975,0.23170743965959806
805,3145,1.8829088663063331,9.352019883859963,0.7454545607162478
806,3150,5.0018449026044385,7.253552112539253,0.3238138973447771
807,3154,5.011390417481524,7.924885178372506,0.32252346458881287
808,3160,5.487130873238565,7.903327546532678,0.25820937830311635
809,3162,4.930141717060645,9.705645503377792,0.33350726019886645
810,3163,2.8987752750137505,9.38693796541326,0.6081222841067605
811,3164,2.9566874203074884,9.7018512230672,0.6002932952866183
812,3165,5.473505475257595,8.638741135734314,0.2600513595994738
813,3168,5.26877729870887,9.543936858628694,0.28772801701284356
814,3170,4.999725514379454,10.343131868988195,0.32410041179929755
815,3171,6.040095251397172,6.670020872651167,0.1834555954380087
816,3173,3.821713932914785,10.535321940685112,0.4833526628514139
817,3177,4.993825195629281,9.517867551941796,0.3248980601905993
818,3178,5.4092273612128245,7.749825146002705,0.2687409467954562
819,3191,5.03610473358295,8.414472544435926,0.3191824019589598
820,3192,4.795868990521018,7.905211899945855,0.3516592328049034
821,3198,4.986638944761319,10.553602032720828,0.3258695503230861
822,3200,5.503791806328234,8.023407379775715,0.25595703109286266
823,3201,5.298468135607679,6.30759714839799,0.28371419177873375
824,3203,5.5269457703470835,6.637435789646945,0.25282690830901283
825,3205,4.928148359942417,10.412682480402122,0.3337767368434287
826,3209,5.0760930154518675,10.128732292844322,0.3137764925404685
827,3212,4.56344570111775,9.76349478794506,0.3830799188293879
828,3213,4.628952319762261,8.846356782613128,0.3742242533655728
829,3218,6.1988691627518175,5.678599317626698,0.1619913728535937
830,3222,5.865248318228787,7.536468602208091,0.20709268707169523
831,3225,3.7856802808087058,11.643839770744766,0.4882239563953934
832,3227,5.433104962031468,8.105189870346244,0.26551299747821355
833,3228,5.572611027888283,7.454572372779548,0.24665354365561215
834,3231,5.157120950368895,8.946736131319028,0.30282254163143163
835,3232,5.348668262766905,8.734396350331899,0.27692777016879555
836,3234,5.3773744773692,7.0090710483409655,0.2730470534029072
837,3238,4.792777831727074,9.891667465489652,0.3520771183367952
838,3242,4.966190178885499,10.15506217186187,0.32863396456841387
839,3244,6.205258904912325,4.390236580873328,0.16112756061378677
840,3248,4.6478353526329,9.524329811522213,0.37167150639885665
841,3251,5.448580300310371,7.745996733612449,0.26342092767560255
842,3256,5.602770187297812,8.593744609390855,0.2425764071474672
843,3257,5.866092969120087,7.257233668687208,0.20697850096528567
844,3262,5.775333276299621,6.58439766708229,0.21924806232943372
845,3265,5.616756879136728,6.065351719342467,0.24068558349584385
846,3268,5.481633099984633,5.097089864145352,0.2589526076399401
847,3269,5.768760655026044,7.415815988833467,0.22013659750990175
848,3272,6.58419932191407,3.9996445695834577,0.1098996139860265
849,3273,4.050462129278548,11.180542048558898,0.4524288028756506
850,3274,5.380812948573446,7.5215734311335645,0.2725822156304523
851,3276,5.419687836870951,7.769087643565404,0.26732682292618043
852,3277,5.557414043429343,6.499624387546175,0.24870798354599175
853,3285,5.839955498049714,7.69371518594249,0.2105119561284269
854,3289,5.407299984371985,7.89326319290099,0.26900150374188947
855,3295,5.287331511922356,10.031676028011134,0.2852197223006008
856,3296,4.2524530661290445,11.19824091708287,0.4251221856133889
857,3297,5.422327765841567,6.867318847625915,0.2669699379533981
858,3298,5.5622107115059904,7.880267684458355,0.2480595347524696
859,3307,5.1782029157275336,9.190488494382546,0.2999725268329424
860,3313,5.417500226345586,5.8175857764940435,0.26762256017195224
861,3316,5.171517851381024,9.633966343835976,0.30087626289323327
862,3319,5.773369292990252,6.321397857723422,0.21951356800693894
863,3321,4.844400962966644,11.512521157846127,0.3450983245917977
864,3323,4.921567303431791,9.950498405683204,0.3346664123611475
865,3329,5.56493719832835,6.894233055401777,0.2476909482540374
866,3330,5.572120388517309,9.491696201182682,0.24671987188660055
867,3331,5.852773289720268,7.208030463205623,0.20877915298016345
868,3334,4.729936373038158,9.39463519176722,0.3605724879181074
869,3342,5.024916451467109,10.5968364865841,0.3206949160465874
870,3345,5.285362883205306,6.864860950442377,0.28548585597840914
871,3346,5.646783563911251,7.143946674318952,0.23662635588109523
872,3358,5.760896670488677,6.904946488221325,0.22119970865373084
873,3359,5.187046158199708,7.172961096247941,0.2987770324146766
874,3366,5.635416085749798,7.197066729430587,0.23816309500529503
875,3367,6.256613811318761,5.111992148784555,0.15418502747024404
876,3370,5.1618301649197464,10.38260119511502,0.30218591544735107
877,3372,5.862781308439707,5.700764653869576,0.20742619556045738
878,3374,5.834608117705704,6.218373570243783,0.21123485424794847
879,3383,4.814841784762962,10.454880908800288,0.34909435123725235
880,3388,5.847930708973122,5.457467151639056,0.20943380858543842
881,3393,3.7195569865483447,10.651641197831069,0.4971629885947638
882,3398,3.919397127747173,10.64173804222613,0.4701471316734619
883,3401,5.253856914273242,8.58617288404118,0.2897450640820943
884,3404,3.399620705583474,10.267281787680698,0.540414323079565
885,3406,5.206978680639517,7.437725471881331,0.29608240774575817
886,3408,3.682868554628995,9.860640321262743,0.5021228000793541
887,3413,5.443773342652239,6.780718883148648,0.26407076749026537
888,3415,5.778768963405643,6.28167025123074,0.21878360093180946
889,3418,4.988505679518015,10.833464679070186,0.32561719141864187
890,3420,4.777309337048624,11.064646329122423,0.3541682629712715
891,3421,6.078031038149897,4.464386311897759,0.17832715737266053
892,3426,5.838188881932367,6.250991730073144,0.21075078026042968
893,3432,4.55273453968166,8.302300006926677,0.38452793224192083
894,3435,5.101271592134758,7.458867124211025,0.31037266775798794
895,3436,4.733698190831855,10.299081727244486,0.3600639377806383
896,3440,5.293527322977608,8.190141065997786,0.28438212709086974
897,3443,2.976769243029369,9.864708799102264,0.5975784871098492
898,3444,2.2975508049251427,8.154527902946162,0.6894002203815307
899,3447,5.062499273044218,8.960280484971072,0.31561419440410315
900,3449,4.9884514181725095,10.113705455169304,0.3256245268655533
901,3451,5.996223363348012,6.5248539901247256,0.18938651924187186
902,3453,6.023404348258642,6.740493527471393,0.1857119942194188
903,3459,4.505536580032553,10.517059944951725,0.39090849881482487
904,3461,5.43956715519262,8.885900057376082,0.26463939078041904
905,3465,4.611719002594921,10.868780855894908,0.37655397965619364
906,3473,4.7221709089149355,8.781482655242225,0.3616222803493075
907,3479,5.747151731456272,6.888360909855169,0.2230578503867374
908,3481,5.154771572291226,7.721667227128985,0.30314014780214177
909,3488,5.3434977966961466,6.475661053150153,0.2776267517184787
910,3491,5.268473955017157,5.295192047610537,0.28776902523933967
911,3492,4.823351861137612,10.458120474422358,0.34794389665716796
912,3497,5.631438925105996,6.84346796552364,0.2387007567696503
913,3500,5.984954002456418,6.506307250559487,0.19090999415344578
914,3503,5.253287669963038,7.746151093049443,0.2898220187056523
915,3505,5.348794429533935,6.822092576290821,0.2769107140192859
916,3510,5.5865373149852005,6.984215408493302,0.24477088596032473
917,3511,5.234350083334654,9.835584914560666,0.2923821406497124
918,3515,4.912577512964866,11.147573401455222,0.33588171821286483
919,3517,5.524058581987536,5.902759039162644,0.25321721962063665
920,3521,3.9597299131908428,10.882243777163858,0.46469464973341135
921,3524,5.99711570301813,5.50170133831949,0.18926588621635207
922,3526,4.502589804838251,10.331192227532853,0.39130686551208066
923,3530,5.36506995769616,8.87150446257248,0.27471046867562493
924,3532,4.782954433333709,9.916611781288784,0.3534051174258874
925,3533,6.158981892732074,5.268784841561542,0.167383626748984
926,3534,5.351952506749445,7.575095129982848,0.2764837819640501
927,3535,5.490150102638136,5.8845241287365155,0.25780121671464823
928,3537,5.66843026030178,7.557018921884064,0.2336999965971336
929,3539,5.4128602348039365,7.22403967738211,0.26824982828161864
930,3541,5.804970484347763,6.34439691638975,0.21524148703694115
931,3542,5.859944270564997,7.0043815814082535,0.20780972716148455
932,3544,5.783644633053854,5.610137952002548,0.2181244721260479
933,3545,3.5173727020807606,10.621714430343832,0.5244957440068887
934,3547,6.048895136175636,6.644728481691967,0.18226596243098245
935,3549,3.409243878250231,10.673596927411744,0.5391133919736596
936,3552,6.1810114232817,5.7441350413072385,0.1644055131337618
937,3554,5.798369124850794,6.540078181871042,0.2161339072613582
938,3555,3.815515439138415,10.408226553211641,0.4841906207310742
939,3559,5.223551723618842,9.046357921846115,0.29384194216564946
940,3560,5.469677004921703,7.625720283338982,0.2605689203167624
941,3562,6.255036207824229,5.790493047741046,0.1543982994887241
942,3568,5.857466228005037,5.5474953535942255,0.20814472714118415
943,3569,5.223272773782584,9.61828575843585,0.2938796526517377
944,3573,4.8548936900995585,9.972951858786109,0.34367984073146524
945,3574,4.532716701029111,7.485188143684064,0.3872340905826163
946,3578,6.177120160148983,4.083532107279263,0.16493156264216374
947,3579,5.5064598103560884,6.95112852761791,0.25559635072779896
948,3580,4.932488460026722,9.396744598283579,0.3331900102618805
949,3581,5.102521678631646,9.31131133639531,0.3102036718909084
950,3583,5.223250821108234,8.691915537538868,0.2938826203753679
951,3590,5.02886709488438,7.044109300087734,0.3201608390755254
952,3597,5.65205523524766,6.7372771362003165,0.2359136926608523
953,3602,5.411988298189705,7.9055316726907146,0.2683677030723049
954,3607,3.247671245293769,8.482095126022429,0.5609559662841276
955,3610,4.87974799862307,8.062917333334106,0.3403198528985853
956,3613,5.494642771015727,8.37902402185047,0.25719386483150936
957,3614,5.562259042154807,7.784624297974485,0.24805300106066222
958,3615,6.0970984769593315,5.376496973390918,0.17574948105777616
959,3616,5.255130049505974,8.94148622313767,0.28957295231774793
960,3618,5.016186206786986,7.288646547092149,0.32187513459402883
961,3623,5.158815804006579,9.5955873941461,0.3025934188780971
962,3624,4.013278570800741,10.266362260829194,0.45745554920216497
963,3626,6.015968379283394,6.32927749965779,0.18671724307833878
964,3627,6.146242229753479,6.013593655518417,0.16910586788727908
965,3632,5.813215470518804,7.338583256728901,0.21412686929608724
966,3636,3.3255298301346365,10.486567605561568,0.5504304713783611
967,3638,5.336687962261239,8.829238272801266,0.2785473551150114
968,3641,5.066696025790561,9.963830403968792,0.3150468465677319
969,3643,5.369229067712754,7.059526934451576,0.2741482096597224
970,3645,5.541236432241664,8.240610490447681,0.2508949917544175
971,3647,4.47543925609121,10.504061570082069,0.3949772759505676
972,3649,4.113335247716515,11.482347285326508,0.4439291532971097
973,3653,5.653537149522027,8.129983463101834,0.23571335661342083
974,3655,4.454428824534326,10.671842468235416,0.39781762028474643
975,3656,5.4941607968974875,9.390288560272884,0.2572590216300385
976,3658,5.863519305818002,7.816096824827408,0.20732642765866988
977,3661,5.557822931853295,7.711391440713877,0.24865270700799502
978,3664,5.0222400827678095,8.118283014214366,0.3210567272093257
979,3666,4.867585982246781,9.931884046999812,0.3419640035298113
980,3675,5.996773372017648,6.104294489343179,0.18931216503337686
981,3682,5.339945636474738,6.117383994279321,0.27810695880664144
982,3688,5.342212461055161,5.77890611884823,0.277800512823552
983,3689,4.439655078873165,9.710874586804575,0.3998148436482774
984,3691,3.555794842772875,10.983435281398487,0.5193015570466446
985,3695,5.128454473238506,8.376184387744537,0.30669788639423295
986,3700,5.08042426022163,8.036858034093392,0.3131909630853296
987,3701,6.258241723451203,5.376038956538532,0.1539649543608744
988,3703,5.439562899713414,7.669042425621637,0.26463996606732926
989,3708,5.280685207411667,8.152080334515315,0.2861182185218257
990,3724,5.602664502656831,7.251456872001498,0.24259069437285852
991,3726,5.1248113081095035,7.9820258699906335,0.30719039619369254
992,3727,5.473389340882896,8.339911093317728,0.26006705949656
993,3732,5.831608496634287,7.508636918879093,0.21164036503871053
994,3733,5.034168730701446,10.586237971023706,0.31944412503687686
995,3734,4.507883549744713,10.362454676083795,0.39059121822463916
996,3738,4.778315207114398,8.7334579367121,0.3540322820736634
997,3752,4.270511184117786,10.119052281663649,0.42268095669448796
998,3755,5.299754016931345,8.005328255950042,0.2835403569042708
999,3759,6.396440197234687,4.791852518235066,0.13528227043121147
1000,3760,3.9872019466145083,9.850628610482149,0.46098077863695053
1001,3762,5.773170044405636,6.103343694331968,0.21954050389289997
1002,3764,4.884877627978316,7.754497136983149,0.33962639195580724
1003,3767,5.552426361885031,7.602033839714875,0.24938225494192764
1004,3768,5.5987007507964055,7.095927779178597,0.24312654343946946
1005,3773,4.717960483584157,10.47097627885151,0.36219147654598627
1006,3774,5.125282146734209,6.904524158335486,0.3071267447729031
1007,3775,5.6280888381229754,6.798937563188538,0.23915364611442497
1008,3777,5.803783291863725,3.84626051997665,0.21540198042978204
1009,3783,5.624570513328362,7.092902623963748,0.23962927908127404
1010,3790,5.020236324302951,9.212537351686539,0.3213276099842613
1011,3804,4.615840944523536,9.018492177742058,0.37599674529520205
1012,3814,5.2033144846510675,9.350093297632235,0.296577760651144
1013,3816,6.487476645340696,4.593102244176754,0.12297529525644678
1014,3819,5.934398284767291,6.162321714102653,0.1977444871009077
1015,3821,5.4362448716193725,8.76681643590816,0.26508852145621026
1016,3823,4.0397556270526955,10.803417044638099,0.45387618642194955
1017,3825,5.640955014764393,7.908389827571671,0.2374143019307011
1018,3831,4.522235709424937,9.943573824914608,0.38865098794804614
1019,3834,4.755308571143541,10.659992433050808,0.35714248797073966
1020,3835,4.998008386098143,9.929235681513381,0.3243325458024319
1021,3837,4.615709521689736,9.80025221275753,0.37601451199839214
1022,3839,5.113467006356779,9.537071502752866,0.3087240021608678
1023,3851,5.3016251017935385,8.909581857794262,0.28328740992063983
1024,3852,5.819136651039561,6.35494461045546,0.21332640065753267
1025,3853,5.758196242956677,7.998075089202761,0.22156477226604218
1026,3858,4.909329216223536,7.247561152088669,0.33632084680572544
1027,3863,3.1142949269593627,10.253063701484521,0.5789867558502103
1028,3865,5.425424345300378,8.102359513160955,0.26655131961624706
1029,3866,5.29748057600563,9.466754297441266,0.2838476973334744
1030,3868,6.218396356524664,4.767671942701868,0.15935154348859693
1031,3869,5.493044737988541,7.670973680051017,0.2574098986641467
1032,3870,6.03896446616041,5.381994482166309,0.18360846328518815
1033,3878,4.682008150080448,9.810801666690232,0.36705177684449725
1034,3879,5.558308010562058,6.6320925066195135,0.24858713050813414
1035,3881,5.486780994915469,7.96964892441659,0.2582566774226022
1036,3884,5.877768869740878,6.366181012401082,0.20540006702950905
1037,3888,4.8719456549826194,8.534817893986888,0.34137463097358434
1038,3889,5.509577610850068,5.82418761379714,0.25517486357537195
1039,3890,5.108244419655413,10.398291996813782,0.30943002975991174
1040,3895,5.38472402684054,9.282198582337655,0.2720534873667613
1041,3896,5.77634436164386,6.756390223453375,0.21911137639220754
1042,3907,5.1836804006155335,7.410977009435304,0.2992320402263223
1043,3910,5.3302339011507645,7.9657333113294495,0.27941986246251393
1044,3912,5.877117121201923,6.6507303676826695,0.20548817518021112
1045,3914,4.609266503876325,9.911291957713237,0.3768855264319504
1046,3921,0.0,5.546118455725058,1.0
1047,3923,6.372401849968531,4.404583342432677,0.1385319506329529
1048,3929,4.331000705068715,9.99837618013463,0.4145035393175532
1049,3938,5.6132151161470825,7.123109944669968,0.24116438500991122
1050,3939,4.175732273609622,10.460578109128319,0.43549386540284335
1051,3945,4.8883366230773255,10.11893161681265,0.33915877961263263
1052,3955,5.236793892816775,9.562311246539995,0.29205176854871284
1053,3956,5.730192334338976,7.451185186762436,0.22535054615468406
1054,3959,5.540966647049186,6.518654104217282,0.2509314632967
1055,3963,4.387104450026363,11.079527675882302,0.4069190233267592
1056,3964,4.604879772491863,10.695812805998973,0.37747855697488275
1057,3967,5.531462721905594,9.069337898480518,0.25221627364726207
1058,3970,2.5422497441142324,10.738540865712379,0.6563200219275598
1059,3971,5.66244833126286,6.890419598080667,0.23450867766620898
1060,3974,4.562831403804755,10.100136445468042,0.38316296404850886
1061,3978,5.073638147308504,10.052001715590073,0.31410835963245476
1062,3981,5.403172138909094,6.434639870654122,0.26955953618597067
1063,3983,4.302469341455861,9.226032797428864,0.4183606184434511
1064,3989,3.7038935104871085,10.56637909102784,0.49928049224354065
1065,3991,4.662164268067788,10.351812050222785,0.36973441844993843
1066,3995,5.350283733251504,7.370094910796838,0.276709379012691
1067,3999,3.2453009651378286,10.972724566230553,0.5612763981511796
1068,4004,5.4809607574147075,8.395952944396583,0.2590434998428892
1069,4008,5.172479748707899,6.374261790024775,0.3007462265531869
1070,4011,5.386712927927359,8.614613444159854,0.27178461312122787
1071,4017,5.301718972226144,6.88236734446182,0.2832747198266417
1072,4018,6.2525767081320085,5.137375484435759,0.15473079270747597
1073,4019,5.41090077367659,6.3104538344662355,0.2685147226173696
1074,4022,5.252983020453594,8.415356282096475,0.28986320346217276
1075,4028,6.013329846789661,6.666188297398254,0.18707393926512725
1076,4034,5.654402278390503,7.7205251288578225,0.23559640214376812
1077,4038,5.048289400825251,10.055214409464522,0.3175351892174308
1078,4040,4.1303153138860065,10.795988653622933,0.4416336633349964
1079,4042,2.5676034199022864,8.780963033517839,0.6528925259629844
1080,4044,5.259301713875036,5.375220383629047,0.289008996112342
1081,4053,5.988229090898175,5.873394550972199,0.19046724366189627
1082,4057,5.984394077969887,6.569019226744075,0.19098568885484113
1083,4063,4.035676653607725,12.197890182004349,0.45442761198797477
1084,4070,5.122876738831012,10.002401556112442,0.3074519254666331
1085,4071,4.812409127493276,9.92689089783179,0.34942321570032836
1086,4072,6.177937818251594,6.283251332789375,0.16482102561903042
1087,4077,4.2651537880061134,9.408399736703254,0.4234052088189882
1088,4078,6.177137067871043,5.761769407824767,0.16492927693220932
1089,4081,3.910928554329199,10.579316398140756,0.47129197557927105
1090,4084,3.6064314362639056,10.110438485387087,0.5124561307147308
1091,4085,5.516814194458704,8.22053374963837,0.2541965690936069
1092,4089,4.52690579474678,10.6597530992915,0.38801965154031387
1093,4095,5.615652705342134,8.413071344469937,0.24083485381296865
1094,4099,5.066370165335332,8.834655412627917,0.31509089877557145
1095,4100,4.8522033754178455,8.343547149060978,0.34404353721445624
1096,4102,5.186106497312738,9.544772528618953,0.2989040626695825
1097,4107,5.080438145242498,9.72307045312531,0.31318908600630596
1098,4112,5.293890874534354,7.4046565845627335,0.2843329795233108
1099,4120,5.88990172967006,5.468200411923517,0.2037598579807831
1100,4129,4.861684422469058,8.382673095229103,0.3427618196923251
1101,4133,5.5013716760730045,6.4267094073199535,0.25628420206218827
1102,4135,5.547600549398608,6.287003441040634,0.2500346436906552
1103,4140,4.860397780397183,7.4246320445619425,0.342935757410314
1104,4144,5.511760977142496,6.762116966262246,0.2548797000961571
1105,4146,5.037967573595502,9.262371091908253,0.31893056957461263
1106,4147,5.7875726030310535,7.456007341246856,0.2175934603170159
1107,4153,5.5235407200949815,6.5308766839307175,0.2532872279918793
1108,4155,4.5957783241520085,7.556918697292804,0.37870895755732376
1109,4159,3.9034627849207055,10.776642830086832,0.4723012530794637
1110,4164,3.951164818248356,8.402651521623163,0.4658525421272791
1111,4165,5.4587991007225725,8.83838139544726,0.26203947523973425
1112,4166,5.534237685083916,9.029621463936849,0.2518411337592611
1113,4168,5.39179521501712,8.157412127586422,0.27109755225334475
1114,4183,4.473996895218499,9.26422060816977,0.39517226487887946
1115,4186,5.367000664360128,8.35796895909268,0.2744494615792635
1116,4187,5.789341188697208,5.751899757052239,0.21735436992695073
1117,4192,4.887082162269206,8.834037274861004,0.33932836683120754
1118,4196,3.6221433928213234,8.8613852301968,0.51033207311668
1119,4197,5.306005057260035,7.737295521056804,0.28269529539602684
1120,4202,5.805494082707598,6.4696708955152875,0.2151707031679513
1121,4211,4.710302143651035,10.079165914119725,0.36322678714298035
1122,4212,4.373098354936454,10.114702614029873,0.40881247005225296
1123,4215,6.138867474683166,4.8329043045848135,0.170102841401279
1124,4216,4.7117422910001245,10.029280316479264,0.36303209745503673
1125,4217,5.614823391454739,7.620067573199322,0.24094696655063136
1126,4218,6.112617979101292,6.557484012783686,0.17365144086003687
1127,4222,4.947381530495489,8.028529746189943,0.33117665569512816
1128,4224,5.563097753286389,7.4728360481276,0.24793961793456357
1129,4225,5.736763532740212,8.116677792370204,0.22446220332854158
1130,4230,4.522673148282082,8.639867837537938,0.38859185175295763
1131,4233,5.794829891841946,6.887672960646402,0.21661236675405365
1132,4234,4.440455252942513,8.981215672898987,0.3997066702450764
1133,4239,3.5073161834672337,10.73224040814257,0.5258552579982201
1134,4245,5.679333208175825,7.566392581661022,0.23222605608639035
1135,4246,4.5331368148191915,10.239605191158965,0.3871772965172429
1136,4247,3.8670161579040574,10.147352407238184,0.4772283756026917
1137,4249,5.653392212523983,7.685688944595812,0.23573295026051433
1138,4255,5.128910753661551,7.96565085112808,0.3066362030579871
1139,4256,4.512801477886929,10.986615163998836,0.3899263766055215
1140,4258,5.32859798381604,8.62028980638831,0.27964101777387856
1141,4260,5.789641489189185,6.304504319353384,0.21731377310252917
1142,4262,6.102339489699251,6.137410155438189,0.1750409624916113
1143,4267,5.807440120957253,6.099171100720108,0.21490762343531764
1144,4268,6.1412289699124845,5.9138269841615525,0.16978359714508057
1145,4271,5.234087320385635,8.439196369751956,0.29241766287358756
1146,4273,5.34450303866601,7.42133806049619,0.27749085573148524
1147,4274,4.161016474934044,10.708900914642768,0.4374832550675882
1148,4279,5.774647046599322,7.389744490116527,0.21934083189658488
1149,4290,5.97786668996335,6.224622636452372,0.19186810907030216
1150,4291,4.343006644622376,10.609352546689731,0.41288048829666346
1151,4292,5.629614679264646,6.113552602720834,0.2389473717106904
1152,4296,5.2309680047768214,8.950811228120042,0.2928393548503574
1153,4297,5.259165643413505,9.23703284848473,0.2890273911159578
1154,4298,5.196680446434802,9.123048846654031,0.29747459862466585
1155,4303,6.090831392519095,5.838408469851707,0.1765967115267673
1156,4305,5.956991461437154,6.089093531195484,0.19469017566653268
1157,4308,4.297261598004367,10.439579647677183,0.41906463942304223
1158,4321,5.7558290991822645,6.949723682748585,0.22188478013402127
1159,4322,4.732381330467396,7.596485860388427,0.3602419606291918
1160,4328,5.10311953816792,8.382752929684743,0.31012284885108204
1161,4329,4.974485024086826,10.009529627409618,0.32751260651792874
1162,4334,5.372618296023662,8.373872329286252,0.27369002890298444
1163,4336,4.04352747577228,9.973909203579748,0.4533662802303015
1164,4339,5.789664043205967,6.999641094390666,0.2173107240850158
1165,4348,4.986737394387033,10.493621785292483,0.32585624118015677
1166,4350,5.190003419614118,9.029830950781653,0.29837724811322797
1167,4353,4.2392606060085285,11.02061638700724,0.4269056391924236
1168,4360,5.41323268047627,7.118852304223266,0.26819947834224034
1169,4362,5.70037843538158,7.472906605777233,0.22938100782103057
1170,4363,5.525205024475465,6.319807481344714,0.25306223511133535
1171,4368,5.117002186174394,10.260741355472554,0.30824609060830965
1172,4369,5.466898610592148,7.305582605918401,0.26094452405296836
1173,4370,5.652540499166037,6.2151977737969,0.2358480911229967
1174,4374,5.435378115099561,9.437594257517334,0.2652056959637159
1175,4380,4.59535320430598,10.609143097405415,0.3787664283780798
1176,4381,5.393056488562172,8.14528268664807,0.27092704403899237
1177,4386,5.884637650294167,7.721836403461362,0.2044714948640859
1178,4395,4.7438533517860435,9.571390992795457,0.3586910885937565
1179,4402,6.032730425180706,5.159022501831096,0.1844512266966774
1180,4405,5.880416488962944,6.664140200267747,0.20504214243209665
1181,4407,4.59605259421338,8.130054349423787,0.3786718797175496
1182,4414,4.804318166510599,9.235626553108286,0.3505170111858227
1183,4424,6.423523941876137,4.5438027971643,0.131620891061996
1184,4425,6.1223061047816785,5.281122044684211,0.17234172892905644
1185,4427,5.43701257085354,8.110885925056802,0.26498473823956303
1186,4434,5.616921135340783,7.065763860655379,0.24066337813669755
1187,4438,6.214800707757107,5.041333753283647,0.1598376296775921
1188,4444,4.597761520396778,10.146164142655849,0.37844085453420656
1189,4449,5.824817716901939,6.908683322533017,0.21255839248070804
1190,4458,4.918435114364698,8.336623124713022,0.3350898446664864
1191,4460,3.77870600214477,12.332348072209284,0.48916679056966833
1192,4461,6.4117083149785525,4.25087690912115,0.13321821422132588
1193,4465,3.658800771582814,10.313331569442903,0.5053764596258695
1194,4466,5.07052466581557,7.358079507114636,0.3145292629106232
1195,4473,3.4409782781769507,11.567750522403701,0.5348233028916536
1196,4476,2.676324436980818,8.913318581261208,0.638194820966821
1197,4479,5.622354491286208,5.8096114782743875,0.23992885720439863
1198,4487,4.417243611425606,10.168171854553563,0.4028445902964109
1199,4489,5.240043671605431,9.639299582817387,0.29161243960181793
1200,4493,5.409637843258594,8.499165123941285,0.26868545481996653
1201,4494,5.788333734197424,8.00601369122063,0.21749056501997666
1202,4502,4.93834939750251,10.655484862542863,0.3323976857202708
1203,4505,5.443322021798274,8.71749879937423,0.26413178035556456
1204,4514,4.971268481561214,9.811304268421297,0.3279474423428632
1205,4515,6.3605526139023265,4.398526194653197,0.14013381732635571
1206,4516,5.892274053179291,5.761373988948421,0.20343914987823708
1207,4518,5.784985600684045,7.568555357292393,0.2179431902803885
1208,4521,5.184618654870041,7.585233708049581,0.29910520013031594
1209,4523,5.094299915705864,8.73095387462969,0.31131515014303196
1210,4525,3.9122870621493235,10.436705226213551,0.47110832252200846
1211,4532,4.651901598898116,10.90645245751303,0.37112180138639606
1212,4536,5.0742763096219665,8.125207039651428,0.31402208816742455
1213,4539,5.126296590117751,6.9860496457362835,0.3069896048712791
1214,4542,4.726063202844148,10.673564675075614,0.3610960914902703
1215,4546,5.709512525898742,7.231072480908202,0.2281461944294991
1216,4547,5.294479669780884,9.334699461867036,0.2842533818606952
1217,4548,5.17728407520012,7.674349725566312,0.3000967424388421
1218,4550,4.68914867859183,9.870317167027544,0.3660864677957309
1219,4552,5.264975727071651,9.844839914729349,0.288241941366635
1220,4557,5.16438300401847,8.216211168032139,0.3018408039226069
1221,4560,6.211900640210537,6.125864710798013,0.16022968209223828
1222,4566,3.5151840641733605,10.925603371387425,0.524791620141704
1223,4570,5.607838053873926,8.136957697045172,0.24189129575045157
1224,4573,5.487455414886304,8.319018141476963,0.2581655043813521
1225,4576,5.517791208306946,7.058184635238238,0.2540644891912615
1226,4579,5.385466507955981,7.648446410381408,0.2719531133204801
1227,4581,5.9972811545666564,6.179058493136717,0.18924351926176733
1228,4584,3.1954484946090944,10.192366636277267,0.5680158209863433
1229,4585,5.466610766539603,8.889354171847007,0.2609834369244894
1230,4587,4.847834339772378,10.403613304267601,0.34463417551752157
1231,4590,2.5448543136505486,8.471021191391536,0.6559679171026103
1232,4593,3.504211982513625,11.033914233553952,0.5262749066649723
1233,4595,6.114484466672158,5.72493249510844,0.1733991153719872
1234,4602,5.109540708411753,8.072753532361371,0.3092547879323194
1235,4603,4.222064095223875,11.378372049324389,0.42923038972610944
1236,4606,5.384837517938037,8.488425851741228,0.27203814480728633
1237,4610,4.939103011816832,7.028074429266081,0.33229580660645786
1238,4612,5.513045652300958,8.292122219391132,0.2547060282799586
1239,4614,2.612301538548393,9.834649667236445,0.6468499062432899
1240,4621,4.750703115202464,8.387415381278782,0.35776508730446255
1241,4627,6.181185665802611,6.176373907767375,0.16438195775101286
1242,4628,3.9779305407249113,10.887356675145424,0.4622341553282904
1243,4629,5.822763407413856,5.866556592412918,0.21283610911395898
1244,4634,5.406425278982889,7.697387090793759,0.269119752835882
1245,4639,5.014064278972681,10.38750640109086,0.3221619923688718
1246,4644,5.248172579414505,7.8727906177559,0.29051351418583804
1247,4646,5.146884922778759,8.049638398093911,0.30420632296364386
1248,4650,5.194082968983764,7.3084364252529195,0.29782574468947837
1249,4660,5.806823844249293,7.748263626359385,0.21499093624357674
1250,4662,5.8908050601700745,7.311216718870923,0.2036377391342159
1251,4667,5.447882665952504,6.978369738623046,0.2635152390080629
1252,4673,5.388045064464015,7.107835186397108,0.27160452512760436
1253,4676,5.759159973342885,7.2383679666900305,0.22143448811958233
1254,4677,4.8573920516298,10.829654728997955,0.3433420938842413
1255,4679,5.467009138717384,8.276755500558643,0.260929582049829
1256,4681,5.681612313338128,7.980373258396015,0.23191794992411474
1257,4682,5.923213503017985,5.285860847784351,0.19925652798329785
1258,4687,5.7184182054472075,8.11929827220336,0.22694225930903228
1259,4690,5.119000071535098,7.814483434780076,0.3079760018026967
1260,4692,5.635494959993942,5.948679943710474,0.2381524322061107
1261,4693,5.510476054199635,6.698873752106129,0.25505340540966914
1262,4696,5.947840937076222,5.70156440359483,0.1959272107056736
1263,4703,4.848032793946778,7.314937266574297,0.34460734702576373
1264,4704,4.863844991218272,7.795159737432433,0.34246973815231396
1265,4706,4.919535474635357,6.496447316879525,0.3349410898895148
1266,4707,5.704104622930942,5.780376357333603,0.22887727444148234
1267,4712,5.6186474920721405,5.226758627760188,0.24042999656395792
1268,4713,6.018089401304897,6.263531635658362,0.1864305077552145
1269,4715,5.342528249536086,8.96645430803535,0.2777578222191175
1270,4723,4.326092195927179,12.020039348825456,0.41516710760703257
1271,4727,6.124637400206021,5.708683611274333,0.17202656730413213
1272,4728,3.143025917204768,10.16394132747208,0.5751026897310569
1273,4729,5.17540501225726,6.46045901895783,0.30035076795796906
1274,4734,5.404805214557635,6.146008199488701,0.26933876503459936
1275,4738,5.042270335686004,9.975294469748617,0.31834889061709154
1276,4741,5.887545900917642,6.568704189828084,0.20407833620104768
1277,4752,4.4400151767084965,10.102784143538752,0.39976616298012624
1278,4753,5.400722194860591,6.90914318310806,0.2698907376026755
1279,4759,5.61905028886977,7.015631113924467,0.240375543536714
1280,4760,5.270762536724737,8.613948456548112,0.28745963796812485
1281,4763,5.717069769380421,7.192511070153771,0.22712455079276164
1282,4764,4.948243606503576,10.32216020458877,0.3310601139335479
1283,4766,4.513739225155116,9.108326392452447,0.3897996050476467
1284,4771,5.108947738640856,6.920611189490687,0.309334949937776
1285,4775,3.931216874316578,10.794258505720343,0.46854925158666094
1286,4776,5.913034138741241,7.069876989110636,0.2006326491529517
1287,4777,4.975196030331155,9.872889063465657,0.3274164874757198
1288,4778,5.61833989076997,6.256471766286831,0.24047158036548238
1289,4783,5.326673981509086,8.61845393947857,0.2799011185260554
1290,4787,4.6772962365868205,10.28048754904477,0.36768876789146987
1291,4789,5.190458934818002,9.51261387354354,0.2983156682249242
1292,4790,5.142867717268908,6.7113734084569785,0.30474939828688247
1293,4792,4.888523861965298,9.146524534806884,0.33913346728560345
1294,4795,5.978199918113854,6.099020498190956,0.19182306084334352
1295,4804,5.446699189033629,8.412737708114653,0.26367523010353633
1296,4809,5.555556371600288,7.3287976864637985,0.24895911725736444
1297,4811,5.447202363373188,8.434438501851453,0.26360720730350007
1298,4814,5.610728889880427,7.449997983783511,0.24150049132314244
1299,4824,5.535681212560057,6.873082464686334,0.2516459871209359
1300,4827,4.57210366197487,10.85533824564033,0.3819094721396337
1301,4831,5.852365935110432,6.587737720494588,0.2088342221659114
1302,4833,5.379234149203361,8.291115476616543,0.27279564931616623
1303,4835,4.729413114975462,8.682071296203638,0.36064322578323255
1304,4837,5.3675124845653155,7.353477682610423,0.2743802699676592
1305,4838,5.363102260827714,9.906616249470126,0.27497647637930017
1306,4841,5.853496970580711,7.541500111575098,0.20868132049032875
1307,4842,4.134478118291803,11.276044693543493,0.44107090488444833
1308,4847,5.4550039784232105,9.345365196294619,0.2625525277247022
1309,4848,5.492481746800383,8.114380247579248,0.2574860079447746
1310,4849,4.840040996094011,9.705911539666364,0.34568773691159516
1311,4851,4.4715104899402816,10.731413624753067,0.3955083953922074
1312,4855,6.5133346181438,3.7277489592701016,0.1194796247203229
1313,4857,5.2303755297040295,9.920567070614402,0.2929194499788934
1314,4859,5.132299673961176,7.569254705922637,0.3061780639404748
1315,4862,5.377067594928658,8.093749833563466,0.2730885400234411
1316,4875,5.646860512342126,6.21502249763739,0.2366159534274822
1317,4888,5.365770603507161,8.375900546583251,0.27461575023282875
1318,4902,4.044897269405041,10.740374659934798,0.45318110147405977
1319,4903,5.492718686988985,7.401696746507916,0.2574539766311668
1320,4907,5.114074188731113,7.614871742695266,0.30864191879137187
1321,4917,5.492651230421452,8.4508443628446,0.2574630959050321
1322,4923,5.545787169797245,7.616917572933218,0.250279789653626
1323,4935,4.741305326885451,11.252579348357076,0.35903554929986575
1324,4936,4.916499710882454,7.673398395305508,0.33535148671321247
1325,4941,5.328671373449456,10.512541915773964,0.27963109642462425
1326,4948,4.8126938452452706,6.686599623900484,0.34938472546505983
1327,4949,6.215771695992228,6.073905630907582,0.15970636436185057
1328,4950,5.4946068185976955,8.755493951099194,0.25719872514323494
1329,4956,5.181652949552139,5.918312895772298,0.2995061259406089
1330,4962,5.727099476385117,7.933255897219559,0.22576866139148338
1331,4964,5.3779912494449,6.621213195380735,0.2729636736272014
1332,4965,5.622991521714573,7.471637931600472,0.23984273875590284
1333,4967,3.3406103116198302,9.70995883573168,0.548391781214992
1334,4988,5.013814315513246,9.820493632061797,0.3221957842638091
1335,4992,3.8166733212786914,10.569041402806121,0.4840340897256126
1336,4995,4.000320581188669,10.586562369078901,0.45920730533708054
1337,5001,4.611633296456716,9.375870707327644,0.37656556604095653
1338,5003,5.7163978218930955,6.813679765713566,0.2272153895855453
1339,5005,4.842343455889335,10.19932765555232,0.3453764734986273
1340,5014,5.045158567908842,9.461101632272806,0.31795843818836717
1341,5018,5.526826848488534,6.764679452510025,0.25284298503862335
1342,5022,4.807864257705765,7.346282928570152,0.3500376245531684
1343,5025,5.0743532652547625,9.330568464297475,0.314011684740203
1344,5027,4.827500968644864,8.56416329697226,0.34738298985388705
1345,5037,5.008432817861895,9.321923443652931,0.3229232946113252
1346,5039,5.775213288320772,7.654789838126285,0.21926428318501073
1347,5045,5.545857650087706,7.89641710046755,0.25027026161070415
1348,5048,5.884483854023957,5.317997364063816,0.20449228617260926
1349,5056,5.609176591004791,6.402236673411516,0.24171034247752873
1350,5058,5.580584633632821,7.287137092293895,0.24557561311248377
1351,5061,5.681568554337858,6.47554305748705,0.23192386558692019
1352,5070,5.300172436685638,5.606113330009704,0.2834837918510878
1353,5071,5.7172383060624465,8.072536591130003,0.22710176676718863
1354,5076,5.604934240693414,6.775666674984463,0.24228385452738346
1355,5077,5.374110991068926,9.456981897608577,0.2734882354318225
1356,5080,5.441827113094567,8.83033444008393,0.26433387308532086
1357,5082,5.032023854947426,8.127683872068552,0.31973408508262624
1358,5086,5.029301204009788,6.395912687364907,0.32010215301801015
1359,5091,5.962950693606427,6.3981584665661195,0.19388456292686934
1360,5097,4.673948285750001,7.249596950350562,0.3681413684563238
1361,5099,4.065082639093577,10.591178140107715,0.4504522950584033
1362,5101,5.5878520139068675,8.051277261587153,0.24459315531147072
1363,5104,5.6825502353451105,6.781599063859842,0.23179115474376724
1364,5116,3.559477930160079,10.391988520682952,0.5188036502633304
1365,5121,6.37767602499188,4.898212773551814,0.13781894894593485
1366,5122,5.318203761691507,9.583114244207295,0.2810461850042462
1367,5133,6.1272653946310225,5.982565278657269,0.17167129573081405
1368,5134,5.014357847580977,9.304080962616199,0.3221223056098916
1369,5136,5.896810415589807,6.190012160781254,0.20282589111505517
1370,5142,5.256908153093901,9.490856293711479,0.2893325752251652
1371,5144,4.89265443892501,9.46029599009881,0.3385750655777355
1372,5145,5.232077732428077,8.360812734036598,0.2926893337221292
1373,5151,6.172935763730256,6.397341249767187,0.1654972400594844
1374,5158,4.174815169145427,10.990889003994504,0.43561784631497613
1375,5165,5.192855271547718,7.401033611032962,0.29799171383899903
1376,5168,4.155954855829835,10.988442566322233,0.4381675218855014
1377,5170,2.7453095663922165,9.020978393511516,0.6288689048886212
1378,5171,5.814111319808232,6.334028219355369,0.21400576181447195
1379,5186,5.781595302290844,5.9830125672739225,0.21840151569870433
1380,5188,5.0929203849770595,7.028113885518217,0.31150164523137785
1381,5192,4.90675273972345,10.25475292646279,0.33666915380786155
1382,5206,5.683713903044396,6.1428089103206736,0.2316338416039784
1383,5223,4.510769436236439,10.04723851267631,0.3902010829090621
1384,5227,5.214040367143627,6.814914613461937,0.2951277571381591
1385,5230,5.57840296762526,6.314362500035969,0.24587054673471187
1386,5232,6.232386217153509,4.769076112528918,0.15746029145669507
1387,5236,5.373028178608247,6.220769189962377,0.27363461796705707
1388,5237,3.919833622591951,10.384032606480485,0.47008812309689324
1389,5239,6.301286759537181,4.648978910305142,0.14814581047369083
1390,5245,4.739865481700697,8.492870553650686,0.3592301981390168
1391,5247,5.075395656214487,8.90885566616868,0.3138707666801224
1392,5248,4.759716036128861,9.480254434992698,0.3565466545074787
1393,5251,5.5816202358762546,8.092445724436564,0.24543561280089396
1394,5254,3.8904354512075927,10.338640522865695,0.4740623836588769
1395,5257,6.020073543023276,6.538870262492,0.18616227691603593
1396,5259,2.3481754794299197,8.484722187340935,0.6825564053456528
1397,5266,5.056676888266386,10.808589146786609,0.31640130710906356
1398,5269,5.987627004578968,6.675014207815111,0.19054863810925995
1399,5270,5.3956363931858204,7.387853012692522,0.2705782735979539
1400,5277,5.3247355847961515,8.504569793951456,0.28016316521967366
1401,5279,6.149831864064921,6.215054162234585,0.16862059477660202
1402,5280,6.414037101896204,4.61451487181426,0.1329033917147461
1403,5282,6.368179677077164,4.760775260949528,0.13910273495108794
1404,5291,5.6171159477206105,8.068821887016265,0.2406370419694573
1405,5292,4.55655644630689,7.433586647676741,0.384011258855211
1406,5294,5.78843715841322,6.774758899604498,0.21747658337545128
1407,5295,5.826808261720714,7.052101852718891,0.2122892960234254
1408,5298,5.287932501290343,9.347114941935734,0.28513847614715354
1409,5307,4.5569859913458926,9.007129918411518,0.3839531898043919
1410,5311,5.566821766052211,6.477027646611113,0.24743617855821495
1411,5315,5.462935385092003,5.7510493447648585,0.2614803019623337
1412,5324,6.001704662897415,4.404286368050007,0.18864551694132728
1413,5325,5.036624252199763,9.052196880936489,0.31911216961957306
1414,5328,5.608301597502343,7.856917192492581,0.24182863052079867
1415,5330,5.881460646764657,5.188386683917017,0.2049009855173492
1416,5331,5.417739955603178,8.357148429352012,0.26759015181152923
1417,5332,5.2601379491724884,6.006259430837147,0.2888959476876712
1418,5336,5.745278703679644,7.164881614728908,0.22331106002780074
1419,5347,4.373781893373497,9.526452523772788,0.4087200643098201
1420,5353,5.131471761790111,9.496669125471422,0.3062899871838368
1421,5361,5.291992381843589,8.743752642917077,0.2845896316983551
1422,5365,5.900870856849362,6.3581639508308285,0.20227697086586285
1423,5367,6.179416803013452,5.955358587084339,0.1646210856045996
1424,5376,6.350865765877193,4.763650447058799,0.1414433565345222
1425,5379,5.366837519861667,6.651995884198054,0.27447151664988884
1426,5381,4.585407082500054,9.649858619756682,0.3801110181187536
1427,5386,4.954225162529637,8.539148173727263,0.3302514832910884
1428,5388,4.4503938772213605,10.781152545013825,0.3983630940751378
1429,5390,4.39262988800698,10.507969473595672,0.40617205406914964
1430,5391,5.01600708157355,6.424228155226386,0.32189935005498754
1431,5393,5.18170555647214,8.057276881310266,0.299499014151079
1432,5395,6.15698519491053,6.466658127838188,0.167653555014338
1433,5401,4.579638292944857,9.447638603805594,0.3808908854281809
1434,5403,4.957625387798336,8.24689376406834,0.3297918158848891
1435,5410,6.309515189052094,5.455585601167218,0.1470334309831222
1436,5414,5.653050393054903,6.908698086294708,0.23577915992497003
1437,5421,5.337950544128403,8.86662579270071,0.27837667003207406
1438,5427,5.778481830328115,6.446518917383852,0.2188224176885097
1439,5434,5.66740341746895,6.370233950215068,0.23383881274731233
1440,5436,4.438077982366543,10.380171602124573,0.4000280471284111
1441,5446,4.301341509898721,9.755130725329934,0.418513086990542
1442,5448,5.733591672719218,7.052994273439022,0.2248909986445753
1443,5450,4.21972118640804,11.077974374241192,0.4295471213345267
1444,5451,5.664071867198617,7.787687980556958,0.2342891961632243
1445,5455,5.821032217744197,6.995614714516755,0.21307014403876726
1446,5456,4.856596308952678,8.488211211818435,0.343449668219319
1447,5457,5.907915848044838,5.921344268789059,0.20132457725261257
1448,5459,5.2060364405077255,8.793889034850688,0.29620978668190817
1449,5468,2.120657487755813,8.13251191607406,0.7133139572229512
1450,5471,4.65470774801166,7.208938517584205,0.370742445554797
1451,5476,3.898965082953324,10.749489053537197,0.4729092854402122
1452,5490,5.871038203414274,7.466918790021609,0.20630996790014364
1453,5495,5.627911657196931,6.005776534680899,0.23917759873234493
1454,5504,5.337701733021484,7.93849098952113,0.27841030614354106
1455,5507,5.4272760126800605,9.452427826020127,0.2663009976304075
1456,5508,5.216812295857081,8.45574501846301,0.29475302747138904
1457,5518,6.0056558829410935,5.741687723996362,0.18811136201767564
1458,5526,5.285972112221259,9.149564247941683,0.2854034959288788
1459,5528,5.636828885936948,8.718174357393634,0.2379721023074042
1460,5532,5.851027268336804,7.434091575757268,0.20901519296489446
1461,5534,3.025015769149643,9.49211700424175,0.5910561676259055
1462,5538,5.168225500052014,7.743863915841812,0.3013213471085747
1463,5541,4.684910212277395,10.18368428451469,0.36665945477837425
1464,5542,5.811332022178078,6.434066303553987,0.21438148766548223
1465,5544,5.712337305328777,8.089915815824394,0.2277643200149882
1466,5547,5.364970971468889,10.253522928903731,0.2747238503602909
1467,5549,5.853456337919474,5.269683026801717,0.20868681351167928
1468,5550,5.1806883111067545,6.808202091138408,0.2996365328451725
1469,5551,5.534367507311326,7.546129818173139,0.2518235834377898
1470,5552,4.828347046747135,10.666365729328033,0.34726861080662424
1471,5556,5.223819525973295,9.234455351750665,0.2938057386779633
1472,5558,5.159244622980697,9.914187352352613,0.3025354479820578
1473,5569,5.733238576661897,7.225776645097923,0.22493873276098866
1474,5572,5.855639088295137,6.033019450771828,0.20839173329661306
1475,5575,5.848280395355214,6.706699546659143,0.20938653541394614
1476,5578,5.353714779125811,7.705543020796619,0.27624554505083204
1477,5579,4.892402665609186,9.055051530350138,0.3386091021423421
1478,5581,4.971499728645764,10.376210394409675,0.32791618066484307
1479,5583,5.340646425465126,8.694227193813163,0.278012221007805
1480,5584,5.746265339442638,8.431487073221374,0.2231776793644036
1481,5585,5.20380463745998,6.4550669561637815,0.296511498197186
1482,5587,4.510817496273189,10.797332961914446,0.39019458580057986
1483,5596,4.826869245080587,10.318955371441378,0.3474683908815482
1484,5600,6.244246038224031,5.315925607166136,0.15585699380472504
1485,5601,4.768757693029194,8.126893544953555,0.35532433697064375
1486,5602,5.83724826418711,6.701444614212947,0.21087793987046122
1487,5604,5.969032175748499,6.391289451392149,0.19306242353868602
1488,5607,4.648913219923015,9.320612585573484,0.3715257923880718
1489,5612,5.756569513389005,6.649328141510924,0.2217846855076274
1490,5616,6.44603257905373,4.800327858334042,0.1285780082966244
1491,5622,6.287324181397542,4.326102858432425,0.15003337425847457
1492,5623,5.575584930931699,7.107204015562939,0.24625150961662087
1493,5624,6.125337267921244,6.647962865058996,0.1719319540500337
1494,5631,5.3088206926564405,7.315891098415347,0.28231465713909043
1495,5632,4.089092563649534,10.81151787898592,0.4472064572472218
1496,5634,4.9170701660668374,11.01960351597289,0.33527436839479624
1497,5635,5.6922962729609115,7.626241376404334,0.23047361385233972
1498,5643,5.585027979319145,6.923034503629264,0.2449749290327313
1499,5644,4.915416251520581,7.086151008260009,0.33549795670129806
1500,5646,4.73789935363382,8.88206169007362,0.3594959937605825
1501,5651,5.234476565449331,7.680297230329413,0.29236504186919354
1502,5657,5.152530152400929,9.519046324407249,0.30344315939277405
1503,5659,4.9326837348456705,9.714454257146334,0.33316361157872604
1504,5663,4.399269526041406,10.916415113428645,0.40527445907111154
1505,5665,4.3995940968688,12.002161621456853,0.40523058120462746
1506,5666,5.294351016495605,8.7600664213639,0.2842707741559904
1507,5668,4.9858748272835,9.262478548482651,0.32597284933162357
1508,5674,4.927066624539311,6.5442799117450186,0.333922973774116
1509,5677,5.575567551465755,8.08628786466561,0.2462538591003757
1510,5684,4.830382067196341,8.339198052732232,0.34699350180721167
1511,5687,4.702068978837178,9.994729607968946,0.3643398067860127
1512,5691,4.980998279451937,10.48048031919775,0.32663209685665573
1513,5697,5.087519392431467,8.531061106665515,0.3122317910417712
1514,5698,6.244470439829338,5.40213033653235,0.15582665754882805
1515,5702,5.345717136326751,8.740237627207739,0.27732672509939954
1516,5704,5.389316701505328,8.219258241945074,0.2714326158997694
1517,5710,5.905147659728928,6.642746528467562,0.20169880126499173
1518,5711,5.3860835710379185,7.117343218429794,0.27186969420441554
1519,5714,5.235593072605678,5.97403039444456,0.29221410423771205
1520,5716,6.063636500178458,6.331074465348585,0.18027311665767595
1521,5717,6.244065667641566,5.07609694703325,0.15588137762380885
1522,5720,4.473571879627828,10.169485479978672,0.3952297216056312
1523,5721,3.6049204987014285,10.21595843000526,0.5126603903432521
1524,5725,4.501187854134087,8.622895417249149,0.3914963914972366
1525,5726,4.938125032638231,10.492623207399642,0.33242801700924585
1526,5730,5.412480984079964,7.833397510157759,0.2683010981778201
1527,5731,3.250430145911307,11.192878775796636,0.560582997850977
1528,5736,5.774163243241983,5.050112084259361,0.21940623598508033
1529,5743,5.304462345357354,7.813329668279653,0.28290385051304984
1530,5745,4.514416525957925,8.49714240930022,0.38970804255438785
1531,5747,4.944593566691214,6.983723948576269,0.33155355310315754
1532,5749,6.193859491102106,5.432560874502039,0.16266861703336358
1533,5753,5.745430092490897,8.062764886933023,0.22329059417724753
1534,5758,3.4408743870792673,11.626166580365027,0.534837347652699
1535,5764,5.348652978639489,7.183995878150684,0.2769298363893104
1536,5768,4.255433844638127,9.595500357026879,0.4247192220984896
1537,5772,5.124118671469921,6.7087959193051905,0.30728403189791675
1538,5778,4.777805480993824,10.566388647698002,0.354101190591541
1539,5788,6.182612989376226,5.862505766130902,0.16418900167515216
1540,5789,3.5746162585347308,10.089140643740135,0.516757139932904
1541,5792,5.30326009213987,7.026493170565936,0.28306637992636935
1542,5796,5.366316058561119,6.220698904988833,0.27454201161552033
1543,5797,4.857659231515327,11.147099714923932,0.34330597454647294
1544,5799,5.747679572544212,6.304946880138503,0.2229864929546248
1545,5803,5.433064225141254,9.18207476281284,0.2655185045900022
1546,5807,5.705391276317666,6.350999912499592,0.22870333519386904
1547,5808,5.213508599353823,6.43485648150965,0.295199645410648
1548,5809,5.241132455912234,7.960990799282439,0.29146524974859683
1549,5810,5.719661010509046,4.9991137266697,0.22677424779978148
1550,5811,5.673787121541178,7.065280364913931,0.23297581678059287
1551,5812,5.779430304167823,7.825634123120133,0.21869419603397408
1552,5813,5.588753782347514,6.961039066638884,0.24447124763555278
1553,5823,6.018398671226877,5.185302614401896,0.18638869837741803
1554,5826,5.651770543777955,7.453476813146509,0.2359521793430881
1555,5830,5.20162341712676,9.544369372915419,0.2968063715698857
1556,5832,5.069296265810792,7.581447638844542,0.3146953270385413
1557,5844,5.252537182805832,8.047982926685243,0.28992347506741584
1558,5850,6.002380064034302,6.438765299747303,0.1885542112588495
1559,5857,5.5882392446969416,8.790202751204696,0.2445408066113677
1560,5859,4.55145558982797,8.01833734407717,0.384700830069402
1561,5864,4.918707880950816,9.029056418073104,0.3350529700775311
1562,5866,5.153564985813567,7.599977672976815,0.30330326301737365
1563,5870,4.988249379198698,9.837858166934254,0.3256518399768045
1564,5871,6.287598058924225,5.242865339858753,0.14999634948442053
1565,5875,5.743502422784593,8.158244699191123,0.2235511907153836
1566,5886,6.030815515787246,5.2883976689826095,0.18471009820207474
1567,5888,5.684421358727105,5.036023333067936,0.23153820255274682
1568,5892,5.7355673527203095,7.249754506232026,0.2246239117224405
1569,5898,2.2912412641159268,9.734720971191784,0.6902531904140694
1570,5901,5.463620757176713,8.113798061842324,0.26138764833395195
1571,5918,4.068892414384255,10.891947266553663,0.44993726167453035
1572,5919,5.860922327743168,6.575312974574994,0.20767750621414222
1573,5921,5.724522485626577,7.873977581154083,0.22611703791485152
1574,5922,4.46530494658994,10.847942304232221,0.39634730628501424
1575,5925,3.6390849715406173,12.383075720557187,0.5080417861705453
1576,5932,4.597453003357163,11.296568237961662,0.3784825621318395
1577,5933,5.527630593829583,5.118227643046044,0.2527343288447042
1578,5937,4.821013289906592,10.581613498465117,0.3482600418790363
1579,5938,4.630273287061304,10.949620321332846,0.3740456753114612
1580,5939,5.438524706050767,6.541490741002432,0.26478031670598673
1581,5948,5.0926089444019755,9.044102680513955,0.3115437480539914
1582,5951,6.291606408173056,4.659969893515389,0.14945447141554297
1583,5962,5.381929136707845,7.842227395417931,0.27243132112669916
1584,5965,5.77401011724189,7.737341206857673,0.21942693668157018
1585,5973,5.349745800956683,9.141607411606248,0.2767821006482096
1586,5974,5.565369876615882,6.569665055608067,0.24763245562768718
1587,5979,5.046766392552623,8.345603763441837,0.3177410806531375
1588,5980,5.725086287077991,8.304809715796146,0.22604081909689006
1589,5982,5.04197782390661,7.670558134506626,0.3183884345061846
1590,5985,5.377849138921489,6.403726660331707,0.27298288517071045
1591,5987,5.512548583565644,7.5073085954949,0.25477322567960387
1592,5991,5.989493653676876,6.456662451258549,0.19029629078479937
1593,5992,5.452702972150796,7.2457264687695035,0.2628635946397757
1594,5997,3.384808643876908,9.852115593475375,0.5424167262873167
1595,5998,6.1844166990144,6.352233746777915,0.16394516296877337
1596,6000,5.485933019380391,7.2829170388462385,0.2583713129787572
1597,6001,6.215936447300737,5.088787060010102,0.15968409207085044
1598,6004,5.053696918950399,10.305728843425028,0.3168041612313016
1599,6007,5.071122340184781,9.01955205606898,0.3144484649030394
1600,6008,4.433950226561985,9.637918707139466,0.4005860674518208
1601,6012,5.016398273354731,6.1088629091123074,0.32184646587903676
1602,6015,3.721821933944017,10.904754448196433,0.4968567963832858
1603,6017,5.438623175852056,7.623222974645922,0.2647670048355751
1604,6019,5.601443333741974,5.828205963364147,0.24275578094897177
1605,6022,5.104626321901119,9.145003081402667,0.30991915076768783
1606,6032,4.165089898469491,10.620456030604359,0.4369325797790634
1607,6036,5.488712649698984,7.373285596154284,0.2579955421524821
1608,6040,4.881093758494359,9.557666031952696,0.34013792320260394
1609,6042,5.698802461175551,5.021125949416507,0.2295940595803335
1610,6047,4.537008988306357,7.964572128810492,0.3866538276872262
1611,6048,4.69917597907836,10.734168395252617,0.36473090372523986
1612,6049,5.6319369496282885,5.89128312830027,0.23863343015970684
1613,6054,5.392808848441817,5.812189204059339,0.27096052184790176
1614,6055,4.9790433319806855,9.116172729619956,0.32689638100324986
1615,6058,5.86998952007179,6.626060477405456,0.2064517366107057
1616,6060,5.17453237231727,9.358203494696525,0.3004687378293931
1617,6061,5.705075221815221,7.704601142851651,0.228746061761045
1618,6062,5.8527668635881716,6.011161580288283,0.20878002171186189
1619,6070,5.3621051254290055,8.731468338208728,0.27511127646051037
1620,6085,5.207083743219281,9.427092168250866,0.2960682046151676
1621,6092,5.01840978752319,10.241714101665298,0.3215745346311691
1622,6096,5.177630133652263,8.005483242005376,0.3000499597175459
1623,6101,5.141214859891665,9.935430480693924,0.3049728436775184
1624,6108,6.227477984458819,5.365050387123308,0.1581238223740611
1625,6114,5.0896610449370705,7.397921862660129,0.3119422667383983
1626,6124,0.5004063939368579,6.847011826809137,0.9323513911669409
1627,6125,5.408034462430669,8.17033965783149,0.26890221160755545
1628,6132,5.628486118796399,7.645578477045034,0.2390999387973343
1629,6140,5.257271823082595,9.867775139456441,0.2892834116471063
1630,6145,1.6847470119019186,7.52011576942556,0.7722435345116733
1631,6146,5.380836037906754,6.571773137284559,0.2725790942449223
1632,6151,5.488955623576648,7.862381660896,0.25796269516050535
1633,6152,5.891853796589901,7.121950869064371,0.20349596324826916
1634,6155,6.2424265453685575,4.738751166859421,0.15610296620225195
1635,6161,5.290831094928433,10.199933575713773,0.2847466229862727
1636,6164,5.342795664146521,6.480617921864278,0.2777216711495134
1637,6176,5.4228889729940555,7.6192095077158735,0.266894069851805
1638,6177,5.429622363488652,7.830973121576171,0.2659838007081485
1639,6185,5.19072201429057,7.470406170041871,0.2982801032110728
1640,6186,6.262743127868873,4.956456299275072,0.15335642147572343
1641,6194,3.9944330655519864,10.223833234894215,0.4600032229095381
1642,6196,5.593000246659956,6.775565835946535,0.24389717942484127
1643,6197,5.600873675873816,8.410744163984607,0.2428327914803292
1644,6200,5.485313737093031,7.071194397829529,0.25845503210329773
1645,6216,5.505439310549095,8.578289383100502,0.25573430938119346
1646,6225,5.0219144566099265,8.420596486197638,0.3211007477431305
1647,6229,5.87865722228597,6.639394500247898,0.20527997301281203
1648,6235,4.756061817408723,10.362410051784575,0.35704065861251066
1649,6238,3.812993766223844,11.660956940852376,0.4845315189823149
1650,6239,5.171387363341405,9.472494999671628,0.30089390322408543
1651,6244,5.170346620384619,7.337988503253398,0.3010345984950341
1652,6264,5.103292793065261,9.101012404601196,0.31009942698253556
1653,6272,3.9356910270852197,9.979555986957074,0.4679444027794265
1654,6274,6.027332164636553,5.834293510081473,0.18518100317506592
1655,6280,6.219567518298606,5.707160580452394,0.1591932172447967
1656,6282,5.79481847670425,5.687896856500892,0.21661390993614354
1657,6289,6.068230532197781,6.032501685441044,0.17965206169353623
1658,6291,4.730353508849127,8.723264201987762,0.36051609643780574
1659,6297,5.571172625686369,8.804072119006765,0.24684799742175279
1660,6298,4.746022089354304,10.342004516588547,0.3583979027328353
1661,6301,4.2756771131721605,10.621762823280923,0.4219825884919769
1662,6304,5.714434134750535,7.048070172891117,0.2274808552250478
1663,6318,5.005196230352869,7.453843374846583,0.3233608402642284
1664,6324,4.8189874322014905,10.849121972823644,0.3485339121914551
1665,6327,6.031179252925029,5.480967180083031,0.1846609255463092
1666,6332,5.392439654149552,8.54646074888065,0.27101043224186044
1667,6343,4.871291434431294,10.128463058940419,0.34146307330906084
1668,6349,4.997434261062738,9.447824804898563,0.3244101602382425
1669,6354,5.610860190374986,6.881424383179159,0.2414827411586689
1670,6358,6.013223768539357,5.585236556653943,0.18708827970151556
1671,6360,5.779449916278122,6.0089344101622615,0.21869154472496982
1672,6361,4.6985430632560945,9.952813176127197,0.36481646593108585
1673,6363,5.403630928437469,8.828983142879714,0.26949751365045194
1674,6368,6.328726578071345,4.341429319526046,0.14443629442241906
1675,6372,4.8762370868418055,10.187200818973412,0.34079448371988547
1676,6380,5.217003410971656,8.974299561037824,0.2947271911276001
1677,6390,3.078189359227269,10.637740815831625,0.583867771476306
1678,6391,4.998612843020263,10.150194961427815,0.3242508308795685
1679,6393,5.820763843021574,6.740860389592278,0.21310642490338325
1680,6395,5.4579523790607185,8.446512128945365,0.26215394128810465
1681,6396,3.0969572475631826,9.2349547914229,0.581330590592844
1682,6402,4.963037362173544,11.166915228166431,0.32906018547017213
1683,6404,5.6822095504949885,7.016767081260646,0.2318372110221052
1684,6408,5.468061456491095,7.263875041368843,0.26078732201018046
1685,6410,4.398288066089508,9.824257548959633,0.40540714003037936
1686,6415,6.1825197344483795,5.864173029439007,0.16420160856069974
1687,6416,4.9908459156049565,7.80294880193609,0.3253008211293316
1688,6422,5.917264937962196,5.384809472619134,0.2000606986642741
1689,6425,5.8788024579256115,6.199917457366187,0.2052603389931556
1690,6440,5.442252779572619,7.415661655951844,0.26427632836683607
1691,6444,4.318934145851025,8.49122833185316,0.41613478534951626
1692,6445,6.086939091464632,6.079830580292666,0.1771229013490482
1693,6449,5.552543554446253,7.687319702820657,0.24936641199142115
1694,6450,5.235708611768226,9.026103415309397,0.29219848480577265
1695,6451,5.552763726935446,8.690840701868396,0.24933664745847825
1696,6454,6.363738899801972,4.4847920373452315,0.13970307181417382
1697,6459,5.0481472022109175,6.610730958001173,0.3175544126697171
1698,6460,5.528902037712941,7.9832935607759765,0.25256244572937914
1699,6461,5.0717179977813025,9.29910247501092,0.3143679395375889
1700,6488,5.0657302877597985,8.22389639760107,0.3151774021223168
1701,6490,5.944051339661687,6.899006050732974,0.1964395162961633
1702,6491,5.362094981391888,7.60264397427119,0.27511264780589545
1703,6492,5.996105470555508,5.901118689959892,0.18940245685478194
1704,6494,5.67609419652303,6.511164137175325,0.23266392945283917
1705,6498,5.386635356883517,9.210449320454456,0.2717950997442312
1706,6501,4.525145109021782,7.323545079917848,0.3882576739583554
1707,6503,4.720046849874058,10.27929757454216,0.36190942623899963
1708,6506,5.412580693611066,8.19624818899677,0.26828761871163387
1709,6513,5.712249951127807,6.638980540574979,0.22777612919697104
1710,6520,5.443805801977446,8.409203709836849,0.26406637940046385
1711,6522,5.551012329576455,7.170328863063052,0.24957341420703533
1712,6524,5.461875517776992,8.818443375122612,0.2616235826043815
1713,6526,5.879632215305659,6.106756361982947,0.20514816630090135
1714,6527,5.954529331203198,5.783703936460349,0.1950230245012219
1715,6531,5.588061005077931,7.919249234978766,0.24456490235117262
1716,6533,4.8257745034185096,10.180653327632694,0.34761638609377665
1717,6540,6.049323317751529,6.211087188581958,0.18220807770311306
1718,6541,4.865138682464552,9.564223460637418,0.34229484747519484
1719,6544,5.294741780714306,6.828343121343879,0.28421794778107357
1720,6545,4.521436834059116,10.561669995585,0.38875898578297313
1721,6546,6.008535131504172,5.6376077435568615,0.18772212406600905
1722,6550,3.7932243368577154,9.851521997703442,0.4872040955325873
1723,6552,5.532808360681752,8.869669334296507,0.25203436032180926
1724,6554,2.537596911933013,9.202243854244823,0.6569490259291211
1725,6567,5.833986122962314,5.672431151411907,0.211318940062202
1726,6568,5.411375993399494,9.103449620273867,0.2684504789275727
1727,6569,3.9539080034958998,10.749281270887407,0.46548169821318014
1728,6578,5.218884750856993,8.969282861178604,0.2944728577946786
1729,6582,3.072559209730451,8.607872466381083,0.5846288964051571
1730,6585,4.705195549723451,10.535193007902414,0.3639171339875891
1731,6589,5.18582814488142,7.878314210897816,0.29894169239408674
1732,6591,6.092129445736214,5.930130696058167,0.17642123116641753
1733,6603,4.2274075106376365,11.354326876422263,0.42850802761495754
1734,6604,4.0674354257844865,10.468841271931264,0.45013422808633924
1735,6605,6.342886404417317,5.359656971593987,0.14252206517749139
1736,6608,6.3889861459581265,5.11491364332764,0.13628996378832964
1737,6609,5.5458575634430645,8.366185313085087,0.2502702733239627
1738,6614,5.994441430166955,6.588696148551787,0.1896274140469594
1739,6615,4.733175004031094,9.827957217385823,0.360134666012052
1740,6619,5.643649118158951,6.288018687320929,0.23705009326170223
1741,6624,5.180324440129369,9.687019824780787,0.29968572359435774
1742,6627,3.637947773569585,10.74583842622294,0.5081955209382065
1743,6633,5.423714481250347,8.49858927728827,0.2667824715872846
1744,6634,5.987390145387627,5.477308270782796,0.19058065847306369
1745,6636,5.308463165847576,9.443013452929634,0.28236299023701494
1746,6641,5.708114216587253,8.60460997104555,0.22833522814446885
1747,6642,4.543213129014012,9.677448296374992,0.3858151064139518
1748,6643,4.602127651025478,7.240889946506645,0.3778506089526279
1749,6647,6.048692890945077,6.475527964697893,0.18229330342553451
1750,6656,6.069942130888625,6.537916457516805,0.17942067522102295
1751,6657,5.2414396701585595,8.491351716940141,0.291423718272122
1752,6667,5.164244609442953,8.650058567172467,0.3018595131170081
1753,6670,5.8320279598883715,6.7307037352185946,0.2115836589175673
1754,6672,5.9692011620593775,6.149044750710628,0.19303957872898478
1755,6679,6.253313399334479,5.911875644491733,0.1546312013841226
1756,6682,5.6560612518751405,8.202750033059054,0.2353721299328482
1757,6690,5.395360208192383,7.613923626572907,0.2706156103122985
1758,6695,4.742873394065217,7.006734001197435,0.35882356647040303
1759,6700,4.8480918227546095,10.136494972920655,0.3445993670783066
1760,6701,5.437514234966677,5.683218167593928,0.26491691960301794
1761,6717,3.7333159733631556,10.799026271069069,0.49530294777943445
1762,6719,4.655243500969037,9.929806009472966,0.3706700185381083
1763,6720,5.622224966968736,8.356146292710166,0.23994636725221807
1764,6727,5.779896119137206,6.705916631521831,0.21863122374777996
1765,6728,5.533283667371723,7.367015374749053,0.2519701048751659
1766,6730,5.096667452737713,10.73467969727924,0.3109950891116265
1767,6740,6.009184845904841,6.512514638556487,0.18763429090504913
1768,6749,5.223887880476752,9.738231135068414,0.29379649801452973
1769,6750,5.474990797604169,8.449110121376469,0.25985056282382935
1770,6753,4.59788134410833,9.466856170529393,0.3784246558854884
1771,6755,6.197465447826016,6.277664052824008,0.16218113733917836
1772,6756,1.9340943719841748,9.077493159300854,0.7385349284064345
1773,6757,5.6132779635835,8.094649005611531,0.24115588883221664
1774,6765,4.343320519075283,10.024855172462633,0.41283805644458355
1775,6766,4.465147427070907,8.031153619016557,0.3963686009296387
1776,6775,4.8146187699022045,11.776382865350996,0.3491245000228436
1777,6776,4.375626628024859,10.565325007274408,0.40847067954107447
1778,6779,5.325040861616151,9.660280811208198,0.28012189565870843
1779,6781,4.506575471012145,9.671635745927805,0.39076805390774505
1780,6792,5.267390008515923,7.863971673327229,0.2879155610824992
1781,6794,4.630981760546075,8.57074724925426,0.37394989866627726
1782,6798,5.404254787955633,8.951739023582771,0.2694131757422588
1783,6801,4.421174518525207,9.367743242723218,0.402313181425617
1784,6803,5.9851035285997565,7.03409650323088,0.19088978011201152
1785,6805,5.694661744057674,6.623441437311384,0.23015383210920118
1786,6809,5.073847482832722,9.907515173570289,0.31408006011997
1787,6811,3.0183450831707814,9.913235526294685,0.5919579599129343
1788,6820,5.840353933025812,6.041051803334247,0.2104580927642293
1789,6830,5.36611074481571,8.984755614148696,0.2745697674344297
1790,6834,5.633329813150697,8.375412657759757,0.23844513264647177
1791,6843,4.912436263181231,9.356773168230227,0.33590081339525385
1792,6847,5.284674099575133,6.795180375407936,0.28557897080454403
1793,6848,3.7541700244285243,10.249020649316243,0.49248374410778073
1794,6852,4.911497424436731,10.398258828055827,0.336027732506907
1795,6855,5.46080362091244,7.246328451582009,0.2617684894892216
1796,6858,5.78871324166303,7.9198021577773945,0.21743926041555708
1797,6859,5.205426153783293,9.963886238119311,0.2962922897202334
1798,6860,5.509529488076472,7.818267805490757,0.25518136916508133
1799,6863,6.306113492452541,4.669442673880306,0.14749329729462454
1800,6864,6.134593347185497,5.146718748568331,0.1706806493243906
1801,6865,6.026553492835804,5.848851465207814,0.18528626974379173
1802,6866,6.018801159592202,5.770483542462134,0.18633428704631663
1803,6872,4.823037213606136,6.494258956479646,0.3479864330196825
1804,6873,5.503138944475071,7.942813741584683,0.25604528974955
1805,6875,4.413240836194126,8.61625287063341,0.40338571482871494
1806,6877,5.2481244301314875,8.878259595395578,0.2905200233592857
1807,6878,5.539763990108295,7.1208498673988565,0.2510940472883126
1808,6881,4.633179712109497,9.953080694347562,0.37365276344308773
1809,6887,5.074774288260824,7.232232426630697,0.31395476776034054
1810,6891,4.393613883561653,10.326660055550418,0.40603903032848987
1811,6900,5.561154189482856,5.815390084954441,0.24820236315341032
1812,6902,5.408904099573368,6.585607224381018,0.26878464767630683
1813,6909,5.107893396693894,8.106808692720566,0.30947748362002003
1814,6916,1.6851893886529845,7.065769109900816,0.7721837307758451
1815,6917,5.787340512598131,5.418579866264604,0.21762483600505841
1816,6919,5.466547767371283,8.513644673938074,0.26099195361441596
1817,6921,5.40469883136325,9.717183457092652,0.2693531466955665
1818,6922,5.524666747379046,7.50641810225088,0.25313500335966443
1819,6933,5.735423593622732,7.48042970652597,0.22464334613230424
1820,6938,6.249741672271565,4.970563877264636,0.15511405366152176
1821,6939,4.0993576630733655,10.555347104744403,0.4458187457711713
1822,6945,5.963971572007884,5.612966440465861,0.19374655309229677
1823,6946,4.583797614189382,8.151788461464644,0.38032859785693657
1824,6948,5.529556468066131,8.994174138647578,0.2524739750313467
1825,6949,5.211247411301547,8.047518265861772,0.29550532940649576
1826,6953,6.133158570978006,6.461190379647952,0.17087461290199385
1827,6957,4.534638804521305,9.192087045323929,0.3869742465261543
1828,6960,5.318411923685893,8.01331307655336,0.28101804413813664
1829,6961,3.569982329943539,10.159871532102036,0.5173835884084312
1830,6962,5.06597471129415,7.211103044127872,0.3151443591551101
1831,6965,5.8518500224786365,8.001345077088976,0.208903967021779
1832,6967,1.8863288737645418,8.195167350123787,0.7449922190084883
1833,6972,5.5293791046653,6.5281762859554675,0.2524979523175475
1834,6974,5.222016172199692,6.917588380883313,0.29404952927595773
1835,6975,4.052306802579903,10.492417481680954,0.4521794264006493
1836,6979,4.9661732473406115,10.235543164280278,0.32863625349891307
1837,6980,4.272878663605925,10.735752447393384,0.42236090344226346
1838,6985,3.989167195015799,10.841148710930325,0.46071510193503473
1839,7004,4.618893618250178,9.734745351561662,0.3755840624571514
1840,7009,3.5054901320595677,10.049069016543983,0.5261021170289659
1841,7011,5.022808609833273,9.360737110048264,0.3209798695481756
1842,7014,5.386481875446823,7.699878775016009,0.27181584849124923
1843,7022,5.303321700190409,9.888102483027158,0.2830580512979537
1844,7023,6.078397250180171,4.916430708623599,0.17827765014276475
1845,7024,4.278562055094619,10.25203407572333,0.4215925808702056
1846,7025,4.166525169096291,10.729098963183688,0.43673854936222944
1847,7028,5.889397188571232,6.655982902642348,0.20382806554936814
1848,7029,4.2608134755784075,10.311380855900207,0.42399196410667583
1849,7033,6.4141560948678125,4.889815101138135,0.13288730537155033
1850,7036,3.1430259010178014,10.13325050405102,0.57510269191933
1851,7038,5.392514211879531,8.051375778497345,0.27100035298073993
1852,7039,5.0242019031148075,8.179191123183353,0.3207915139369478
1853,7051,4.622658341957206,10.799573494144552,0.3750751194769915
1854,7056,5.925230803704511,5.707106608039652,0.1989838144714504
1855,7060,5.477965672508834,6.626058241062025,0.259448397401502
1856,7067,6.220181751903985,4.726345271070461,0.15911018063813895
1857,7069,5.166356103745121,7.064080478736582,0.30157406582090773
1858,7071,4.847102377767274,10.594203836216582,0.3447331275132673
1859,7072,5.182408050385607,8.176992253417886,0.2994040458682282
1860,7075,6.083660885534432,5.299270518442613,0.17756607328556495
1861,7079,4.737207613835918,7.259113574245843,0.3595895082231663
1862,7081,5.8059430898990385,5.683749321515925,0.21511000308053227
1863,7087,5.9300077644611635,5.349517982207345,0.19833802985807783
1864,7093,4.855186417954751,6.99467830723529,0.34364026763166
1865,7095,5.751868940403941,7.891980172121322,0.22242014346142389
1866,7097,5.093934863383167,8.24236438540241,0.3113645005951464
1867,7102,5.982822153529995,6.387574966260027,0.19119819313703632
1868,7103,5.546336236855332,8.80709908183017,0.25020556273909084
1869,7104,5.416410853346874,7.954018314191552,0.2677698296088661
1870,7107,5.623173478368578,6.847298649668593,0.23981814052002792
1871,7113,4.022541324745232,10.74614441415222,0.4562033421442615
1872,7114,5.786331677148043,7.261097307179531,0.2177612177850813
1873,7119,5.266102488170503,7.606360418241027,0.28808961753195156
1874,7121,5.447943783624998,8.895875231307272,0.26350697667255024
1875,7126,4.831511363343801,9.532208129289279,0.34684083526605264
1876,7130,5.963842811506048,5.788764700353131,0.19376395988191294
1877,7137,5.679554970714441,8.507827753429407,0.23219607659889693
1878,7139,5.783417247748931,7.391829368968256,0.21815521174035638
1879,7145,4.45413232516011,10.508780491470123,0.39785770324617264
1880,7146,5.494097404419207,8.011268811684845,0.2572675914904922
1881,7147,5.341184128741789,7.1255081945787015,0.2779395303326418
1882,7150,5.625174443381754,5.978875805476735,0.239547635384392
1883,7153,1.4455786366562433,7.47341623168078,0.804576070742764
1884,7160,5.223555415599963,9.91781159501466,0.29384144305654597
1885,7162,5.375056128256708,9.538936538326883,0.27336046485038207
1886,7164,5.924438438735555,6.867028188285132,0.1990909321831491
1887,7170,4.942046435936771,9.920383931598526,0.3318978929320282
1888,7172,5.698476168677897,7.385352311544326,0.22963817019483881
1889,7173,5.4425477559248865,7.981612967166732,0.2642364512986944
1890,7181,4.63726101664453,10.503037135811459,0.37310102274319995
1891,7182,4.423930194025941,9.484114592930784,0.40194064898742543
1892,7184,4.014448524876648,11.24668212785535,0.45729738622384847
1893,7185,5.07442670832589,7.77919123026204,0.3140017561668466
1894,7187,6.37530992678707,4.865287275928463,0.1381388154661416
1895,7190,3.3549536378474323,9.96889553462454,0.5464527451093534
1896,7192,6.05724746660085,5.371779518349223,0.1811368331060461
1897,7193,5.215958677595124,6.7129039614343515,0.29486842585277584
1898,7197,5.477797592917835,7.366147464487444,0.2594711196341554
1899,7198,5.495591027981291,9.558051775740017,0.2570656724956121
1900,7204,4.796863873226772,10.854942694530866,0.35152473725925926
1901,7208,5.381661413716905,9.364703065654497,0.27246751388544305
1902,7217,5.458912455248001,7.277227697814882,0.26202415114307387
1903,7218,5.596497164730254,8.480786379221504,0.24342444037608993
1904,7222,4.0647201334953085,10.692085387302821,0.45050130122561893
1905,7223,6.177100810930776,5.139804959070156,0.1649341784114856
1906,7230,4.6215038266788495,10.143658918921709,0.37523119532534926
1907,7239,6.268716066700433,5.75218294189075,0.15254895576885844
1908,7240,5.7290672673803495,6.569917726087611,0.22550264096305836
1909,7245,4.959575547964386,5.3693324181172155,0.3295281789213462
1910,7257,5.197777084704992,9.406958367684298,0.2973263470150335
1911,7260,4.0408311181218615,9.168705051521442,0.45373079364615176
1912,7263,4.911496481429895,8.356675629403448,0.33602785998949186
1913,7266,5.812710138068287,6.813684620420863,0.21419518384540137
1914,7271,5.313753503657562,6.6791982519489395,0.28164780354588
1915,7273,5.9589055511548406,7.12655524801008,0.19443141497092192
1916,7277,5.349720492840637,6.790862815433986,0.2767855219850738
1917,7281,6.561465780987258,4.499756119980109,0.11297290089079438
1918,7290,4.79782203823422,10.79991991523488,0.3513952054815447
1919,7291,5.195607410088147,8.844259040572872,0.2976196595530593
1920,7296,6.637454155360885,3.981248468484133,0.10270023476153191
1921,7297,5.593379111368568,8.019044332683087,0.24384596171302927
1922,7298,4.2758030186325975,10.520568768676087,0.4219655676678103
1923,7300,5.93671680453086,5.011397142594969,0.19743105258356783
1924,7302,6.166752958051557,5.345945396834025,0.16633307710696604
1925,7303,3.7289272274809493,12.838791155384605,0.4958962506569563
1926,7310,5.5077245094950085,6.528357204857556,0.2554253794165269
1927,7311,4.594396585973379,10.010041175061897,0.3788957510649375
1928,7315,5.234331620299752,9.165198535270349,0.2923846366182713
1929,7317,4.877171919186198,10.100991824896074,0.340668106222802
1930,7319,5.516253480912774,8.589626337927779,0.2542723704658427
1931,7320,4.447836272495538,10.284755210834987,0.39870884985232835
1932,7321,5.128758819903639,6.550678617771137,0.30665674257842906
1933,7325,6.395228090985613,4.290594452716928,0.13544613184965304
1934,7330,2.972011191797008,10.38447042783133,0.5982217153949504
1935,7332,5.6932219356991585,7.14205875818003,0.23034847596991107
1936,7337,5.467659110856127,7.577522315581394,0.26084171404594464
1937,7342,5.540180125472216,9.21712250120994,0.25103779105578516
1938,7344,5.670249840504337,7.793052248516872,0.23345401239138683
1939,7345,5.444250678822607,6.1929550484354685,0.26400623768356757
1940,7350,4.514889930996085,10.24417896728323,0.38964404418699267
1941,7351,4.867913503744371,10.22317385532641,0.34191972677007487
1942,7354,4.945544407513605,8.955528448849996,0.33142501146253145
1943,7355,4.309192342825737,10.65842404702714,0.41745175377792043
1944,7358,4.980138720140856,7.889706297345146,0.32674829839266467
1945,7360,5.895625233007582,5.403320982709065,0.20298611279461837
1946,7367,4.877690216795558,10.305356164569055,0.3405980389481638
1947,7368,5.6427838450846535,7.783204733595982,0.23716706722615624
1948,7369,5.930383558655819,6.768633870254114,0.19828722724087702
1949,7374,3.679271532346325,10.397329956133728,0.5026090719502023
1950,7375,5.460278246050397,8.247298558027012,0.2618395135188178
1951,7384,5.497972191501026,5.289795335880828,0.25674376933556897
1952,7389,5.192137653975209,8.749287671100275,0.29808872664907227
1953,7390,5.738770515271058,6.312839573638459,0.22419088470070414
1954,7393,5.507701008898547,6.8231176669208775,0.2554285563996283
1955,7395,6.005702143019562,5.790951088012111,0.1881051082407639
1956,7397,5.658389606729141,7.205200804457187,0.23505736583580367
1957,7404,5.302910556937926,8.365527347223157,0.28311363266021966
1958,7405,5.254599537122958,9.695211412388904,0.28964467087513357
1959,7408,5.605617171326932,6.488132474915298,0.2421915309522918
1960,7410,5.263971874289633,6.978409417764756,0.2883776495530201
1961,7411,5.481205212126712,9.016781915681964,0.2590104526608585
1962,7412,4.806441295539343,10.186942237055902,0.35022999102199626
1963,7420,4.742608081619886,9.59218813923328,0.3588594333539006
1964,7426,5.970652725726081,7.060072744582268,0.19284334569944134
1965,7432,5.231630753363193,9.342172236237255,0.29274975963251576
1966,7435,6.060499937014942,6.4719486177944425,0.18069714028547076
1967,7439,5.089139864463308,7.3191521055235444,0.3120127237398039
1968,7452,5.706638667149153,7.762290984459236,0.22853470374662213
1969,7454,5.815111833625014,6.569872374067909,0.2138705050139121
1970,7456,3.7763448711736602,10.422267172139764,0.48948598558276873
1971,7458,5.226035664312382,9.700495323728656,0.29350614483296583
1972,7459,4.642534311798558,10.265604105905314,0.372388140003374
1973,7464,5.701499298760165,7.718058138170189,0.22922948128345647
1974,7465,5.460854621593806,7.174582062554055,0.2617615948428187
1975,7466,5.220578659752058,8.251935476457133,0.29424386275858483
1976,7473,4.8988479902813955,8.25132501458242,0.33773777585068127
1977,7476,5.888890396659603,6.622784150308074,0.2038965773993464
1978,7477,3.997671422468983,11.308894461547562,0.45956543805507966
1979,7479,3.8044986834717305,10.689054120817056,0.485679946614466
1980,7481,5.262997700244595,9.647696916196189,0.28850934554992697
1981,7483,5.121062591515967,9.774682606558194,0.3076971752147738
1982,7484,5.359794337706902,6.290044480765518,0.27542366570373916
1983,7493,5.238189876284215,9.86167629348732,0.29186304925841094
1984,7498,4.973284674051366,7.820254122102432,0.32767487864513467
1985,7512,5.3370791391514185,7.891011502363441,0.2784944729521356
1986,7517,5.930964077957764,7.190051283333762,0.19820874838118793
1987,7518,5.255368272391829,8.761971357726523,0.28954074759971166
1988,7524,3.5015137941917325,9.989345692631183,0.5266396675644277
1989,7528,2.789025153414775,10.66637535102089,0.6229591110046332
1990,7530,6.436497803805412,5.030414410672995,0.12986698919075346
1991,7531,5.779924956626605,6.2462281699683855,0.2186273252843236
1992,7541,5.523828934141764,8.482236176653844,0.2532482651018219
1993,7546,6.3638083591143095,4.830060833622042,0.13969368179456765
1994,7549,3.4652057285547206,10.208895199802544,0.5315480583434495
1995,7551,6.047200683144071,6.005327488681699,0.18249503102744163
1996,7555,6.240019168741773,5.935417431060486,0.1564284130424851
1997,7560,6.535095526554608,4.121197157502662,0.11653782541725374
1998,7569,5.172086797765196,9.382052986839877,0.3007993485455027
1999,7587,6.2569090001996575,5.743166059962063,0.1541451216709226
2000,7597,5.239241399091224,6.871339681054606,0.2917208966881955
2001,7599,5.562932137135416,7.867268065418342,0.247962007141315
2002,7605,5.5284444437455385,7.705772657380772,0.2526243066401913
2003,7608,5.569885862510368,8.585563862789405,0.24702195151148623
2004,7609,6.355788515997102,5.283117184012285,0.14077786304507123
2005,7610,6.417413607285887,5.100164937098517,0.1324469309358732
2006,7614,4.253554453136595,11.227996726425147,0.424973292034589
2007,7618,4.970682768955852,8.600100117049166,0.3280266232714222
2008,7619,4.850682146292698,8.563012624492451,0.34424918813194944
2009,7620,2.2287787340097513,10.859565606962548,0.6986973336485962
2010,7623,5.6473904942367525,7.993470611680049,0.23654430658541029
2011,7626,5.1300677904742145,8.37275660776501,0.30647978633011613
2012,7633,4.4019808338793265,9.675897519032391,0.40490792457919494
2013,7634,5.492809339584894,8.792358924348463,0.25744172154794914
2014,7635,5.626411137768292,7.095741003450358,0.23938044996107483
2015,7636,6.280918176664198,4.750397516226746,0.15089938499222916
2016,7640,4.643156372013757,9.824606939333627,0.3723040453381609
2017,7644,4.191224777125849,8.669074909919777,0.43339947507747456
2018,7646,5.194843860346384,8.086826218827603,0.2977228818108701
2019,7647,6.028719724317719,6.370910970786044,0.184993422674015
2020,7651,4.891572573976633,10.05260527313035,0.3387213200213032
2021,7652,3.7725309410638186,11.195567059699565,0.4900015806455885
2022,7653,5.14537860774991,7.0364968688562755,0.30440995768414436
2023,7656,5.407414831322299,7.150100131818501,0.26898597788828005
2024,7657,5.152233635122645,9.55932418663423,0.3034832447746035
2025,7661,5.312677325235206,7.4728656949968375,0.2817932892431266
2026,7666,5.283619674836996,9.300492790894587,0.28572151567910675
2027,7670,4.753630647406931,8.212300173320312,0.35736932201579774
2028,7677,5.800802649252173,6.2066896974408845,0.21580492557305592
2029,7679,4.846401964907325,7.719318367997549,0.34482781446403055
2030,7680,5.856049433330862,7.151384434804921,0.20833625984314655
2031,7681,3.756913741533632,9.305338067318676,0.49211282829327296
2032,7682,5.1725922875874435,9.77114269406232,0.3007310127215232
2033,7685,6.057978815383153,6.01860573005562,0.1810379640102591
2034,7691,5.321940593139834,6.1134870313806715,0.28054101270431986
2035,7697,5.3407482725628785,6.900948348538289,0.2779984525696712
2036,7708,5.564274689913933,5.721876418479026,0.2477805110036715
2037,7709,5.857031768070791,5.105987734753317,0.2082034606236127
2038,7712,4.942553512884802,8.050082679989746,0.3318293425487372
2039,7714,2.5339927094586256,10.359778696383373,0.6574362684709815
2040,7715,6.3824312011758035,4.976507444448291,0.13717610933098157
2041,7717,5.660110634741792,7.453680690111084,0.23482470463836652
2042,7719,6.057926750597374,6.055974954431784,0.1810450025101061
2043,7724,6.234041891228846,6.119545243691305,0.157236465284139
2044,7730,5.766293248982336,6.747276362689707,0.22047015956727267
2045,7735,5.443428160006049,7.122167379930907,0.2641174318136853
2046,7742,5.318298480615319,8.244379703604283,0.2810333802049797
2047,7743,5.360990731881964,6.559524519122663,0.2752619283587741
2048,7751,5.896272862486635,7.174220691011579,0.20289856148866378
2049,7753,5.514687389875944,8.710966613108777,0.2544840861458003
2050,7754,6.02960972388876,5.979247163102918,0.18487310600026255
2051,7756,5.670097458173282,7.673427467501349,0.23347461255323837
2052,7757,5.007965498364081,8.786788354048252,0.32298647029071437
2053,7759,5.231641326472935,9.459787811942034,0.2927483302819444
2054,7760,5.636878027797943,8.051042644592016,0.23796545894998106
2055,7765,4.846676659938689,5.947994898509275,0.34479067917369394
2056,7766,4.305236800592349,8.582275447025046,0.4179864930068978
2057,7774,4.754807107516308,10.636726238290803,0.3572102795041287
2058,7778,5.843477277562503,6.623095055631408,0.21003585612742057
2059,7779,4.891338284370666,10.610951026695142,0.33875299300969774
2060,7798,6.008848477475762,5.7979690553048835,0.18767976365791214
2061,7800,3.620864178320058,11.012250868185665,0.5105050067211627
2062,7804,3.677084523700268,12.27051968572777,0.5029047278295121
2063,7805,5.8305485573182585,6.284432642846671,0.2117836554143843
2064,7806,5.979277795366098,6.409001644071115,0.19167734548580498
2065,7808,5.00164196553466,9.591519229871015,0.32384133186723235
2066,7811,6.46903018802889,4.503096714289227,0.12546902273507587
2067,7812,3.7175130981627094,10.562619227592698,0.497439296426905
2068,7815,4.627125059089467,10.001603026024274,0.3744712758736535
2069,7818,5.93788008934723,6.259413347506404,0.1972737912047015
2070,7819,3.8858809041228604,9.84202499130251,0.47467810075977723
2071,7822,5.728093139540661,6.355398765286091,0.225634330713587
2072,7823,5.912195570908617,7.49518109169269,0.2007460129068456
2073,7825,5.600123733047996,7.759830660698665,0.24293417425538116
2074,7833,5.318669137426139,7.467110214074006,0.2809832720970293
2075,7837,3.897717193419566,9.43106558686266,0.47307798430569215
2076,7840,4.711114296811226,10.145508625267949,0.36311699431836425
2077,7841,5.829161719196503,7.086372886028226,0.21197113836973844
2078,7843,4.909422513827913,10.408693596441184,0.3363082341508512
2079,7847,5.972394791202227,6.806988679708662,0.1926078405032943
2080,7851,2.3467014344547827,8.789344989985697,0.6827556775634612
2081,7858,5.498150017815945,7.091375874042269,0.2567197294692444
2082,7865,4.961986679019764,7.59435948977875,0.3292022245299019
2083,7868,5.5646811782915515,6.570056068790715,0.24772555892155212
2084,7874,5.341199268402407,8.200738684422733,0.2779374836422089
2085,7877,4.32242453227361,9.763371397914154,0.4156629292968387
2086,7882,6.1614784262517865,6.2270321595487195,0.1670461270256392
2087,7886,5.685581991962463,7.072819177772551,0.2313812996340617
2088,7889,6.229162940405081,5.352543153080202,0.15789603766329266
2089,7891,4.267081378866058,8.476550311814977,0.4231446229398817
2090,7893,5.79352221241081,7.381640634889208,0.21678914845666136
2091,7899,5.044042707753464,9.110794679045235,0.3181092883535094
2092,7901,5.106669373089064,8.420265413292675,0.30964295611407466
2093,7903,5.532212956038919,6.853057175966511,0.2521148514911237
2094,7907,5.7865208449248495,7.6974231320515685,0.21773564469670345
2095,7917,5.241859626908285,9.072252250386295,0.2913669454366163
2096,7919,4.012977401922119,10.267805627825611,0.4574962634214664
2097,7920,5.050515554068186,9.438666429923632,0.3172342414842314
2098,7926,5.723622142952085,6.7168634115232795,0.2262387528452369
2099,7930,3.817608125107823,10.062484140653002,0.48390771608343136
2100,7932,5.101111826692289,9.705201720909413,0.3103942660230252
2101,7942,4.049886172363127,9.086009599663946,0.45250666495844594
2102,7945,6.151686008366952,6.308467388105498,0.16836993794222113
2103,7948,4.9149831553115835,7.309314178987547,0.3355565058253391
2104,7951,6.181875384506823,6.14486314294782,0.164288716514707
2105,7955,4.574058247982931,8.4432764807122,0.3816452368582864
2106,7957,6.034099155922866,5.315366023299153,0.1842661916297876
2107,7959,4.9699538414376905,9.873648317801383,0.3281251650429527
2108,7960,5.7338626451095,6.446097945593074,0.2248543666081807
2109,7962,6.100111529297658,5.8559162933026165,0.17534215452978075
2110,7963,4.503643389245494,6.94636687609144,0.39116443423961533
2111,7969,4.157804795457559,10.725510654504312,0.4379174334698516
2112,7975,5.408489919637286,8.076825213586726,0.268840639559748
2113,7976,5.428342452502645,6.997472543585053,0.26615682846855004
2114,7978,5.350048381457457,6.157454814721815,0.2767411955954656
2115,7981,5.033783477663516,10.006857781270032,0.3194962063699302
2116,7986,5.646183001182556,7.5284008661344615,0.2367075443583119
2117,7987,6.135711083290172,5.0884393071350695,0.17052954555465485
2118,7990,4.702931106389302,8.15422348220033,0.36422325805633116
2119,7993,5.654949426352559,6.92670489996175,0.23552243466671863
2120,7995,5.136445988427343,8.689364865386224,0.3056175347209862
2121,8016,6.172686619296581,6.123485315825545,0.16553092123250865
2122,8018,5.736282206962265,6.802278990624854,0.22452727247967172
2123,8019,5.082819710069193,10.083655969794982,0.31286712859464266
2124,8020,5.924955177142243,5.45512047035538,0.19902107569297112
2125,8026,5.632582685151609,7.434908831813461,0.23854613489258789
2126,8039,5.36467450423153,6.9552565796262105,0.27476392897722085
2127,8042,4.033033024806244,10.862949182419442,0.45478499713104664
2128,8043,5.251066112781193,9.097005771324628,0.29012234510958285
2129,8045,5.746583526903808,6.227694949982723,0.2231346644482133
2130,8049,4.883267991903372,10.101844069613993,0.3398439943735957
2131,8051,4.060019006653113,10.327479858845402,0.45113683405388727
2132,8055,5.475996093077777,8.135122936166779,0.25971465960380713
2133,8060,5.169998297603774,8.896732179441319,0.3010816873249022
2134,8063,4.971842683933663,8.462303650605179,0.32786981745206356
2135,8071,4.867116312828328,10.79445808589362,0.3420274968887187
2136,8072,4.152136870686514,10.230118088299186,0.438683665137507
2137,8073,4.997266264013812,9.70510049295552,0.3244328713122527
2138,8075,5.450298772128325,8.748898654192354,0.2631886120433245
2139,8079,5.236316247733907,8.19918917253657,0.29211634011646953
2140,8080,5.8629602237038885,7.1478482583728375,0.20740200848197968
2141,8089,5.728487641316015,6.076008456537048,0.22558099906833184
2142,8107,5.506869249538987,7.774115166784847,0.2555409997341657
2143,8113,4.9494276347558035,10.090014317594278,0.33090004830478553
2144,8115,6.242470050165011,5.682954591165041,0.15609708490458413
2145,8116,5.6090346727892015,6.8782064510042895,0.241729528023455
2146,8123,4.790908433168951,9.97342721955294,0.35232983735346607
2147,8125,4.5688499685159165,8.249483283964917,0.38234933030038937
2148,8128,3.672116033092366,11.403922031380988,0.503576404853821
2149,8129,4.566206930986154,10.443348445124442,0.3827066355110109
2150,8137,4.116659260965509,10.707916881584477,0.4434797887910569
2151,8139,3.455676171265235,11.466546260892155,0.5328363338356088
2152,8144,4.68062348172673,8.924252881117091,0.3672389664746841
2153,8146,5.619130389055481,7.029786574437669,0.24036471500575143
2154,8154,5.643461407236005,7.282108310450331,0.23707546940188332
2155,8156,5.443262514780922,6.387876412862347,0.26413982495089433
2156,8157,6.131535247904245,6.239018852220559,0.17109406562873178
2157,8164,4.440646033977447,10.05369575054847,0.3996808790646252
2158,8165,5.8666736150288665,7.654438353041201,0.20690000498995553
2159,8167,5.459216682139299,8.779462685490172,0.26198302351917596
2160,8171,5.2276226982650655,9.175401835275391,0.29329159793594234
2161,8184,5.11757249313305,8.907172053889788,0.30816899232813516
2162,8185,5.940202013070714,6.536590360986207,0.19695989651507856
2163,8188,5.476208547920515,7.245869367633883,0.259685938398952
2164,8189,4.427573571402013,8.117937170069458,0.40144811049484935
2165,8190,5.89046186084495,5.296829117787288,0.20368413533773852
