,id,tag,entropy,KL_div,norm_entropy_diff
0,0,classic,7.087146419995445,1.6165749510323875,0.04193362398817454
1,1,sci-fi,6.837037152502583,2.6065821248838854,0.0757443096031633
2,2,dark comedy,6.8597306522068635,3.3820673794061005,0.0726765193061597
3,3,great dialogue,6.053006785971091,7.941105315559838,0.18173240233210292
4,4,so bad it's good,5.876385687030647,8.079985977879979,0.20560868852137656
5,5,tense,7.005643487320904,2.480145364178699,0.05295148854386182
6,6,artificial intelligence,5.903075326140463,7.91074097879851,0.20200068548268357
7,7,philosophical,6.68619621366791,4.94472175957436,0.09613553945215086
8,8,cliche,6.865532999867007,3.697671883589817,0.07189213672596774
9,9,musical,6.391107366527616,4.922295026738853,0.13602672916760059
10,10,horror,6.70036599041233,3.6185802703155634,0.09422001720244523
11,11,unpredictable,6.396332972363233,6.6664013523726915,0.13532031265682126
12,12,oscar (best supporting actress),5.996780574954108,8.160868013274822,0.18933326719838176
13,13,adventure,6.947297562605883,2.305088463023073,0.060838904061208364
14,14,anime,5.7650429719677785,7.4271516257216,0.2206604040065588
15,15,fantasy,6.9313507058196615,2.2554779085784893,0.06299465849106593
16,16,hayao miyazaki,4.620673191923703,10.788987916770571,0.37536049668292576
17,17,post-apocalyptic,6.201860133930326,6.562833325792486,0.16160986228775265
18,18,clint eastwood,5.266320467054204,9.388324503718078,0.28807953641929024
19,19,music,7.098760646613524,1.27425535845023,0.04036357035209206
20,20,art,6.215828293089489,6.293944523506202,0.1597215954406873
21,21,documentary,5.896902638541354,6.968899769017439,0.20283513197043312
22,22,aliens,6.487212292539466,4.895213479881884,0.123034913742244
23,23,amazing photography,5.560245776275473,9.410281495631875,0.2483456380156563
24,24,first contact,5.1905779152571245,10.16609269397974,0.29831869161797203
25,25,james cameron,5.254160621657511,9.947263625837262,0.28972334879759876
26,26,apocalypse,6.19322318867745,6.932701548609347,0.16277743613875836
27,27,arnold schwarzenegger,5.19336552589488,9.68556295041466,0.2979418522155983
28,28,franchise,6.578111725292481,4.571421779484703,0.11074679593597075
29,29,time travel,6.5865751685550125,4.612902946873463,0.10960267671864542
30,30,science fiction,6.574959622232615,4.945177090942542,0.11117290875718479
31,31,unoriginal,5.813522978739277,8.510003762822413,0.21410669936380525
32,32,bad science,6.2812028583356785,6.981637921249009,0.15088402258738004
33,33,good science,3.8063323158342746,11.28912020388929,0.4854460749619469
34,34,hans zimmer,5.6521324427896,9.135719736375723,0.23592406233850913
35,35,philosophical issues,3.5279536019391395,11.366307508058007,0.5230783277439511
36,36,space,6.256072605451019,5.85457788323431,0.15428122209232298
37,37,space travel,6.094022071148008,7.235203370366777,0.17618780605853446
38,38,time-travel,4.769294036610126,10.7769598506711,0.3552693872814313
39,39,visually appealing,7.104140982871667,1.6848532919556136,0.03963623681683158
40,40,bittersweet,6.8345913242568574,3.9284030853727225,0.07607494561163042
41,41,boring,7.276859022191123,0.49925655749620146,0.01628758050351029
42,42,dialogue driven,6.211109532565115,7.186567606540722,0.16035949474838318
43,43,loneliness,6.559820562281651,5.515065209605364,0.11321946225613956
44,44,love story,6.795896298133768,4.222606817526229,0.08130588077939217
45,45,philosophy,6.618903115406237,5.455471720686424,0.10523246661599095
46,46,quirky,6.983004172989098,2.325347470003558,0.05601195386401809
47,47,reflective,6.423658751762362,6.310192493178598,0.1316263138469816
48,48,romantic,6.511670184958078,5.698430027093436,0.11972860638442288
49,49,thought-provoking,6.977736914071692,2.7924492788224327,0.05672400119074992
50,50,wistful,5.676017936048648,9.158706060044416,0.2326951339927665
51,51,american civil war,4.4481999859662995,10.553487178380177,0.39867605552682733
52,52,based on book,6.5977781129485,5.5969788625724615,0.10808822171804763
53,53,culture clash,6.121002369386609,7.422107406322551,0.17254051065565618
54,54,drama,7.213484905012842,0.8511488953219527,0.024854725469873686
55,55,war,6.827702735553826,2.933756670456768,0.07700617022919001
56,56,western,6.033673356117886,7.141392552054606,0.18434596609636772
57,57,buddhism,4.663370961524675,10.027638488288382,0.36958845601081874
58,58,china,5.644550598472261,7.8863124646876805,0.23694900378576136
59,59,great cinematography,6.2953111493854355,7.117982052328925,0.14897681219877776
60,60,atmospheric,7.131383005314765,1.4215860476954139,0.0359535605786696
61,61,based on a book,7.19614554633627,0.9473271759473352,0.027198723398682245
62,62,canada,5.229732852593026,9.11092256428167,0.29302558397022554
63,63,death,6.983784203822223,2.3939980701187364,0.055906506442844284
64,64,incest,6.201837217191299,6.843265482880049,0.16161296025635788
65,65,meditative,5.8744913007914885,8.32711660119234,0.20586477858236304
66,66,melancholic,5.355882966108711,9.591008360349186,0.27597215020054056
67,67,nudity (full frontal),6.699892118166015,3.8863677284788967,0.09428407698600472
68,68,small town,6.745471971316846,4.180188590000322,0.08812242571770824
69,69,aging,5.967088402736792,7.902475925429709,0.19334716364503948
70,70,based on a play,6.116021519573641,6.828951810630647,0.1732138401520394
71,71,friendship,7.070462625270568,1.7344128903613911,0.04418900038410892
72,72,morgan freeman,6.07576423285181,7.778748284971101,0.17865596742188605
73,73,racism,6.551261244749015,4.784841416041303,0.11437654210798098
74,74,usa,7.045642705625407,2.2364363102677154,0.047544247906617314
75,75,emotional,6.9060464663915635,3.419146277337987,0.06641537813334884
76,76,heartwarming,6.641296005289252,5.195364020467846,0.10220531385417936
77,77,holocaust,4.857220159492915,9.798373216413227,0.3433832123790172
78,78,italy,6.0694594009954255,7.113935821963369,0.17950827765368374
79,79,love,7.072000740247135,1.7377434109836876,0.04398107237554803
80,80,oscar (best foreign language film),5.556856672854153,9.175425654444007,0.24880378941261813
81,81,oscar winner,6.56445540672978,6.022399627291778,0.11259290703057379
82,82,sentimental,6.3629988064302285,6.768461871923694,0.13982654713544104
83,83,survival,6.607283239488224,4.751631752810061,0.10680328394510226
84,84,natalie portman,5.711784317174327,8.896890096249763,0.227860103767984
85,85,robots,6.178674953593285,6.800383048625752,0.16474411977113393
86,86,star wars,5.106732318924449,10.15882369526839,0.3096532460158264
87,87,abortion,4.99622687660808,9.700795350015895,0.32459177590860866
88,88,charlize theron,5.424804644443574,9.206010914547164,0.26665506562547997
89,89,medicine,5.316961825603607,9.209962280931277,0.2812336523375312
90,90,orphans,5.618585085690598,8.935651324906242,0.2404591167787468
91,91,funny,7.1263744523275525,0.7655119179921915,0.03663063509147825
92,92,relationships,6.425984278105841,6.266732843486442,0.1313119406896935
93,93,island,6.258461902196178,6.041949488301281,0.15395822821888006
94,94,dogs,5.959060331982375,7.470223516248323,0.19443242761423735
95,95,multiple storylines,6.491222542433081,5.950958709278074,0.12249279349316353
96,96,action,7.052307192512352,1.391860797643403,0.04664331819226303
97,97,george lucas,4.975188228921453,10.452633772654657,0.3274358572568433
98,98,romance,7.1513292433216575,0.8837517677796434,0.03325715516669491
99,99,family,7.082032673783511,1.4224383365140576,0.04262491890587084
100,100,mystery,6.894900579868597,2.918401780851969,0.06792211984230652
101,101,powerful ending,5.952514146053061,8.682448556471297,0.19531736497242463
102,102,twist ending,6.926010837222176,2.9983319287475965,0.0637165214599385
103,103,adapted from:book,7.068591674630719,1.8535396446043877,0.044441922335059406
104,104,assassin,6.459356187999459,5.125472883651316,0.12680060384442027
105,105,assassination,6.100752359573672,7.373116443035386,0.17527798105149103
106,106,history,6.689849461230271,3.963079804756247,0.09564168008403197
107,107,interesting,6.8663913885865995,3.9060382263775573,0.0717760965990883
108,108,thriller,7.0695635118306654,1.7457109128982078,0.04431054582764038
109,109,dialogue,7.062401094834767,2.117274219004207,0.045278787555423146
110,110,paris,6.597497272836669,4.764714920238516,0.10812618671160573
111,111,adultery,6.695372448488023,4.516637422003404,0.09489506246486369
112,112,biographical,6.018188635755083,7.87851835763919,0.18643924723413158
113,113,biography,6.652822787382469,4.048876629753979,0.10064708128881728
114,114,blindness,5.656742088793573,8.351522634106797,0.2353009135307938
115,115,disability,6.160023557845324,7.115116610815073,0.16726548367034663
116,116,drug addiction,5.967202795595351,7.84311521555869,0.19333169959999985
117,117,drugs,6.842784001430817,2.971352020083568,0.07496742954455085
118,118,genius,6.315492090159513,6.64541292954525,0.14624867880825274
119,119,great acting,6.932532806110646,3.4551268204837564,0.06283485784991216
120,120,music business,4.857980664096237,10.034798230289681,0.3432804045850101
121,121,catholicism,5.634069761269366,8.424627375605397,0.23836584169505262
122,122,child abuse,6.218329958355545,6.952525370863455,0.1593834111795744
123,123,enigmatic,6.123339794738677,7.691628223357034,0.1722245289468635
124,124,mistaken identity,5.0991857484382095,9.338133688920216,0.310673419017568
125,125,queer,6.152176876714542,6.629364587408068,0.1683262267267451
126,126,soccer,4.860313601970642,9.55066376132397,0.34296502950986196
127,127,spanish,5.461838498833144,8.888913667381228,0.26164869372879385
128,128,alcoholism,6.081970572305895,6.998635264023191,0.1778169717532911
129,129,complex characters,5.723413242789681,8.77082833397791,0.22628806306768479
130,130,confusing,6.655934828473436,5.233719991278897,0.10022638419109534
131,131,germany,5.85717597916207,7.582735575839999,0.20820552709521606
132,132,suicide,6.933543598817861,3.0461902386504507,0.06269821519453131
133,133,suicide attempt,6.22784169468029,7.1655037954532546,0.15809757987171294
134,134,terminal illness,5.570383909627391,8.637929354130375,0.2469751280664626
135,135,touching,6.769306474585479,4.556918986838071,0.08490039038537828
136,136,true story,6.747664005989956,3.9973830659359533,0.0878260984526987
137,137,deliberate,6.245934395681699,7.151053118050804,0.1556517423719006
138,138,biopic,6.24484769172331,7.015779687432506,0.15579864698787896
139,139,character study,5.825844844040462,8.416226954416555,0.2124409845421803
140,140,death penalty,5.178277420590091,9.51608839419069,0.299981517479104
141,141,gay,6.227596300057016,4.657008603046561,0.15813075321447748
142,142,journalism,6.07976075540575,7.189733017899708,0.178115702884794
143,143,prison,6.719459545211317,3.82969036019126,0.09163888062541083
144,144,thought provoking,6.336553091599567,6.970351947512083,0.14340157559786554
145,145,writers,5.872680651142257,8.153838190279197,0.20610954882483634
146,146,based on a true story,6.817441199086881,3.6025911269574182,0.07839336226285
147,147,joaquin phoenix,5.146372925273529,9.619947124726338,0.30429448385442615
148,148,disturbing,6.8173456570984765,3.6576040986274982,0.0784062779783105
149,149,murder mystery,4.699153905041648,10.14444842442465,0.3647511868214002
150,150,twist,6.5005487939945485,5.926791767302005,0.12123203669405742
151,151,strong woman,5.955781177005033,7.939851525899172,0.19487571577837906
152,152,world war ii,6.250361376089894,5.6499239218206,0.1550532869675663
153,153,cynical,6.3243452473556685,6.744772844552104,0.14505187663590682
154,154,nudity (topless - notable),6.5436625055357585,5.309043222589038,0.11540376746906056
155,155,nudity (topless),7.106763015496778,1.4098394847065303,0.03928178085584881
156,156,psychology,6.824991244771949,3.959287434847389,0.0773727194710193
157,157,epidemic,5.059729650436081,10.00278174061474,0.31600723866574326
158,158,husband-wife relationship,6.212807413252017,7.200033922084755,0.16012996902671736
159,159,science,6.156868778208769,6.552864182026017,0.16769195832098788
160,160,george clooney,5.575526006874783,9.094810389224932,0.24628000055209232
161,161,lawyers,5.680706322088156,8.455435273713567,0.23206134081903684
162,162,depressing,6.858626783463596,3.903308286657586,0.07282574432054222
163,163,hospital,6.501224132392382,5.319525325173696,0.12114074197922432
164,164,marriage,6.574587132086941,4.9651849017183824,0.11122326333755014
165,165,jude law,5.764331961587831,8.619514045078414,0.220756520990413
166,166,road movie,5.9474598504324145,7.294650297435114,0.19600062314173566
167,167,soundtrack,7.216571172430227,0.893403882866674,0.02443751255162003
168,168,alternate endings,3.4762583585056124,11.223428956132679,0.5300666798391857
169,169,beautiful,6.922404899450946,3.2630133216472705,0.06420398531744528
170,170,solitude,4.289826539409757,10.68233011842181,0.4200855573216311
171,171,awkward,5.391367414770018,9.218397499172008,0.27117523263752813
172,172,corruption,6.655043619376469,4.1752410952492545,0.1003468610966367
173,173,murder,7.112414747092858,1.0088403042591587,0.03851775910611172
174,174,newspaper,5.157214520850452,9.349575168275091,0.3028288773085725
175,175,politics,6.562401943737101,3.862268055978298,0.11287050166896304
176,176,secrets,6.146974542795834,7.558451862295342,0.16902949725467398
177,177,humorous,6.923567300777746,3.175800205681397,0.06404684765432367
178,178,nonlinear,6.399008378848039,6.630754973021073,0.13495864142225703
179,179,excellent script,6.293761900405754,7.5183003754138875,0.1491862453426049
180,180,nostalgic,6.514794346190323,5.875727029535646,0.1193062708416706
181,181,revenge,6.996594082417394,2.074075934453331,0.054174820199111434
182,182,effects,5.873443913073716,8.662249387099873,0.2060063682851261
183,183,environmental,5.497412870509678,9.249923092090045,0.25683962004366784
184,184,alternate reality,6.472657381017294,5.955809243197047,0.12500249991993
185,185,dystopia,6.676368456031556,4.1067946876223695,0.09746409167684024
186,186,oscar (best picture),6.512467506170438,5.906275253198713,0.11962082158654032
187,187,mindfuck,6.692761910615451,4.737964112885961,0.09524796452315337
188,188,animals,5.920172501358859,7.949087700162702,0.19968942679959598
189,189,genetics,5.641546961033098,9.202065252105385,0.23735504648131972
190,190,virus,5.331521849247822,9.22007751147952,0.2792653750844886
191,191,children,6.818406090890842,3.569186871468021,0.07826292465946476
192,192,cinematography,7.158701412481706,1.445114521226895,0.03226055837414288
193,193,food,5.6602638900030176,8.073357672170685,0.234824823561459
194,194,japan,6.050444559032332,5.78694376142027,0.18207877354165075
195,195,tokyo,5.348307427447986,9.209603838172619,0.27699623922606725
196,196,humor,6.664153940110554,4.655971053466745,0.09911529461659561
197,197,sexuality,6.709493289933388,4.385881855556185,0.092986155467877
198,198,strange,6.484209579196733,6.1112360160821115,0.1234408315150669
199,199,oscar (best directing),6.517285138680672,6.021392344025405,0.11896955640214764
200,200,us president,5.084432999286701,9.837811601084082,0.31266774960962684
201,201,racing,4.590785976069185,10.235693489565898,0.3794007598418798
202,202,sports,5.445292998122928,7.982678805244258,0.2638853750339824
203,203,happy ending,6.544544466492017,5.856985421888355,0.11528454076100747
204,204,ocean,5.5367682046942654,8.556323712421374,0.2515194220169159
205,205,suspense,6.999968033393734,2.1164798124418853,0.053718717165085805
206,206,disease,5.465868491945848,8.876562902584292,0.26110390451914134
207,207,matthew mcconaughey,5.091860164854917,9.782676753463832,0.3116637182014561
208,208,sad,6.8925492054964135,3.474217673540029,0.06823998723066037
209,209,story,7.0460528788889345,2.2490627942440047,0.04748879918454547
210,210,cats,5.213914509011239,9.34791524854701,0.29516396551503943
211,211,new york city,6.934322158378263,2.7326074996396317,0.06259296666538576
212,212,wall street,3.8487078072382346,11.217259646777102,0.4797176010353227
213,213,meaning of life,6.070546700834411,7.9583516503127,0.1793612924843868
214,214,original plot,6.395303543129477,6.804304423112651,0.13545947466602748
215,215,afghanistan,4.3741917157175845,10.457252361557416,0.4086807642022459
216,216,nudity (full frontal - notable),6.269050155234604,6.6222319100551,0.15252686944404223
217,217,matt damon,5.856830224575882,8.305264283837797,0.20825226746485828
218,218,lars von trier,4.726412304734673,10.489560818645323,0.3610662966466893
219,219,pornography,5.31078097057445,9.246617092806662,0.28206920292834886
220,220,unexpected ending,5.381734477139892,9.491780873606945,0.2724774483811742
221,221,original,6.85495043876475,3.9194680345353636,0.07332272604405454
222,222,wormhole,4.329764127146532,11.008510426575523,0.41468664812996076
223,223,espionage,6.1632383472802985,6.150099074575992,0.16683089667565482
224,224,new york,6.831435178624439,3.511256927596634,0.07650160492258888
225,225,future,6.6039804048962285,4.510655999885362,0.10724977320616672
226,226,time loop,5.616104710996034,9.040057665377699,0.24079442290253003
227,227,tom cruise,5.720344557469208,8.75898223749013,0.22670289917376713
228,228,plot holes,6.646168911032459,4.968450087129529,0.10154657663197816
229,229,education,5.371612719682034,9.347041805212278,0.2738457445771102
230,230,good acting,6.843326207825998,4.130230986303427,0.07489413210079886
231,231,jazz,5.467432992435272,8.831185056903328,0.26089240962044097
232,232,motivation,5.50454375735646,9.484931000692223,0.2558756406767718
233,233,psychological,6.787259939940363,4.055600872418248,0.08247337526955138
234,234,ben affleck,5.59848473693248,8.992082787018145,0.24317635544576957
235,235,infidelity,6.50561944710496,5.4699941699275785,0.12054656725944844
236,236,psychopathy,4.728636590786115,10.394400004474358,0.3607656095223897
237,237,superheroes,5.356795076284927,9.897297230866828,0.2758488478106555
238,238,talking animals,5.890813782270952,7.8385979467343105,0.2036582458325346
239,239,vin diesel,4.833721036283704,10.43882940563605,0.34655990980818063
240,240,slow,7.178152232773693,1.2798921448682072,0.029631125340979638
241,241,acting,7.120687510807096,1.5236194810800807,0.03739941664758134
242,242,brad pitt,6.065853510893406,7.823126150149634,0.17999573506709224
243,243,technology,6.290458119721836,6.660699067433346,0.1496328624998361
244,244,mental illness,6.718771764089697,4.214991732179314,0.09173185739315766
245,245,computers,5.280875554680383,9.372992249748147,0.2861119264352203
246,246,cryptography,3.9615884670916905,11.182182023973116,0.46445798054794274
247,247,mathematics,5.137772773096369,9.677130269912626,0.30545708388287696
248,248,physics,4.597661137307157,10.505213498425174,0.3784713503981611
249,249,mars,4.639040002414325,10.482199133749402,0.3728776040597396
250,250,nasa,5.00625903075454,10.013030199096402,0.3232355926160534
251,251,adoption,5.7184180853878175,8.175533582126544,0.2269633267162683
252,252,oscar nominee: best picture,7.028188952547104,2.256498904830289,0.049903710089077104
253,253,dreamlike,6.632707635922174,5.047987640859088,0.1033663210392648
254,254,imagination,6.21161539233611,7.411516598416167,0.16029111077423525
255,255,surreal,7.002544086853947,2.126561708937583,0.053370476835793976
256,256,surrealism,6.502225527749866,5.565919233358896,0.12100536969195323
257,257,gay romance,4.402396825022576,10.654897485419681,0.40486789435936943
258,258,space adventure,4.758977538302749,10.684414355682893,0.35666400925771713
259,259,coen brothers,5.415741416694432,9.568371766087223,0.2678802659035625
260,260,witty,6.902212096528206,3.021570211320868,0.06693372227661518
261,261,smart,6.670602911885464,5.155117728910618,0.09824349902338496
262,262,tom hanks,5.97622010395849,8.12836833375394,0.1921127068724784
263,263,4th wall,3.4044507510250073,11.321079648862945,0.5397738948721533
264,264,parody,6.387550248855666,5.695578136472988,0.1365075933455154
265,265,cult film,6.976299004918209,2.6547962938088676,0.05691838300961925
266,266,unintentional comedy,5.275442154042665,9.543953668761338,0.2868464334074077
267,267,dark,7.0686042800033535,2.037737775473988,0.04444021829467946
268,268,torture,6.624209712697837,4.780640541153325,0.10451510138394585
269,269,ewan mcgregor,5.484750144328636,9.202555099897202,0.2585514136858132
270,270,ai,5.260872218479241,9.773863800860456,0.2888160505899442
271,271,inspiring,6.664490542011447,5.063600317787992,0.09906979154042975
272,272,summer,5.63346145316396,8.394594013667415,0.2384480750097758
273,273,england,6.6300130958086685,4.341364441984774,0.10373057882774249
274,274,violent,6.929701643125837,3.175894435170709,0.06321758481786391
275,275,television,6.3246852534626505,6.373969944938203,0.1450059133667102
276,276,michael moore,2.922596876590617,11.77582862207986,0.6049126641156016
277,277,propaganda,6.173246119192057,6.9236383945629765,0.16547800946277041
278,278,christopher nolan,5.350824006893516,9.916207900948367,0.27665603881162076
279,279,magic,6.499383013443144,4.887744257228629,0.12138963117312136
280,280,nicolas cage,5.625779729641265,8.730588272085129,0.2394865184933405
281,281,manipulation,6.061477204068651,7.622330764045318,0.18058734023106626
282,282,dark humor,6.524317810045124,5.732319274527272,0.11801885416339983
283,283,kidnapping,6.658570703306405,4.357071154550552,0.09987005698982308
284,284,bad ending,6.536882506312633,5.746735727450929,0.11632031256353413
285,285,nudity (topless - brief),6.906090140395783,3.3703216857223284,0.06640947412171021
286,286,oscar (best actor),6.294732813527151,7.2308536700622374,0.14905499375550427
287,287,oscar (best actress),6.169583811729721,7.642326575318028,0.1659730935813067
288,288,want to see again,6.789390658504571,4.763502374384002,0.0821853369404218
289,289,animation,6.401626675190686,4.601497764574317,0.1346046905456042
290,290,big budget,6.4342361216818444,6.2588737592278445,0.13019642629197023
291,291,christian,4.947669640760443,9.59162306140247,0.3311559206603587
292,292,christmas,6.128829832464644,5.832264202084884,0.1714823655659228
293,293,film noir,6.180508191168208,6.443284079347824,0.16449629601024482
294,294,low budget,6.263853306945162,6.631401736115414,0.15322939840454197
295,295,plot twist,6.727185385269694,4.623127979027766,0.09059447330718566
296,296,stylized violence,5.665770400964799,9.30029447217073,0.23408043326824604
297,297,anti-hero,6.482834302327535,6.188005568273123,0.1236267464726538
298,298,better than expected,6.108340734238599,7.504258947569361,0.17425215680796552
299,299,innovative,6.214749456138778,7.63438518127905,0.15986743656579222
300,300,movie to see,7.09843637212923,1.856304489455661,0.040407406962991485
301,301,superhero,6.153038048745822,6.154633648011317,0.16820981034161106
302,302,will smith,5.0998340536937015,9.786887710912048,0.3105857787417969
303,303,chick flick,6.1854956907725995,6.784168580139829,0.16382206757073378
304,304,space program,4.252921122489462,10.919247974456688,0.42507456657142945
305,305,special effects,6.675737259034841,4.728821537938503,0.09754941919561218
306,306,off-beat comedy,5.2255551823460795,10.014035944198987,0.29359033671504986
307,307,disney,6.115461018221212,7.17265730661606,0.17328961077503038
308,308,cult classic,6.542547582033582,5.780965370394201,0.11555448690618786
309,309,great soundtrack,7.141783919992904,1.5579109700765825,0.034547526888610826
310,310,stylized,7.078141754900883,2.1504169989317417,0.043150907552403944
311,311,weird,6.723440665841554,4.426424938005011,0.09110069817670105
312,312,studio ghibli,4.734329330894551,10.595856327119026,0.3599960440919538
313,313,black comedy,6.6913172656700555,4.527744071091119,0.09544325691101113
314,314,comedy,7.057835408088062,1.0505559277178604,0.04589599378994933
315,315,awesome,6.636663058646553,5.4403487961050185,0.10283161252746541
316,316,colorful,6.2427237648352145,7.281591342851187,0.15608576719338937
317,317,jeff goldblum,5.34450802281654,9.684396914318096,0.27750985664139
318,318,heartbreaking,6.257589843200696,7.346355841299864,0.15407611634365653
319,319,classic sci-fi,5.416976274051276,9.807669586085925,0.2677133333692741
320,320,good vs evil,6.168158089328722,7.5258363717205885,0.1661658279503992
321,321,scary,6.46594411657673,6.145207133156711,0.1259100235623983
322,322,ghosts,5.867362667603917,7.648955515718174,0.20682845329136373
323,323,bisexual,5.510335461961739,9.210332177358232,0.25509269686366604
324,324,canadian,5.072945183584425,9.262622747731047,0.3142207145557326
325,325,lgbt,5.818391090482988,7.033918744601861,0.21344861021199102
326,326,quentin tarantino,5.517903500023056,9.52151777096509,0.2540696217966025
327,327,violence,7.132609310022119,1.2886712108967657,0.03578778422282267
328,328,courtroom,5.701286087313644,8.168636582797838,0.22927929288037296
329,329,courtroom drama,4.981555682384109,10.106862606689258,0.32657508160725607
330,330,social commentary,6.9861197186791255,2.605652208638541,0.0555907830017762
331,331,college,5.97367147353264,7.238862994269153,0.1924572400556787
332,332,nerds,4.727355362864062,10.437694581121551,0.3609388105992947
333,333,dystopic future,5.878841351560183,8.494321639487154,0.20527672280808523
334,334,futuristic,6.302053173508355,6.78490398443215,0.14806540071725313
335,335,intelligent,6.818432831634264,4.147781060263071,0.07825930974795818
336,336,uma thurman,5.456809024139659,9.13846706802021,0.2623285965143826
337,337,underdog,6.411588246106118,6.119769983055305,0.13325804895239457
338,338,jim carrey,5.217199219143618,9.721110379255787,0.2947199263847206
339,339,poignant,6.532336873651081,5.889467427296442,0.11693480781347661
340,340,sexy,6.262451781032531,7.039369435530989,0.15341886180383238
341,341,conspiracy,6.525056317060535,5.324798670588507,0.11791902008378803
342,342,political,6.537253945241485,5.661858144065824,0.11627010009050398
343,343,satire,6.798610384769085,3.330410064528639,0.08093898062059994
344,344,unique,6.643665651871076,5.290521877989955,0.10188497636169139
345,345,crude humor,5.786009380918516,8.636829020887895,0.21782608815487245
346,346,sexual,5.787653948626882,8.627260848846538,0.2176037694766504
347,347,stupid,6.949120351754848,2.6312410554859404,0.06059249275675782
348,348,coming of age,6.812038570041143,3.1872630913809434,0.07912370941867879
349,349,coming-of-age,5.677957709637794,8.884575731715561,0.23243290830379343
350,350,john hughes,3.068850320722447,11.764446600944549,0.5851415885804186
351,351,teen,6.250646951754085,6.457707290117347,0.15501468180471872
352,352,teen movie,5.584684565365443,8.6368034815254,0.24504191311567614
353,353,high school,6.469585931305749,4.858184296489224,0.12541770972650887
354,354,reese witherspoon,4.686201722136965,10.193870211717153,0.36650211028220536
355,355,stereotypes,6.236052511681756,7.054183740012283,0.1569876115964003
356,356,guilty pleasure,5.681187793864785,8.795477646783933,0.23199625370317234
357,357,1980s,6.770417058618783,3.9561596428703973,0.08475025757352578
358,358,breaking the fourth wall,5.539271828221205,8.97425880234661,0.251180973030934
359,359,charming,6.017189006091566,8.125993115900734,0.18657438082843375
360,360,rebellion,6.370831837157711,6.613857441762832,0.13876764939049036
361,361,complicated,6.061903741887267,8.09899989634015,0.18052967928858019
362,362,tolkien,4.419938211977032,11.225725291298545,0.40249658550898915
363,363,cloning,5.1309180726438965,9.823141717482617,0.3063837273627716
364,364,immortality,5.582753085559427,8.92215650567692,0.2453030176207091
365,365,hilarious,6.614042685462477,4.280438831125283,0.10588951731398966
366,366,sex,6.697965877061154,3.43532917505123,0.09454447330425378
367,367,sex comedy,2.941049785497586,11.639396651358748,0.6024181323935679
368,368,steve carell,5.146688363663083,10.01777688479818,0.3042518417391339
369,369,jonah hill,5.434162783829874,9.407640021684204,0.2653899981135756
370,370,marijuana,6.109219811020873,7.2294405629800895,0.17413331999310117
371,371,quotable,6.736315683570619,4.787815170452998,0.08936020618658623
372,372,stoner movie,5.096303347358047,9.853913707086566,0.3110630725386654
373,373,video games,4.722595322500975,10.333811037870245,0.3615822902665788
374,374,underrated,6.692178899434388,4.7046330651842805,0.09532677810711425
375,375,emma stone,5.017184148986749,10.045167845564574,0.32175869517215394
376,376,teacher,6.468802289121346,5.359465194565092,0.1255236453433579
377,377,hawaii,4.95293256960585,9.576752387963904,0.33044445868859795
378,378,jason segel,3.7580262296935367,11.184589691010427,0.4919762683776774
379,379,mila kunis,4.5609298586285,10.468617106966613,0.38343681900350207
380,380,paul rudd,4.87724930717243,10.426739776398218,0.3406755989342352
381,381,cia,5.963863011334462,7.930070489485583,0.19378318385245769
382,382,father daughter relationship,6.552871987227976,5.412966083321877,0.11415879604799373
383,383,gritty,6.741690985682682,4.750127885322394,0.0886335531856064
384,384,buddy movie,5.621774754091765,8.764251772464684,0.24002792573729126
385,385,silly,6.864359033675766,3.0510998333212536,0.0720508377697658
386,386,spoof,5.733302859528386,8.196991278868158,0.22495114850327486
387,387,will ferrell,4.728507076653324,10.61995351454578,0.3607831177165897
388,388,geeky,5.777626545506065,9.043114965569853,0.2189593105081812
389,389,jason bateman,4.6405456421867015,10.40196261111928,0.37267406616806714
390,390,jennifer aniston,4.2481499545135275,10.78074074609912,0.4257195505101202
391,391,weak ending,5.7543577620522575,8.640749497880659,0.22210486976668564
392,392,absurd,6.473939475213944,5.5843152714291175,0.12482918173685638
393,393,travel,5.966814402763933,7.544996934192096,0.19338420396359193
394,394,feminism,6.364417600983803,6.112401586667362,0.1396347492981037
395,395,romantic comedy,5.985141256549397,7.403104192792101,0.19090671283396038
396,396,woody harrelson,5.582163586114458,9.014626112747758,0.24538270831191727
397,397,uplifting,6.331262250367594,7.056831883296079,0.14411681086813868
398,398,sibling relationship,6.784344181075253,3.68897249542807,0.08286753821803203
399,399,bad writing,5.884839569248536,8.374529084969472,0.20446586180103782
400,400,dinosaurs,4.399388224150721,10.546230238646249,0.40527460802991416
401,401,disaster,5.611690352011873,8.511045922573985,0.2413911720965974
402,402,predictable,7.106470234229549,1.3929536520608492,0.03932136009847127
403,403,unrealistic,6.8870319626303305,3.5755438903335848,0.06898582830195132
404,404,slasher,5.500130950819561,9.042447090568722,0.25647218000533994
405,405,detective,6.472160334305216,5.400815546266513,0.1250696925125376
406,406,1930s,6.25092210215197,6.768404081254605,0.15497748596750338
407,407,church,5.764084165473489,7.958393678981386,0.2207900189755242
408,408,extramarital affair,6.017322525810899,7.588682580908598,0.18655633114439352
409,409,farm,5.554044261883417,8.458821355145272,0.24918398141471734
410,410,female protagonist,6.36900577391093,6.180484084061456,0.13901450329945947
411,411,period piece,6.731354057348892,4.028753427414734,0.09003093696759047
412,412,poverty,6.106164608876414,7.2643697288602995,0.17454633339413195
413,413,rural setting,5.676853098598294,8.26523139035023,0.23258223366449576
414,414,nudity,6.837223280306244,3.8633145120748926,0.0757191481658568
415,415,dance,5.965465541678962,7.041215137230643,0.19356654793884479
416,416,feel-good,6.479893860485708,6.195722188765017,0.12402424615621112
417,417,haunted house,5.169765931926545,9.319294253567946,0.3011321316494763
418,418,conspiracy theory,5.7507438255578345,8.581542972770993,0.22259341492085094
419,419,exorcism,4.267228407762495,10.720004721688095,0.42314045541585504
420,420,bad acting,6.950191000356785,2.6330356478613375,0.06044775856259106
421,421,siblings,6.434448598936085,5.767621652056457,0.13016770283955487
422,422,artist,5.696972598554442,8.05569591159342,0.22986240606847314
423,423,stephen king,5.402944621682402,9.218372279090538,0.26961018346067006
424,424,zombies,5.611719515739104,8.458916369785308,0.241387229637277
425,425,feminist,5.974411445368389,7.608252443925368,0.1923572079562957
426,426,friends,6.42082208942794,5.991191191077952,0.13200978423712925
427,427,lesbian,6.2001957661825795,6.607941088576908,0.16183485760772173
428,428,hollywood,6.385602175948854,6.000180995843936,0.13677094096660733
429,429,hackers,4.957347555220443,10.11922931023475,0.32984762478433666
430,430,hacking,5.176080219600248,9.690054411965328,0.30027854314570657
431,431,internet,5.054636422268321,9.31464185541431,0.3166957598791783
432,432,fun,6.883435644807537,3.3545717746351134,0.06947199169964122
433,433,kids,6.090555518223496,7.4991328317447,0.17665642736262802
434,434,schizophrenia,5.956771278424513,8.076243462735906,0.19474187024695772
435,435,childish,6.328624559587502,6.57888960713599,0.14447338355578523
436,436,sexist,6.229258339652765,7.094618464084195,0.15790607262261117
437,437,illogical,5.6272738474799056,8.74576869953339,0.23928453817881473
438,438,johnny depp,5.925235077769075,8.129330876117105,0.19900504920286194
439,439,serial killer,6.524520156115232,4.956702701447991,0.11799150028151287
440,440,rachel mcadams,4.9641964419578475,9.959779348272324,0.3289217672237101
441,441,realistic action,5.355178526954236,9.877540469381998,0.2760673788620994
442,442,remake,6.864911992841742,3.1738604838239004,0.07197608672712681
443,443,light,6.0067240092195675,7.784499035539597,0.18798907738385454
444,444,spy,6.108641983221164,6.360265683674196,0.1742114328686112
445,445,life & death,4.7869586183061585,10.3149079063182,0.35288142451527
446,446,deception,5.948445328119421,7.79727898000184,0.1958674026633825
447,447,harrison ford,5.7546371464277435,8.795174299840212,0.22206710156489132
448,448,great visuals,5.324677548507604,9.619094913173956,0.2801906126932411
449,449,marvel cinematic universe,4.982049729367958,10.559320489626879,0.32650829452888275
450,450,redemption,6.731813255851622,4.724160577666925,0.08996886083436154
451,451,antihero,5.725153014199231,8.876856036833328,0.22605287440490593
452,452,punk,4.46233049572699,10.148870669930865,0.39676584153161076
453,453,great performances,6.299767699566148,7.267540193537194,0.1483743594444359
454,454,kevin smith,3.818684944085553,11.082850488586864,0.48377620149220546
455,455,gene wilder,3.1910339047538585,11.26628755888319,0.5686243647749614
456,456,nick frost,4.160390688531873,10.887454999833894,0.43758316908631945
457,457,simon pegg,4.942675093369838,10.203145903502458,0.33183110184538916
458,458,bd-r,6.899392326882138,1.7072966297932104,0.06731490905136203
459,459,space action,4.676398438965459,10.44241821315046,0.36782735395921523
460,460,hallucinatory,6.140209206275964,7.721273896629748,0.16994406019128913
461,461,pixar,5.6072035436992795,9.295063490001452,0.2419977152558834
462,462,intense,6.951109232724323,3.320271087928128,0.06032362855248969
463,463,inspirational,6.556071203545379,5.582566091394346,0.11372631428429766
464,464,post apocalyptic,5.842026282578647,8.35859870333518,0.21025351849305263
465,465,bradley cooper,4.957153329164186,10.305644220323156,0.3298738809730505
466,466,entertaining,6.62756688978162,5.348058200011657,0.10406126590607073
467,467,excellent acting,5.66441837014579,8.87902238478698,0.23426320573974035
468,468,investigation,6.580008585605074,5.009806783273396,0.1104903714206878
469,469,dvd,7.162734393831743,1.387251352326726,0.03171536520363757
470,470,art house,5.210656759770794,9.912324536185594,0.29560435997337076
471,471,mother-son relationship,6.300686982368304,6.8217556506945005,0.1482500874327407
472,472,cheesy,6.904330532647878,3.2356788549255726,0.06664734433326412
473,473,ridiculous,6.4078430400679105,6.1445675623520515,0.13376433960363882
474,474,surprise ending,5.987423335690465,8.087759431284262,0.19059821302841287
475,475,insanity,6.461977977886535,5.978651585706947,0.12644618069765295
476,476,martin scorsese,5.563843078767893,9.055669212562231,0.2478593415067247
477,477,psychological thriller,6.081194589957467,7.775946851247994,0.17792187188549527
478,478,mind bending,5.399517303172836,9.790657339166486,0.2700735009130419
479,479,freedom,6.247297766116876,7.240414181019457,0.15546743696961535
480,480,hope,6.08441087774281,7.77662951347081,0.17748708233831997
481,481,aardman,3.415543612703056,11.65194859848145,0.5382743212556828
482,482,tear jerker,5.813892214035629,8.834130190690084,0.2140567847858767
483,483,strong female lead,6.655872036164019,4.765203237175873,0.10023487268516043
484,484,tim burton,5.567198028300735,9.165084585188168,0.24740580715733348
485,485,jack black,4.850665758469249,10.146180775840051,0.34426926028370763
486,486,marvel,5.528235686679408,9.148411631808376,0.25267287901191837
487,487,masterpiece,6.626502006454017,5.756131405986446,0.10420522072936508
488,488,bruce willis,6.1367332636357474,7.44573162360106,0.1704139508314968
489,489,great ending,6.38802340565641,6.670803026083988,0.13644363027850503
490,490,supernatural,6.4093148667043245,5.282796390624598,0.1335653726953655
491,491,morality,6.342029456167916,6.9347896696180324,0.1426612606043846
492,492,epic,6.758714969513533,4.16085519133035,0.08633218878200243
493,493,historical,6.629462235326246,4.94682576535647,0.1038050461626622
494,494,medieval,5.526960612704514,9.166499849232382,0.2528452481757369
495,495,space opera,5.4549852527060825,9.26115635181355,0.2625751406076598
496,496,crime,6.9526782273177385,2.461751389340539,0.060111526124373545
497,497,vietnam war,5.309729577093106,9.028341407448774,0.2822113341448837
498,498,biblical,5.330353072427764,9.18956170294553,0.2794233746101087
499,499,british,6.567300346003848,4.67239416119798,0.11220831773344991
500,500,british comedy,5.229607261400992,9.684274816678734,0.29304256184694494
501,501,controversial,6.404839088861054,6.17017846446701,0.1341704247154618
502,502,monty python,2.792960902978994,11.804211924521884,0.6224373292034341
503,503,akira kurosawa,4.812729483717528,9.875590688125053,0.34939762466577073
504,504,french,6.28231666007007,6.367249337457739,0.15073345479492495
505,505,stylish,6.5332430959726695,5.916276762662774,0.11681230136531637
506,506,farce,5.372008343422834,9.107949080946229,0.273792262712739
507,507,mockumentary,5.353252174638199,9.092460704330858,0.2763277902142821
508,508,long,7.044406683484677,2.111974661339419,0.0477113379006519
509,509,samurai,5.144552409665392,9.356365410052375,0.30454058781331145
510,510,toshiro mifune,3.5457230926689842,11.393960541077902,0.5206761829908688
511,511,existentialism,6.353387740530553,6.787563037206802,0.14112580617856363
512,512,scifi,6.301442018984481,7.038417247293179,0.1481480188212363
513,513,memory,6.327544604858341,6.551168687414887,0.1446193757862696
514,514,anti-war,5.785921102815812,8.611834693416801,0.2178380219116946
515,515,nature,6.081654104376814,6.979953159406587,0.17785975304550247
516,516,wilderness,5.641819375763724,8.174954741781804,0.2373182204616108
517,517,deadpan,5.936633847874959,8.060164401777747,0.19746412176618242
518,518,hip hop,3.1105615402783973,11.357147788976354,0.5795029133519437
519,519,clever,6.782971781664768,4.441061126268339,0.08305306419022508
520,520,sad ending,6.28732438840435,7.071455825575349,0.15005649176171612
521,521,comic book,6.35662727805831,5.436100267582443,0.14068787364616722
522,522,brutal,6.44256165333454,6.439687533887103,0.1290709504705077
523,523,vengeance,5.593393459786734,9.009275533479201,0.2438646129129125
524,524,intellectual,6.320013082378155,6.988093027115211,0.14563751454351112
525,525,depression,6.356405100449008,6.532010819351454,0.1407179084280612
526,526,finnish,3.6994732438176987,10.680870063743335,0.49989167518011957
527,527,mythology,5.980671883277964,7.5006430006030635,0.19151089906060945
528,528,cyborgs,5.356864789377824,9.828785487698001,0.27583942373976506
529,529,nuclear war,4.986706162962429,9.963907469035162,0.32587882080354696
530,530,high fantasy,4.793777038597531,10.873576331584557,0.3519596855202564
531,531,wizards,5.350036242710135,9.8081954024538,0.27676253165536885
532,532,scarlett johansson,5.700521936038989,8.768630870856725,0.22938259364474947
533,533,007,4.110906066503133,11.479589762406029,0.44427268129417086
534,534,bond,4.479404900147923,10.754445561335194,0.3944576610882139
535,535,james bond,4.571647398328581,10.87764256878293,0.3819879827848443
536,536,sean connery,5.089015856483091,9.894675209557619,0.31204822221090717
537,537,spy thriller,4.068334873856391,11.091877143045462,0.4500276108306191
538,538,business,5.745533090885255,7.384342500075038,0.22329782109341603
539,539,michael douglas,4.884422042834844,10.118100631025262,0.3397059622913698
540,540,stock market,3.778737765743473,11.288376091535444,0.4891764071769808
541,541,daniel craig,5.119042519647792,9.957380436074867,0.3079891080545002
542,542,poker,4.208540134863261,10.533314512726943,0.43107415081296496
543,543,spies,5.305669136557269,9.640087354736306,0.2827602393485642
544,544,1920s,5.931715965080234,8.014300791958064,0.19812893915072238
545,545,leonardo dicaprio,5.830616600006476,8.72412382236751,0.21179592111683992
546,546,prostitution,6.221775222848375,6.573509235578337,0.15891766772354315
547,547,fairy tale,6.068437747034827,7.332559432474623,0.17964638857302453
548,548,cerebral,6.448944317702747,6.360246566941168,0.1282081185550706
549,549,satirical,6.442014805853509,5.925695362732192,0.12914487531322077
550,550,neo-noir,6.5426607195527176,5.810916093731166,0.11553919256252322
551,551,astronomy,4.531552491248012,10.578181728799382,0.38740815898084235
552,552,catastrophe,5.044484571942912,10.105848514649761,0.3180681241390217
553,553,natural disaster,4.620628170067485,10.39488535893847,0.37536658290212754
554,554,cyberpunk,5.746733000738756,8.620060829689276,0.22313561289045852
555,555,virtual reality,5.554168574436762,9.187411063116812,0.2491671763890529
556,556,amazing cinematography,6.10661549958335,7.985584635281625,0.17448538033912617
557,557,fascism,5.610012388054321,8.787832696924703,0.2416180054019394
558,558,philip k. dick,4.912050467443274,10.397825938109651,0.3359710507951386
559,559,teleportation,4.900819814459553,10.253082417990857,0.33748925154431497
560,560,alternate history,5.380825753931237,9.526944584369339,0.2726002929083957
561,561,james franco,4.755486038534498,10.222267049830187,0.3571360029673965
562,562,robert downey jr.,5.48267775096134,9.213842519697348,0.2588315674014856
563,563,atmosphere,5.977432268413596,7.990393743132271,0.19194884204765178
564,564,steampunk,5.839594643745777,8.590126915458931,0.21058223632478884
565,565,artistic,6.0490598614609254,7.74683313161941,0.18226596202422068
566,566,sci fi,6.074983240814924,8.106227849574275,0.1787615447821001
567,567,twists & turns,6.119871113789915,7.636332397452862,0.17269343792505898
568,568,joss whedon,4.9983093962423615,10.367425534413709,0.3243102532871259
569,569,anne hathaway,5.260450411230811,9.58784946090811,0.2888730720366493
570,570,christian bale,5.638447580893431,9.102013098586664,0.23777403202533445
571,571,atheism,4.656756451568043,10.291175344451396,0.37048262966093054
572,572,david fincher,5.35589554455416,9.889560812593317,0.27597044980027596
573,573,meta,5.986540689956744,7.857057172661207,0.1907175323071882
574,574,samuel l. jackson,6.09786317788633,7.444658492807657,0.17566855119986866
575,575,michael cera,3.6740439940201015,11.240523060758141,0.5033292941814071
576,576,gwyneth paltrow,5.457000887497344,9.43393914857184,0.262302659723904
577,577,humour,6.096056476688808,7.8164116407921975,0.17591278767619742
578,578,iron man,4.5070712294118085,11.190133310780382,0.3907176255020128
579,579,found footage,4.718203326494128,10.06773114807597,0.362176016351575
580,580,lovecraftian,4.500501560888772,10.620114950363549,0.3916057373231128
581,581,visually stunning,6.778460944762185,4.451291381315491,0.08366285562219629
582,582,parallel universe,5.255839462328142,9.83146439189876,0.289496396974976
583,583,dystopian,5.806582035361647,8.594647989331385,0.21504500147777708
584,584,post apocalypse,4.48496112052052,10.539192218769646,0.3937065508950227
585,585,tom hardy,5.348158496789871,9.61773109821404,0.2770163722171812
586,586,x-men,4.409466626601684,11.205018489896197,0.4039121727223917
587,587,colonialism,5.620598581207029,8.857573482738136,0.24018692508998746
588,588,mcu,5.011576296326405,10.577523461266384,0.32251678520686033
589,589,genocide,5.310511305383533,9.552127381296073,0.28210565725522296
590,590,steven spielberg,6.0445182478499015,7.852067193607535,0.18287991396421213
591,591,cult,6.55553634927656,5.353523165282174,0.11379861784071586
592,592,satanism,4.328662983493916,10.465868784111857,0.4148355047566214
593,593,scientist,6.1894620076945355,6.625991461999607,0.1632858863414604
594,594,thoughtful sci-fi,4.836377384766163,10.604343879754552,0.34620081490408305
595,595,claustrophobic,6.437922472603457,6.436598856919803,0.12969809189066409
596,596,body horror,5.546053445947154,9.142857414832179,0.25026420914132863
597,597,product placement,6.495500461287113,6.032421805263473,0.12191448877494976
598,598,photography,6.55442859671272,5.43341314959767,0.1139483678841694
599,599,alien invasion,5.864128924105275,8.17858057426448,0.20726560256571128
600,600,dc comics,5.073578566180028,9.795991052641279,0.31413509157970854
601,601,own,6.9849228128429575,2.730061456177557,0.055752585110682776
602,602,disney animated feature,5.388667140044424,9.848938075013674,0.2715402656518437
603,603,80s,6.006754536057066,7.735850604707651,0.18798495065430215
604,604,star trek,3.791684943335289,11.351121285929107,0.48742616035267705
605,605,campy,6.421286062321594,5.851686605523659,0.13194706268427167
606,606,favorite,6.879065616071083,3.976591973893436,0.070062748168675
607,607,prequel,5.502233142134743,9.268144024882229,0.25618799809407916
608,608,dumb,6.105309767972042,7.481122884063179,0.17466189391437292
609,609,gothic,5.918741411100721,7.497012121828746,0.19988288681525077
610,610,nicole kidman,5.373977073815668,9.198282010443297,0.2735261225371268
611,611,black and white,6.631245906506983,4.810343603763786,0.1035639229682402
612,612,unusual,6.061674834389977,7.91418088721767,0.1805606238413486
613,613,based on true story,5.2309936668048564,9.603915545946412,0.29285514249333655
614,614,owned,6.9887281708727285,2.7118903702165174,0.055238162893198446
615,615,john cusack,5.301914567042925,9.327853021298687,0.28326779578876177
616,616,greek mythology,3.4600774978237245,11.146990251062562,0.5322540677715853
617,617,alcoholic,6.019199638122387,7.275744655871555,0.18630257623613297
618,618,bad script,6.456287903991313,6.1840925847808546,0.12721538569963442
619,619,hitman,6.153439832580214,7.093062522338043,0.1681554957332561
620,620,keanu reeves,5.527998867128025,8.987150442362562,0.2527048931450993
621,621,secret society,4.728782792612219,10.135816822150304,0.3607458454247683
622,622,apocalyptic,5.540171542890903,9.354861855070094,0.25105934631095966
623,623,desert,6.397028040392483,6.026475517249546,0.13522635081824733
624,624,harry potter,4.871958683092299,10.332220668193361,0.34139080484912787
625,625,world war i,4.772761121572966,9.888591537088084,0.3548006940544505
626,626,over the top,6.585366590431232,5.515299421279182,0.1097660567300856
627,627,androids,5.696087469537272,8.971971086204281,0.2299820610465883
628,628,jared leto,5.441034795003112,9.504243363851472,0.2644610145071297
629,629,ryan gosling,5.170849780462404,9.87110717740865,0.30098561303996
630,630,mafia,6.239966126851412,6.7324101271406365,0.15645855478276952
631,631,marlon brando,4.73198039304068,10.065232597395852,0.36031358210284986
632,632,boxing,5.074102655924082,9.361675266016436,0.3140642432111219
633,633,robert de niro,5.985535488979188,8.013136796071146,0.19085341905210051
634,634,1970s,6.6862276677767,4.626606572817469,0.09613128737067353
635,635,al pacino,5.409027146871079,9.483191004746777,0.2687879254573537
636,636,david lynch,4.953318732762912,10.233013807887724,0.33039225574054093
637,637,mel gibson,5.333279140629026,9.51622931994267,0.27902781800785803
638,638,finance,3.3810206615351337,11.660629675067657,0.5429412600706292
639,639,divorce,6.121824142925737,7.186360025071121,0.1724294203028008
640,640,double life,5.867599771934595,8.018881914842293,0.20679640066067612
641,641,prison escape,5.271335352370036,9.383763790939254,0.28740160587913677
642,642,royalty,5.83019207546857,8.172289543271821,0.21185330989667542
643,643,batman,5.008473858444764,10.289987306235012,0.32293618410761954
644,644,mask,5.99928761219067,7.751004058122453,0.18899435673464648
645,645,vigilante,5.931576253086986,8.021525342309038,0.19814782592900018
646,646,scenic,6.313017768155358,6.861908413119668,0.14658316670720714
647,647,on the run,5.74668847534571,8.440955955682869,0.22314163199595283
648,648,car chase,6.26323867835058,6.706530480145088,0.15331248614611076
649,649,sniper,5.562399528421658,9.223791659975182,0.2480544859226643
650,650,good music,6.229415342480127,7.412385486460662,0.15788484840613246
651,651,independent film,6.852557421819643,2.9942893634387557,0.07364622282773398
652,652,good dialogue,6.3840041483882715,6.800291245832518,0.13698696817742026
653,653,gangster,6.276507643444054,6.26570132640498,0.15151873891031697
654,654,organized crime,6.406030338628872,6.113929879907028,0.13400938721456318
655,655,gangsters,6.082197488550365,7.681632005560295,0.17778629638536242
656,656,dramatic,6.4135690791181075,6.5855782441355455,0.13299027270045666
657,657,grim,6.116593857133271,7.730494032508145,0.17313646946726516
658,658,addiction,5.977595542802193,7.581861346459256,0.19192677001858546
659,659,drug abuse,5.943957422101538,7.866994396805106,0.1964740942144846
660,660,alien,6.285125577429241,6.183659746627016,0.15035373507201577
661,661,mental hospital,5.364996206322411,9.144917661865179,0.2747401890545662
662,662,psychiatrist,5.878955189101875,7.961695907248871,0.20526133383281092
663,663,downbeat,5.90108233428071,8.27151162839419,0.20227010541213608
664,664,somber,6.082887173355379,7.952848746068595,0.1776930622707312
665,665,tragedy,6.47127441297931,6.022867898618898,0.12518945459784575
666,666,wwii,5.6844077255070005,8.542147538196774,0.23156097156609676
667,667,psychopath,6.165237568131734,6.983806066801256,0.16656063468832263
668,668,paranoid,6.012336886690323,8.29637995892621,0.18723030807689714
669,669,ending,6.916329508222424,3.454617668178353,0.06502527892593368
670,670,kung fu,5.328299796982293,8.705330944227768,0.27970094389518035
671,671,martial arts,5.991792421116994,6.209566318615339,0.1900075840794652
672,672,brutality,6.282600980703775,6.990657005259749,0.15069501929168916
673,673,africa,5.798486644861908,7.399532452850606,0.2161393659763858
674,674,isolation,6.365991086297655,6.473383592550673,0.13942203979797296
675,675,madness,6.050860090453698,7.6824718121576225,0.18202260048420354
676,676,bullying,5.972683779852305,7.691666448707716,0.19259076010011555
677,677,gang,5.712694774768072,8.249112501787533,0.22773702478024216
678,678,realistic,6.83010915707051,4.137540438531464,0.07668086136649443
679,679,suburbia,5.697165862458309,8.806975922779866,0.22983627994703879
680,680,gangs,5.492745633052555,9.120910137681623,0.25747055427467475
681,681,police corruption,6.2408558914367855,7.002207857682409,0.15633827315158896
682,682,slow paced,6.778407883673879,4.482757995483342,0.08367002861419733
683,683,tension,6.119351694033097,7.595503858611312,0.17276365498768942
684,684,capitalism,5.481342023905405,8.428917165190196,0.2590121358706525
685,685,greed,5.614458838463195,8.491301105057154,0.24101691797169714
686,686,bleak,6.5738228565265615,5.41207558830762,0.11132658090332542
687,687,cannibalism,5.782629941608821,8.157444970026607,0.2182829331218759
688,688,mentor,5.467632054024925,9.075031466738153,0.2608654997466357
689,689,sacrifice,6.3105307439685525,6.846231078770547,0.14691937173367367
690,690,immigrants,5.4761140434573194,8.968036623719634,0.25971887339023114
691,691,train,6.3028814083284015,6.280901986868394,0.14795343690480955
692,692,amnesia,6.120002780131363,7.110967029354601,0.17267563878742054
693,693,blood,6.620784570609079,4.752104594365833,0.1049781246197921
694,694,mutation,5.2636681736192035,9.721601127312558,0.28843808314724007
695,695,bad plot,6.529072424092229,5.6484224905744815,0.1173761080453582
696,696,end of the world,5.933091884806138,8.023870366295512,0.19794293728941462
697,697,gore,6.692190470155285,4.123799585170876,0.09532521393474068
698,698,beautiful scenery,6.005630911196498,7.946490399628782,0.18813684637288422
699,699,economics,3.5470961320769296,11.618035979243574,0.5204905705014782
700,700,financial crisis,2.9407922981837165,12.014196166500545,0.6024529404704789
701,701,investigative journalism,3.9995418924634523,11.113056869934525,0.45932729768233005
702,702,money,6.476089407566824,5.174440816220191,0.12453854601749513
703,703,religion,6.70587754314886,3.1553315756986104,0.0934749453436802
704,704,beautiful cinematography,5.580424284094535,9.018633300073805,0.24561783352088937
705,705,existential,6.070766948599289,7.924952973108397,0.179331518585921
706,706,bollywood,3.3007477965201897,10.844936764602277,0.5537928395808212
707,707,india,5.254234254307203,8.657607241590203,0.28971339486668407
708,708,dreams,6.398053725313617,6.67654321453419,0.13508769497891704
709,709,police,6.861588679768168,2.873735544332791,0.07242534434423611
710,710,visual effects,5.743905908221516,8.919275029490173,0.22351778959771554
711,711,slavery,6.033044773213304,7.70047347916698,0.18443094023260342
712,712,relationship,6.16147533278593,7.160781146897983,0.16706922742365668
713,713,invasion,5.415599341879238,9.185985955950528,0.2678994720967536
714,714,military,6.679999020676913,4.206626905251711,0.09697329866841013
715,715,dark hero,6.230369288583892,7.51129376748694,0.15775589048253624
716,716,sociopath,5.54926709711194,9.11742616785226,0.24982977602216436
717,717,magical realism,5.756574384298865,8.65540053593851,0.22180521866355574
718,718,paradox,5.1501258076185294,10.222041049919286,0.3037871554919517
719,719,witch,6.017643532696534,7.345430375701036,0.18651293625943288
720,720,witchcraft,5.300236903090516,9.450479754865697,0.2834945885383111
721,721,cyborg,5.494375115249705,9.204506177711838,0.2572502749110377
722,722,open ending,6.036002225125701,8.156810208481275,0.184031141065488
723,723,ambition,5.89877877285654,8.041869821347868,0.20258150927129004
724,724,pacing,6.258291932376544,7.14766522788195,0.153981205360804
725,725,poetic,5.789540180409315,8.504041966722657,0.21734878176495087
726,726,practical effects,5.703930288790782,8.753541475390584,0.22892184005288524
727,727,black humor,5.587950242982824,8.893635539473625,0.2446004468703506
728,728,cold war,5.63369527013707,8.384878315112235,0.23841646677610848
729,729,overrated,7.195607724694124,1.342756169186795,0.027271428095480617
730,730,demon,5.475221685768561,8.728941456504355,0.25983950556661217
731,731,grief,5.685471792747608,8.552951207509853,0.2314171270644275
732,732,visual,6.29803801737854,7.416311362649835,0.1486081842092888
733,733,ironic,5.855279937935781,8.381899462972314,0.2084618408834165
734,734,mutant,5.319091628270737,9.443123437618347,0.2809457378227188
735,735,sarcasm,5.716438073016388,8.944313654849365,0.22723099203101363
736,736,transhumanism,4.417722864688731,10.951455744313822,0.40279606425859166
737,737,suspenseful,6.266843973925993,7.224183405737606,0.15282510910298344
738,738,creepy,6.6198778865029535,5.113945352497224,0.10510069349367511
739,739,weak plot,5.993864615681893,7.98465919214426,0.1897274572386279
740,740,unlikely friendships,5.959031523236477,8.250013042981827,0.19443632208588282
741,741,dancing,6.255838352098431,6.428502671225365,0.15431288931736423
742,742,women,6.0809105645569375,7.305052378458656,0.17796026747803062
743,743,musicians,5.337991833506564,8.61754954502548,0.2783907389468553
744,744,splatter,5.39626204597062,9.444899216050516,0.2705135584885301
745,745,screwball comedy,5.2376328404969685,9.315554894636023,0.2919576347092489
746,746,noir thriller,5.66140193032982,9.17097309882769,0.23467097910742338
747,747,adrien brody,5.028543458570411,9.971811231576648,0.3202231021532047
748,748,woody allen,5.129232683312949,9.752149228932886,0.30661156445724924
749,749,dysfunctional family,6.300336960911345,6.735950064803791,0.14829740461358076
750,750,love triangles,5.84822609715579,8.536026980518384,0.2094154048811891
751,751,1960s,6.62124463500158,5.111048614595186,0.10491593143241666
752,752,communism,5.21938746003731,9.377491456336873,0.29442411197668955
753,753,german,5.5834057000309585,8.384568676717565,0.24521479480935182
754,754,revolution,6.115722004898758,7.265991655838929,0.17325432964133766
755,755,tilda swinton,5.553275973387055,9.114025577261355,0.24928784146385713
756,756,feel good movie,6.133504880743222,7.85001399231985,0.17085037543950182
757,757,bdsm,4.987199384873575,9.804178778933396,0.3258121452615195
758,758,father-son relationship,6.795313916838792,4.106679263249104,0.08138460921304794
759,759,surveillance,5.7643915866948054,8.503402280791756,0.2207484606503589
760,760,hero,6.314717140838396,6.632056839743814,0.14635343929204636
761,761,russia,5.379902436733206,8.4662689095579,0.2727251103044822
762,762,nostalgia,6.14096108557448,7.339318459504851,0.16984241839753486
763,763,sequel,6.840907426403679,2.9963278039649897,0.07522111182074766
764,764,mother,5.78745210613504,8.145051034238865,0.21763105528298535
765,765,filmmaking,4.764585004254489,9.779917529619238,0.3559059714996943
766,766,movie business,6.223459587036501,6.084684880341456,0.15868996921162176
767,767,heist,6.253800158782029,6.278532194787761,0.15458841974506177
768,768,robin williams,5.257312137738738,9.354533285281988,0.28929731532630404
769,769,scotland,5.696016488572165,8.273653215796806,0.22999165651308148
770,770,indie,5.366854754200817,9.153881342357913,0.2744889437542737
771,771,afi 100,6.560420070373084,5.756553910878883,0.11313841855949339
772,772,imdb top 250,7.136073186737766,1.611320118307647,0.03531952469843226
773,773,minimalist,4.624958552884351,10.437031167753558,0.3747811859135183
774,774,edward norton,5.7485395165033415,8.736035674103995,0.22289140148163225
775,775,jake gyllenhaal,5.51460244394581,9.162222805698903,0.25451587063153785
776,776,philip seymour hoffman,5.657165617097467,8.860732037525636,0.23524365942551587
777,777,complex,6.215209291545535,7.537024921516809,0.15980527433354724
778,778,sean penn,5.288673426283523,9.618992499847566,0.2850577816293013
779,779,imaginary friend,5.468804006655777,9.25388395033369,0.26070707090329615
780,780,based on a comic,6.146188563382518,7.258147296315711,0.1691357488266764
781,781,benedict cumberbatch,5.0434705575217205,10.149104472566759,0.3182052023174821
782,782,mads mikkelsen,4.135238471034909,10.583489247010355,0.44098333784789456
783,783,good story,5.935689003261101,8.582499035439595,0.19759184931708212
784,784,storytelling,6.436976457188608,6.618951445593266,0.12982597771472418
785,785,stanley kubrick,5.509854926091025,9.451523932454396,0.25515765746034563
786,786,road trip,6.318240451124255,6.1338938180136235,0.14587714532024212
787,787,terry gilliam,4.638686147898367,10.531168796072414,0.37292543940751555
788,788,rachel weisz,5.276565209404682,9.582996858991706,0.2866946146757228
789,789,treasure,5.261987566535051,9.47575440391505,0.28866527376010376
790,790,chess,4.80723252820592,9.851912672875647,0.3501407232182779
791,791,costume drama,4.8675359010198305,10.335404914009654,0.3419886927070823
792,792,brazil,4.401603571355071,10.113065545382057,0.4049751292916604
793,793,exciting,6.463469721496443,6.456235456106411,0.1262445213400516
794,794,writing,6.356009581027333,6.528353835857262,0.1407713761901914
795,795,symbolism,6.052166101217125,7.8330008334580326,0.18184604917215239
796,796,hacker,5.344856747304217,9.262085210387784,0.27746271478960144
797,797,youtube,5.514839495704004,8.44913057692252,0.25448382510779083
798,798,disappointing,6.701723361791051,4.910771938536861,0.09403652277455468
799,799,obsession,6.609035170029932,5.135836491533271,0.1065664515663633
800,800,r,7.10028195219175,2.0226903189335257,0.040157914699483335
801,801,arnold,4.667370125446729,10.625835987025336,0.3690478344039236
802,802,spielberg,5.839425365561495,8.782219115205937,0.21060511996891604
803,803,stranded,5.108445708827757,9.61546376880775,0.30942162370155807
804,804,jesus,4.658363244506236,10.199365052409004,0.37026541751431075
805,805,dragon,5.346748453105694,9.445201120400556,0.277206987079985
806,806,short-term memory loss,5.63815599638685,9.416711677884745,0.2378134494854752
807,807,vincent price,3.7555653597935823,10.962550486869802,0.4923089377719817
808,808,pirates,4.935586239763733,10.007371385718628,0.33278939900506366
809,809,hitchcock,4.741117833769021,10.371029360927423,0.3590783494427872
810,810,london,6.508111040101722,5.358687959633235,0.12020974460454051
811,811,claymation,4.796630806298781,10.288585250237562,0.351573902764054
812,812,village,5.960076971707141,7.616131518933036,0.19429499453763707
813,813,south africa,4.246975010072454,10.244644679153613,0.4258783837973088
814,814,civil war,5.518965593939827,8.639622731880776,0.2539260440560674
815,815,seen more than once,7.083233245752237,1.9966312879533112,0.04246262119575525
816,816,ethics,5.774942110590599,8.576349476501084,0.2193222022390256
817,817,thrilling,6.156646062555639,7.686496550600037,0.16772206583761445
818,818,meg ryan,3.9231893520853407,11.051255627287375,0.469648913368577
819,819,james mcavoy,4.63984071884457,10.434248710521473,0.3727693602838846
820,820,18th century,5.234380553304733,9.516695532809077,0.29239729078792437
821,821,russian,5.1410323666715785,8.736190412530636,0.3050164401006262
822,822,ussr,3.495773879240227,11.065136697298351,0.5274285003635303
823,823,based on a tv show,5.787042354438402,7.923044431083042,0.21768644701610315
824,824,sherlock holmes,2.457449052544022,11.815819900860832,0.6677930483611967
825,825,sword fight,6.105359930976945,7.166973633608869,0.17465511269588668
826,826,antonio banderas,4.919866285935173,9.997591357529528,0.33491447986315204
827,827,vampires,5.415484885109063,8.551063694014669,0.2679149447815993
828,828,anthony hopkins,5.418847585688586,9.183268818320258,0.2674603626173664
829,829,drew barrymore,4.9254005726883205,9.98124502350452,0.3341663347368655
830,830,historically inaccurate,5.8872532297196845,8.483612939451907,0.20413957434999938
831,831,colourful,6.0366853063071195,8.177322816480574,0.1839387996528488
832,832,france,6.461271642769335,5.307839876591224,0.12654166566238814
833,833,magic realism,5.112659041947149,9.659654822579645,0.30885204991919096
834,834,fantasy world,5.880610893592465,8.224920640911737,0.20503750964363227
835,835,latin america,5.6066554274712965,7.999228530470891,0.24207181161245017
836,836,mexico,5.886984568110002,7.560702981326095,0.2041758930090913
837,837,spain,5.702758275920548,8.053202785716248,0.22908027703960482
838,838,epic adventure,5.549340855136727,9.64369404279343,0.24981980514258584
839,839,narrated,6.639396017503133,5.710668936960966,0.10246216115277311
840,840,amy adams,5.299730363197259,9.481416331935959,0.28356306445387414
841,841,ireland,5.1419304206402785,9.166236107271054,0.3048950378802871
842,842,roman polanski,4.539377692435848,10.339407974138139,0.38635031966169947
843,843,multiple roles,5.751135682445742,8.483984977101404,0.22254044227343195
844,844,hugh jackman,5.316385759601308,9.678892094787962,0.28131152704682305
845,845,criminal,5.870563122983253,7.910514954747616,0.2063958040267434
846,846,unlikeable characters,6.237295471954953,7.261178800079526,0.15681958368024082
847,847,jeff bridges,5.3318320566753155,9.351741812111943,0.2792234401097811
848,848,john goodman,5.184977242687503,9.547826551441064,0.29907581102175174
849,849,steve buscemi,5.6065980152218895,9.020150939183015,0.24207957281032425
850,850,social criticism,5.351081733715034,9.27905211207873,0.2766211983571896
851,851,jodie foster,5.217378538727082,9.597450020575904,0.2946956853075231
852,852,easily confused with other movie(s) (title),6.469361579183067,5.5761505779797425,0.12544803846707536
853,853,jean reno,4.700224680010518,10.291586491959702,0.3646064355444892
854,854,oscar (best supporting actor),6.412157670639548,6.658726728990388,0.13318107206115712
855,855,beautifully filmed,5.818693274391682,8.600249801486784,0.21340775988590283
856,856,notable soundtrack,6.158297309685187,7.738551895827926,0.16749884421080533
857,857,whimsical,6.449586417702398,6.286728392966266,0.12812131712848127
858,858,south america,5.20750115452482,8.932717677552688,0.29603094623291304
859,859,new zealand,5.32668360603602,9.220260734290825,0.27991942649890794
860,860,charlie kaufman,4.672258867260529,10.534397786600092,0.36838695640377517
861,861,directorial debut,6.832253592231801,3.9954363567736673,0.07639096877759938
862,862,gambling,5.778201798056413,7.606527718261423,0.2188815457642994
863,863,motorcycle,6.381447105739675,6.196278908706122,0.1373326385556611
864,864,new jersey,5.20228474448508,9.400601709930212,0.2967361196223699
865,865,ensemble cast,6.828234220160638,3.8089309323023715,0.07693432219600731
866,866,jack nicholson,5.352336727215994,9.355743202154486,0.27645154374528674
867,867,heath ledger,4.8014791271575135,10.118535288118963,0.3509184890164611
868,868,michael caine,5.925728547145086,8.014426200580452,0.1989383402076289
869,869,angelina jolie,5.086132797868094,9.932489248021199,0.31243796461996853
870,870,dustin hoffman,5.6588685147586055,8.73459946369887,0.235013455490922
871,871,good versus evil,5.934973364781661,8.226111683330075,0.19768859194435406
872,872,jackie chan,4.0254417288351405,10.88370545457112,0.45582606306667234
873,873,seth rogen,4.80916798000055,10.551512042773744,0.3498790817652955
874,874,nazis,6.082611970071291,6.846358375568688,0.17773026525729702
875,875,cute,6.494316058937478,5.707632775342114,0.12207460061681223
876,876,los angeles,6.879701530052581,3.372478502556171,0.06997678299064643
877,877,zooey deschanel,4.151686485300763,10.663821234339482,0.4387598351168352
878,878,animated,5.957735470330324,7.745144458145777,0.19461152725836445
879,879,cgi,6.550902843703479,5.57780876681227,0.11442499207225525
880,880,dragons,4.8526651927437925,10.535884641228241,0.34399896944505914
881,881,dreamworks,4.838057956528283,10.661172995458035,0.34597362906618073
882,882,flying,5.988390198675544,7.877170383708522,0.19046750895355405
883,883,gerard butler,4.672720300935496,10.233353968683517,0.3683245781117876
884,884,stereoscopic 3-d,5.947978193774058,7.997959323527961,0.1959305515928458
885,885,chase,6.483558000898663,5.709106753907372,0.1235289142527057
886,886,paranoia,6.426385238771046,6.195188342070281,0.1312577373603602
887,887,spaghetti western,4.4032769929353455,9.943157050629214,0.40474891004149366
888,888,hostage,6.1330473403113075,7.01328977194941,0.17091222742865309
889,889,fast paced,6.310178468476446,7.087299249237546,0.1469669936232297
890,890,caper,5.581810151280118,9.057950903840997,0.24543048692559694
891,891,cheating,6.007788807447496,7.600802239547736,0.18784513406464537
892,892,killer,6.173410081855845,7.017580501994548,0.1654558443901463
893,893,private detective,5.036472622428364,9.543231210479336,0.3191512087800468
894,894,football,4.696409714358231,9.818829164513378,0.3651221565555274
895,895,competition,5.9361027336590695,7.307607906504233,0.19753591972856543
896,896,experiment,5.8688838324955395,7.717172210256111,0.20662281665728469
897,897,gripping,5.984625550821988,8.231879123342585,0.1909764278205103
898,898,psychothriller,5.304523685460309,10.021201254987158,0.2829150856176164
899,899,love triangle,6.1774928711063986,6.751872050586046,0.16490391800546464
900,900,ship,5.584984765070807,8.525100694412544,0.24500133102145175
901,901,netflix,6.800818409296774,3.831232807915951,0.08064049178856177
902,902,complicated plot,5.631400855158013,9.415002190100376,0.2387266341853567
903,903,denis villeneuve,4.3653197286207135,10.662109271974838,0.40988011186944545
904,904,homosexuality,6.176886012965465,6.0214307475842475,0.1649859553086869
905,905,sigourney weaver,5.6120780136668245,9.123457242152744,0.24133876657611458
906,906,gary oldman,5.611278853425613,8.953110882441923,0.24144679998064392
907,907,luc besson,4.423436452797802,10.51224924775606,0.40202368051917325
908,908,netflix streaming,6.368942145182325,6.286522932331205,0.13902310486372968
909,909,kevin spacey,5.657069668759785,8.932739050019812,0.23525663007275804
910,910,modern fantasy,5.755441276408014,9.253340429056038,0.2219583963328579
911,911,imaginative,5.985288539794171,8.41545866586675,0.1908868025462077
912,912,rock and roll,5.522684571964283,8.49860640769294,0.2534232990036573
913,913,dream,6.461468830811169,6.000574963587563,0.12651500906162985
914,914,kate winslet,5.501766205779228,9.252661263448893,0.25625112025855057
915,915,melancholy,6.4056798552494225,6.478320674803442,0.1340567668397751
916,916,keira knightley,5.384459329745883,9.563852871474174,0.27210909283908713
917,917,michael fassbender,5.107457375318351,9.94760210258722,0.30955523024042914
918,918,mutants,5.202551875619921,9.939963295883068,0.2967000078584652
919,919,captain america,4.354582545227702,11.361091049189461,0.41133160359436505
920,920,chris evans,5.010064092216942,10.351845999068553,0.32272121048963076
921,921,colin firth,4.902963913737821,10.219830335604629,0.3371994043613156
922,922,cars,6.082046679598703,7.100738857029501,0.1778066832910685
923,923,cate blanchett,5.662894652795519,8.87322202531885,0.23446918742451578
924,924,bill murray,5.6362413522203205,8.891139215709869,0.238072278087182
925,925,wes anderson,5.364367046495801,9.719756154956931,0.2748252411812321
926,926,sweden,4.9341501669261625,9.798497291331795,0.3329835325840312
927,927,pointless,6.550538170167974,5.77105044865302,0.1144742899746667
928,928,italian,5.712668429018014,8.11681767653149,0.22774058629510097
929,929,less than 300 ratings,6.574920037313186,4.4523552891128295,0.1111782599913847
930,930,vietnam,5.113844812626511,9.310706232795418,0.3086917531015109
931,931,bank robbery,5.458240923220957,8.812546674873412,0.2621350271590545
932,932,clive owen,4.955940004703606,9.788187344498564,0.33003790261166005
933,933,denzel washington,5.172465353480954,9.692921488769578,0.30076721396996225
934,934,russell crowe,5.241883195512957,9.534802073697852,0.29138305617148336
935,935,explosions,6.083871073342852,7.822897855949661,0.1775600550715718
936,936,iraq war,4.112197008474156,10.782937925614743,0.44409816703659466
937,937,middle east,5.214990251970342,8.907916687109228,0.2950185426470372
938,938,thoughtful,6.2062889160505765,7.622262777821248,0.1610111633213925
939,939,mark wahlberg,5.214043843583321,9.652501949391777,0.2951464815945129
940,940,fbi,6.172820137801795,7.07953230446795,0.1655355951852363
941,941,liam neeson,5.885079428198923,8.188424488443285,0.2044334367907822
942,942,jason statham,4.8669781438682325,10.297793448475385,0.34206409235896734
943,943,ethan hawke,5.250557903584383,9.509736019537769,0.2902103774045393
944,944,genetic engineering,4.900894803549321,10.163663576332354,0.3374791142448693
945,945,afterlife,5.292196048020826,9.262346224020304,0.2845815807380094
946,946,ghosts/afterlife,5.26825337610513,9.647579800260221,0.28781823870370243
947,947,1950s,6.482120781345934,6.017294529410556,0.12372320284882268
948,948,great cast,6.329557890579799,7.013145969294849,0.14434721245836213
949,949,male nudity,6.550882378041272,5.125563523724412,0.11442775869533059
950,950,elijah wood,5.410946704334428,9.45804540618251,0.26852843265821114
951,951,naomi watts,5.195320570013481,9.631386970135281,0.2976775622005979
952,952,honest,5.864540686079472,8.301900519795911,0.20720993907592
953,953,kevin bacon,5.373686568167823,9.369577169225948,0.27356539415319736
954,954,joseph gordon-levitt,5.413986778681911,9.359334654996754,0.2681174642881092
955,955,emma thompson,5.066480557090953,9.982211176434854,0.3150946264110593
956,956,maggie gyllenhaal,5.151438754725398,9.872541377883607,0.3036096664996227
957,957,identity,6.2152218714602245,7.229453940833062,0.15980357373466542
958,958,moving,6.372127775900575,6.808934443904384,0.1385924596510198
959,959,justice,6.394458744735758,6.536913619170012,0.13557367760294542
960,960,transformation,5.937172177364778,7.807615409073135,0.197391348416678
961,961,airplane,6.2294448766274195,6.283348096592647,0.15788085587207318
962,962,anna kendrick,4.158511481558243,10.812700554188767,0.43783720715867
963,963,nudity (rear),6.640846126992239,5.022301813506608,0.10226613004790862
964,964,self discovery,5.683640337721469,8.843281864087935,0.23166470985385185
965,965,ellen page,4.846270320940707,10.112699333687834,0.3448634516061947
966,966,emily blunt,4.781749989430731,10.205482125852935,0.35358554601847364
967,967,vacation,5.35872371760175,8.99934710657631,0.27558812702297397
968,968,3d,6.398668152930183,6.062400879392316,0.13500463440629165
969,969,sandra bullock,5.075450519385957,9.761910219349133,0.3138820340982081
970,970,ben stiller,4.629506998355042,10.67084823464009,0.3741663104177478
971,971,iceland,4.662935810637077,10.092682059226894,0.36964728129947416
972,972,photographer,5.375093442169888,8.87392699999058,0.2733752077796154
973,973,workplace,5.517680812939123,9.036311253749789,0.2540997254511407
974,974,corny,6.311831421653984,6.805711015464725,0.1467435413666129
975,975,relativity,3.58745192680522,11.260952258962599,0.5150351265590014
976,976,childhood,6.398816417492014,6.376597165317959,0.1349845914605097
977,977,growing up,5.866615608676499,8.270783984517468,0.2069294434497213
978,978,water,5.630471592558562,8.547010035456818,0.23885225530255377
979,979,dog,6.322723740424024,5.721953314910898,0.14527107787398136
980,980,time,5.891337885173044,8.250413476827745,0.20358739568519627
981,981,tarantino,5.453670621897129,9.743314125872722,0.26275285720899516
982,982,christianity,6.205129514277893,5.6183972052531015,0.1611678954938171
983,983,autism,5.203772608619492,9.11849217265069,0.2965349847064561
984,984,video game adaptation,4.322838868940506,10.850253108434597,0.4156228298650628
985,985,psychedelic,5.912146639158811,8.347449279446995,0.20077439220833596
986,986,john travolta,5.463942311435892,9.084936417813566,0.2613642926459496
987,987,john malkovich,5.203154090979931,9.316332990942406,0.29661859818335035
988,988,jennifer lawrence,4.913107437498734,10.177286141011791,0.33582816571691715
989,989,realism,6.110272622243627,7.63193406090244,0.17399099712109684
990,990,alter ego,5.955053351619364,7.854457782456885,0.1949741058762116
991,991,emma watson,4.503710561565399,10.885678515162358,0.3911719328739481
992,992,cartoon,5.687436149321341,8.433379721892258,0.23115157815767964
993,993,femme fatale,5.502103252079572,8.925979559710225,0.25620555710684145
994,994,milla jovovich,4.568606915813286,10.319608899763004,0.3823990063325642
995,995,flashback,6.2864476270244065,6.573537784228273,0.1501750155720243
996,996,slapstick,5.729373272761263,8.159470289174939,0.2254823644158712
997,997,pregnancy,6.316262930150769,6.195737373101731,0.1461444738387005
998,998,visuals,6.036336168869634,8.15533367035685,0.1839859973287029
999,999,forest whitaker,5.1144732699490305,9.581539175677868,0.3086067959419177
1000,1000,affair,5.991077608628532,7.866349300328024,0.1901042150462555
1001,1001,vampire,5.49812808955441,7.985881385228986,0.25674293411711396
1002,1002,werewolves,4.478783744259493,10.485226839116418,0.39454163121324015
1003,1003,writer,6.263375327695174,6.430634808873618,0.15329401338788035
1004,1004,san francisco,5.955865244101785,7.6124455396330655,0.19486435128074428
1005,1005,shooting,6.160800635494829,7.173790581378907,0.1671604354713366
1006,1006,adam sandler,4.190236470036895,10.84002521212578,0.43354850717428633
1007,1007,oscar (best cinematography),6.432859780766893,6.380336108807535,0.13038248509115413
1008,1008,kevin costner,4.852408881866735,9.999775439625477,0.344033618486939
1009,1009,family relationships,6.298346643787214,6.197166680462887,0.14856646296248835
1010,1010,cancer,5.951376411831403,7.509793894876071,0.19547116804604717
1011,1011,paranormal,5.3871172524934465,9.233075080828808,0.2717497851200744
1012,1012,jewish,5.32629288834093,9.163699633673012,0.2799722451460749
1013,1013,wedding,6.406634479145627,5.576988118751659,0.1339277172897178
1014,1014,baseball,4.901175301445521,9.288674799899681,0.33744119551327195
1015,1015,characters,6.903944328961085,3.5132744640543,0.06669955276027838
1016,1016,battle,6.1843360742869615,7.315606310249348,0.16397882876884085
1017,1017,loss,6.2612621227286684,6.934166019301777,0.15357968416481224
1018,1018,doctor,6.117502318872345,6.6896778728824735,0.17301366028645795
1019,1019,funeral,6.058930107874453,7.355704932721459,0.18093166601122004
1020,1020,thief,5.620338701853586,8.476691781524742,0.24022205653155765
1021,1021,creative,6.52288737650176,6.138783839022643,0.11821222540194935
1022,1022,civil rights,4.146165529429124,10.842013662848212,0.43950617812579834
1023,1023,feel good,6.245274749922011,7.321132234523491,0.1557409156985096
1024,1024,sexism,5.782669235387846,8.278543361389282,0.21827762124510075
1025,1025,strong female character,5.521455512450277,9.035709310438037,0.25358944776434383
1026,1026,jessica alba,4.463725375575424,10.604689315049892,0.3965772765715881
1027,1027,godzilla,2.295763524399094,12.455251831951625,0.68965028945986
1028,1028,underwater,4.874351336854943,9.860527411935466,0.3410673571617823
1029,1029,bechdel test:pass,6.99282896737488,2.734708694247284,0.05468380222237985
1030,1030,infection,4.938483218324081,10.059917573548683,0.33239777484687416
1031,1031,korean,4.381880628186204,10.186172668537031,0.4076413488906758
1032,1032,trains,6.124243449132697,7.358909855908736,0.1721023696405448
1033,1033,fighting,6.404514190288735,6.228166978081683,0.13421434569286317
1034,1034,action packed,6.3235692075131915,7.0723790894572645,0.1451567845403668
1035,1035,zombie,5.505686628666783,8.528892774392762,0.2557211431527133
1036,1036,humphrey bogart,4.163647726221922,10.911387483548845,0.4371428708179734
1037,1037,audrey hepburn,3.3480105707517254,11.129927071778706,0.547403684885143
1038,1038,rome,5.25081379625312,9.21733906179368,0.2901757848975899
1039,1039,highly quotable,6.398681200486484,6.814573131483828,0.13500287058990626
1040,1040,understated,6.360693696067207,6.397920797292296,0.1401381603858145
1041,1041,con artists,5.176419319513174,9.645605147149146,0.300232702379137
1042,1042,steve martin,3.6947709909173554,10.985849498545132,0.5005273429268183
1043,1043,wealth,5.618107362253262,8.600886961633412,0.2405236971803952
1044,1044,meryl streep,5.450244359923309,9.200809094511287,0.2632160318350003
1045,1045,literature,6.056842405975113,7.869826089022511,0.18121388919024883
1046,1046,fashion,5.124403862336581,9.38319495024837,0.30726434213941856
1047,1047,painter,5.126446039109892,9.371124348929818,0.3069882732134456
1048,1048,painting,5.4882650742658114,8.569249488074846,0.2580762526001971
1049,1049,guy ritchie,4.534025827841301,10.767147646986064,0.3870738042933331
1050,1050,tom hiddleston,4.821939820008191,10.531661285573868,0.34815253771696025
1051,1051,character development,6.358836180003912,6.775427579711096,0.14038926620156614
1052,1052,visceral,6.610834873969485,5.702040105571136,0.1063231610049609
1053,1053,winona ryder,5.279026189068039,9.536918394229037,0.2863619304432002
1054,1054,jane austen,3.8685414171782426,11.371967941490148,0.4770364210973939
1055,1055,australian,5.038303670910984,9.33215058820651,0.3189036809486624
1056,1056,aids,5.443988958041273,9.00288401620854,0.2640616599420634
1057,1057,foreign,6.496372170126012,5.618044858673478,0.12179664798562094
1058,1058,adolescence,5.8855939830956725,8.169595491396484,0.20436387737773026
1059,1059,peter jackson,5.037871897639718,10.280775157832565,0.3189620496387875
1060,1060,ralph fiennes,5.549050336262498,9.101758907764701,0.2498590785466473
1061,1061,chicago,5.9703987076173055,7.623116216518326,0.19289966452304871
1062,1062,idealism,5.572169161693516,9.020865358630747,0.2467337911621714
1063,1063,stop motion,5.269889692118864,9.15337339737238,0.2875970355197432
1064,1064,kirsten dunst,5.310629066770508,9.510002262576982,0.2820897378401908
1065,1065,cooking,4.266856164327641,10.466345710464964,0.42319077664494925
1066,1066,teenagers,6.164616453610149,7.157599300508805,0.16664459922122749
1067,1067,brothers,6.1733895252725715,6.967566810247268,0.16545862330426395
1068,1068,gay relationship,4.44890617793153,10.39869593295047,0.3985805899138991
1069,1069,erotic,5.919803324568741,8.047736804298133,0.19973933346843784
1070,1070,masturbation,5.749550191835679,8.698414523057515,0.22275477469341673
1071,1071,coming out,4.84538373611651,10.037997697308782,0.34498330338562877
1072,1072,astronaut,5.198489690151732,9.543947168419031,0.2972491489484836
1073,1073,1990s,6.359131914409378,6.4604063863157615,0.14034928774291497
1074,1074,good soundtrack,6.504818078673102,6.271882216148385,0.12065489917526645
1075,1075,eerie,6.2979696236658675,7.010564549078099,0.1486174299215345
1076,1076,forest,6.385386821110641,5.963232298354539,0.1368000534213495
1077,1077,occult,5.775928644929625,8.055498194088495,0.2191888389185875
1078,1078,shakespeare,5.126927069838171,9.374927545349632,0.3069232457201102
1079,1079,short,5.303146382157843,7.658880096511176,0.2831012745158646
1080,1080,winter,5.812035142270848,7.97182248363011,0.21430783053973018
1081,1081,school,6.308908431596942,6.133681635631568,0.14713868185406895
1082,1082,poetry,5.129732325592107,9.324623631929557,0.30654402098638994
1083,1083,theater,6.493367533907154,5.947414691336326,0.12220282569987181
1084,1084,poor plot,5.4431726146785575,9.50187969171221,0.2641720162238091
1085,1085,loss of loved one,6.852724059388025,3.4293222725434522,0.07362369615172275
1086,1086,swedish,4.988405087426159,9.870731884442222,0.32564915398031175
1087,1087,horror comedy,5.031065595571919,10.076561482611522,0.31988215044801316
1088,1088,bad dialogue,6.142479410594014,7.387970733385526,0.16963716566775228
1089,1089,too long,7.001344371115408,2.736536117254116,0.053532658797580866
1090,1090,pretentious,6.755569591963564,4.596497428680773,0.08675739242418845
1091,1091,ballet,4.8639701603924355,9.678508258980063,0.34247072256765465
1092,1092,working class,5.027702053705464,9.709108654453487,0.32033684634049064
1093,1093,aviation,5.442376098731204,8.94697035657721,0.2642796921630226
1094,1094,alaska,4.262128482687311,10.528184207592588,0.4238298819417312
1095,1095,life,6.183960775257793,7.532766824871288,0.16402956306435107
1096,1096,irish,5.029656495602421,9.469757380819118,0.3200726377360148
1097,1097,boston,5.4768428778912845,9.07910346086735,0.2596203468855591
1098,1098,super-hero,5.944095223588553,8.213353116967243,0.19645546570542757
1099,1099,chan-wook park,3.5310169664587447,11.088634145002088,0.5226642109231923
1100,1100,michael bay,4.449681066516339,10.853538214677286,0.3984758376406617
1101,1101,not a movie,3.7360535417057665,10.915292542521758,0.4949466167102994
1102,1102,must see,6.7115092509193435,5.247317817739303,0.09271363048792927
1103,1103,outer space,5.759064834060386,8.597777004245598,0.22146855055536943
1104,1104,good romantic comedies,5.02186437174136,10.165633279039962,0.32112600554113574
1105,1105,spaceship,5.86285665664645,8.227598933018877,0.20743759233442202
1106,1106,earnest,6.300877934637439,7.168683582430873,0.14822427380654474
1107,1107,demons,5.123832442187357,9.73001060773754,0.3073415888052984
1108,1108,irreverent,6.454627289510591,5.978447563960364,0.1274398736392386
1109,1109,strong female characters,5.384139838887602,9.63735908373504,0.27215228278192477
1110,1110,julia roberts,5.078857219046801,9.863196152921915,0.313421503977225
1111,1111,richard gere,4.324852435755274,10.483463541798205,0.4153506285379336
1112,1112,sexualized violence,6.273274248910537,7.3126525726835085,0.15195584101028248
1113,1113,library,6.954713956069059,3.0536269645008955,0.05983632886559837
1114,1114,literary adaptation,6.190120325966282,7.591143974245377,0.163196892469527
1115,1115,patrick stewart,5.092468242953341,9.975883279581584,0.31158151597991796
1116,1116,christopher walken,5.892135929860819,8.18249735539533,0.20347951308526085
1117,1117,jennifer connelly,5.475123411413017,9.234455224271901,0.2598527906534569
1118,1118,tim roth,5.254329224525118,9.727675306748583,0.2897005564452498
1119,1119,kristen stewart,4.603661354521371,10.354586369572047,0.377660219087894
1120,1120,curse,5.488111431324203,8.89271555993688,0.25809702261503004
1121,1121,ben kingsley,5.309422393983446,9.457513472642354,0.2822528602812442
1122,1122,sam rockwell,5.270457390589213,9.495758758746657,0.28752029196402656
1123,1123,willem dafoe,5.6947940078380235,8.698381646128931,0.2301569159302425
1124,1124,helena bonham carter,5.405473040882369,9.419987957719787,0.2692683825049121
1125,1125,ashton kutcher,3.1805732162116067,11.37336134948364,0.5700384789146082
1126,1126,mad scientist,5.621111630505571,8.463918807031042,0.24011756920920832
1127,1127,zach galifianakis,3.9172626157205164,11.00770239980716,0.47045011126884956
1128,1128,m. night shyamalan,4.273314145268525,10.876103678703242,0.422317763159729
1129,1129,darren aronofsky,4.919649981785647,10.372685890310109,0.3349437206492698
1130,1130,owen wilson,5.305932038740667,9.573383590107245,0.2827246992697839
1131,1131,watch the credits,6.218982994050027,7.115855423110535,0.15929513142575794
1132,1132,argentina,4.006887377826665,10.341355335694228,0.45833430810303677
1133,1133,erotic movie,2.3545299363545906,11.758144195797684,0.6817060309393119
1134,1134,based on manga,3.3248231208180385,11.153267135122054,0.5505382491809006
1135,1135,based on novel or book,7.04901724740854,2.011047854391692,0.047088065005168406
1136,1136,short film,3.958803727803262,10.943337673024441,0.4648344317908118
1137,1137,woman director,6.800957436540063,2.6616714787271776,0.08062169757728806
1138,1138,based on novel,4.709690565080617,9.573012187597636,0.3633268025769428
1139,1139,teenage girl,6.020489303127811,7.457539776284477,0.18612823460343725
1140,1140,anthology,5.4778423056304195,8.500280904843155,0.25948524058813344
1141,1141,girl power,5.506173751967333,9.166656844858785,0.2556552920431734
1142,1142,classical music,5.203531201187991,9.496969622811589,0.2965676190460528
1143,1143,afi 100 (laughs),5.806697145218076,8.356927780202838,0.21502944050634282
1144,1144,19th century,6.188796705875819,6.78605755593012,0.16337582427481723
1145,1145,pg-13,6.731019814156463,4.449146246336477,0.09007612118491862
1146,1146,secret service,5.115456832015685,9.927162055405343,0.30847383442413057
1147,1147,asylum,5.265300777923176,9.226193813339957,0.2882173817257828
1148,1148,cross dressing,5.205486052925549,9.370531965379678,0.29630335503782534
1149,1149,restaurant,5.716094435566589,8.01056190117513,0.22727744619841472
1150,1150,guns,6.569177172938007,5.70602833943875,0.11195460140354066
1151,1151,robbery,6.321774706227297,6.087903887527418,0.14539937178801773
1152,1152,brainwashing,5.649059811422321,8.967258996369157,0.2363394318856323
1153,1153,submarine,4.618443185976613,10.366792839704289,0.3756619570436409
1154,1154,bloody,6.23318742360046,7.351845022247359,0.1573749246829844
1155,1155,hallucination,6.144977671875202,7.438548128433083,0.16929944156976479
1156,1156,hell,4.473271611327858,10.349405409936,0.3952867815049016
1157,1157,betrayal,6.562879734240333,5.224486116089841,0.11280591220110152
1158,1158,voyeurism,5.257995131730319,9.373219468241032,0.28920498570030595
1159,1159,wheelchair,6.011538506683319,7.600466809903047,0.18733823600651248
1160,1160,yakuza,4.223669828797625,10.427831325603986,0.42902886344639274
1161,1161,math,4.460579278306937,10.680592855384566,0.397002577507956
1162,1162,sexual abuse,5.761028909932094,8.645372103694402,0.22120303959494808
1163,1163,gunfight,5.843324374716343,8.313840283563273,0.21007803764979208
1164,1164,camp,5.81098296616358,8.114068130525656,0.21445006755449994
1165,1165,casino,5.318740328627776,9.12829362090589,0.28099322779341795
1166,1166,flashbacks,6.387025605710382,6.786791648470115,0.13657851652490444
1167,1167,blaxploitation,3.6512823159076646,10.829652574260132,0.5064063010850043
1168,1168,sweet,6.5508943604474865,5.68545071824183,0.11442613886982991
1169,1169,rescue,6.456229922995307,5.783123771746155,0.12722322378275397
1170,1170,2d animation,5.240929621818477,9.877808416497581,0.2915119637514301
1171,1171,memory loss,5.451859274709386,9.237006220017598,0.2629977217472759
1172,1172,guilt,5.991136822481199,7.769439114730497,0.190096210301063
1173,1173,police brutality,5.530973478647026,8.98378989873752,0.2523027742795976
1174,1174,police investigation,5.498536254232331,9.217218780736733,0.2566877569229913
1175,1175,new orleans,5.493773784909989,8.572920812923922,0.25733156494587206
1176,1176,voodoo,4.363402246084445,10.465613602252892,0.4101393241723556
1177,1177,virginity,4.501494372191785,10.700376649954835,0.39147152545972336
1178,1178,circus,4.999527460055255,9.402142482631978,0.3241455909655352
1179,1179,stand-up comedy,2.110783557779672,12.437510573496791,0.7146565579565637
1180,1180,terrorism,6.2371682138345115,6.6015605887292645,0.15683678689843955
1181,1181,1940s,6.23992084309663,6.853664227865654,0.1564646764063772
1182,1182,rivalry,6.032877050492685,7.419928103347707,0.18445361360346332
1183,1183,hotel,6.502258852841156,5.529730308394967,0.12100086468421804
1184,1184,vhs,6.915396189936346,3.20965842614691,0.06515144830568373
1185,1185,female lead,5.826555286834729,8.172192650195585,0.2123449442866345
1186,1186,shallow,6.379512056325924,6.751335494517684,0.1375942256133245
1187,1187,giant monster,3.89918087614548,11.008168303532596,0.47289446696295073
1188,1188,monster,6.079604927281881,6.161538840462747,0.1781367683005577
1189,1189,escape,6.64584675279906,4.59282058062961,0.10159012716034084
1190,1190,twins,5.780667019708263,7.8834390208544285,0.2185482880842563
1191,1191,bechdel test:fail,7.112240686875736,1.7238550851030299,0.03854128920292977
1192,1192,vigilantism,5.296128910043801,9.769335902422991,0.284049922064347
1193,1193,homophobia,5.719302972710057,8.09841412324766,0.22684370441135793
1194,1194,rape,6.837283169193676,3.5233912710332222,0.07571105216699557
1195,1195,monsters,5.447409787019289,9.26921138634184,0.2635992197683035
1196,1196,moon,5.286352688159312,9.322100472318967,0.2853715074975947
1197,1197,fear,6.026635527431939,7.631554056674121,0.18529736552069928
1198,1198,man versus machine,5.285989250276809,10.09791334339402,0.28542063835991366
1199,1199,soviet union,4.520195148439713,10.108563694918391,0.38894348612390395
1200,1200,adapted from:comic,6.131399698106147,7.145981114205828,0.17113496172859763
1201,1201,gratuitous violence,5.915040925179923,8.598823313093837,0.20038313203744895
1202,1202,sport,5.481817733331375,7.357601823622021,0.2589478277304274
1203,1203,psychiatry,5.161524534924771,9.57044979929693,0.30224623384108434
1204,1204,secret agent,5.469592291363901,9.285645316003182,0.2606005076931095
1205,1205,jungle,5.580823519628229,8.677774124066936,0.24556386340114386
1206,1206,video game,4.5225314844895035,10.184770190635382,0.38862765167097757
1207,1207,robert rodriguez,4.826841179694154,10.322465436123334,0.3474899539867
1208,1208,strippers,5.396996217552633,9.243828581018168,0.27041431048866293
1209,1209,muppets,3.2638885276955616,11.586338714890967,0.5587756103622494
1210,1210,navy,4.8576265518102515,9.966199706059397,0.3433282747790812
1211,1211,female nudity,6.142344894893284,7.448914206559079,0.16965534999220067
1212,1212,john williams,5.735170695234124,9.00597601988456,0.22469864764051117
1213,1213,matthew broderick,4.261333581050582,10.665125270002013,0.4239373396525297
1214,1214,oscar (best music - original score),6.07632484817509,8.157705678467954,0.1785801813918986
1215,1215,first love,5.692873951933567,8.744156036171805,0.23041647611047705
1216,1216,drug dealer,5.8332855958127645,8.133872729828635,0.21143511650124633
1217,1217,val kilmer,5.128153874546648,9.838274815653739,0.3067574017722826
1218,1218,father son relationship,5.952196450324058,7.900614890523359,0.19536031224312048
1219,1219,carrie fisher,5.024516237625713,10.24318068806419,0.3207675166110463
1220,1220,oscar (best effects - visual effects),6.320248015381923,7.234155154634379,0.14560575544073742
1221,1221,android,5.697686896595513,8.831718219263166,0.2297658446465628
1222,1222,ridley scott,5.39621352354073,9.484562799924461,0.27052011792808517
1223,1223,bruce campbell,4.329093749531371,10.637522697191205,0.41477727222804706
1224,1224,sam raimi,4.282667749464917,10.982992844616113,0.42105330873138497
1225,1225,possession,5.284565936198232,8.979127385928333,0.28561304716317215
1226,1226,werewolf,4.75097335494875,9.915041788768228,0.3577460440407526
1227,1227,nightmare,5.83088104288079,8.144885680295307,0.21176017276182613
1228,1228,devil,4.908122024595726,9.688001511699085,0.3365021120685026
1229,1229,bible,5.709939495456524,8.346817140170497,0.22810949351567947
1230,1230,basketball,4.390609542313743,9.965670180134884,0.40646134235079473
1231,1231,john carpenter,3.8598819222647083,10.910774319985649,0.47820704329400826
1232,1232,kurt russell,4.525570871898605,10.472328676003832,0.38821677616371864
1233,1233,texas,6.06620833271875,7.304927910722368,0.17994776895489542
1234,1234,islam,4.587388967298688,10.294907058929711,0.379859979912859
1235,1235,broadway,5.137591792697101,9.840370722143575,0.3054815494752297
1236,1236,nightclub,5.714295664593674,8.266016303678114,0.22752061063797444
1237,1237,psychological horror,5.0110649441078525,10.007070096437156,0.322585911670159
1238,1238,tim robbins,5.3752222881521305,9.383646153009748,0.2733577899084504
1239,1239,party,6.276552908453077,6.4822254557080115,0.15151261982082953
1240,1240,american football,4.064955575624251,10.771040919299857,0.45048443672624267
1241,1241,race issues,5.280435768349374,9.579653403607198,0.2861713783600713
1242,1242,cocaine,5.47534455268592,9.038246266522954,0.25982289596730807
1243,1243,b movie,4.7664945978795075,9.442043253765753,0.35564782564866243
1244,1244,b-movie,5.321116907673854,9.217342078471145,0.2806719531450548
1245,1245,sword and sorcery,5.213228857590008,10.028463770651108,0.29525665438209786
1246,1246,creature feature,4.754283458780434,10.216864278445515,0.35729857209727794
1247,1247,sisters,5.4336733124451655,9.10080264910025,0.26545616664572075
1248,1248,kick-butt women,4.9725149217044455,10.361107694301358,0.32779724470470784
1249,1249,dracula,4.170266347160142,10.848785077760525,0.43624814143033347
1250,1250,frankenstein,3.853122946217902,11.033092077557232,0.47912074639860963
1251,1251,kate beckinsale,4.522824729176332,10.249518336830013,0.3885880097815985
1252,1252,dark fantasy,5.571686780737275,9.332640050203025,0.24679900118426135
1253,1253,ghost,5.736915722560042,7.739069416947431,0.22446274846373293
1254,1254,haunting,5.123026972388969,9.421259920719312,0.30745047515884566
1255,1255,home invasion,4.835497831191223,10.0271245562467,0.3463197161735239
1256,1256,cillian murphy,5.3216594442883505,9.729231604616455,0.28059861106104794
1257,1257,terrorist,5.706182095563361,8.387143606045498,0.22861743257683867
1258,1258,dwayne johnson,4.409593285462433,10.814561312605306,0.4038950505143102
1259,1259,orlando bloom,4.894057651920289,10.67178306594396,0.33840338541062215
1260,1260,swashbuckler,4.247714811699254,10.873120908258478,0.42577837470739416
1261,1261,foreign language,5.8513402817136395,8.472931071898733,0.20899441802177365
1262,1262,guillermo del toro,4.749273430527014,10.403648759271746,0.3579758460419687
1263,1263,korea,3.976003871830271,10.438677575542503,0.4625092534075425
1264,1264,gory,6.076347413646545,7.750438761798509,0.17857713090892863
1265,1265,shaky camera,5.627045932870691,8.903979709025812,0.23931534850934136
1266,1266,abuse,6.150825588065967,7.237907232439522,0.16850889886892542
1267,1267,made for tv,4.443091571170751,10.13098520146156,0.3993666297241557
1268,1268,halloween,5.265289201512742,9.231787368240902,0.28821894666728887
1269,1269,ninja,4.1874292125941945,10.72188452219644,0.4339280025036155
1270,1270,fight scenes,5.39338319175282,9.474290741263646,0.2709027325317998
1271,1271,christopher lloyd,4.662320680133291,10.299444683024113,0.36973043689096485
1272,1272,puppets,5.288645502195715,9.11775190950836,0.28506155650963033
1273,1273,don cheadle,5.286642754477898,9.783193342949875,0.28533229527166026
1274,1274,pilot,5.2110326108455265,9.232200144779117,0.295553551050322
1275,1275,giant robots,3.9698416939064414,11.184199643138992,0.463342279158946
1276,1276,kaiju,2.9980593130801916,11.931865746396777,0.5947113759287779
1277,1277,ryan reynolds,4.747881290151044,10.141681696645067,0.35816404067008334
1278,1278,thor,4.428898065636496,11.30918240143778,0.4012853597184651
1279,1279,australia,5.66616458716083,7.85753352093202,0.23402714573643496
1280,1280,margot robbie,4.224639934130127,10.864807189219778,0.42889772105914964
1281,1281,based on comic,6.091205483563117,6.588793859042249,0.17656856267061222
1282,1282,daniel radcliffe,4.330449257268473,11.146746838671563,0.41459402973404724
1283,1283,comedian,2.934668032685755,11.534936979621296,0.6032808410814798
1284,1284,beach,5.976379131696108,7.287426327710362,0.19209120892122472
1285,1285,witches,5.330581326414609,9.652284455212946,0.2793925184012727
1286,1286,trial,5.339888652946257,9.032164122919689,0.2781343199569204
1287,1287,pedophilia,5.95232030073288,8.217409228000488,0.19534356969184302
1288,1288,woods,5.400206264158677,9.076692949017154,0.269980364646934
1289,1289,stalker,5.221186735337801,9.304510006404616,0.29418087936028336
1290,1290,lawyer,6.061810682304243,7.049094689333428,0.1805422594234014
1291,1291,benicio del toro,5.342722801581465,9.605228658838163,0.277751189377827
1292,1292,mark hamill,4.921699297092184,10.49097108128883,0.33466668671026445
1293,1293,plot twists,4.592321408419039,10.48331076470911,0.37919319448061034
1294,1294,wife husband relationship,6.265885279998942,6.420440497083284,0.1529547088546977
1295,1295,teenager,6.446973474300851,5.0546511712706845,0.1284745443749766
1296,1296,bomb,5.6231587343244405,8.615911979584157,0.23984083422719488
1297,1297,undercover,5.8404206682650415,8.220074384509639,0.2104705713088896
1298,1298,chris hemsworth,4.865175878559544,10.623780168947285,0.3423077291756183
1299,1299,shark,4.294006991404606,10.41091039201967,0.41952042852995036
1300,1300,queen,5.572410839431054,8.930663991398797,0.24670112028161606
1301,1301,a24,5.437977526351009,9.247490679957593,0.2648743072662226
1302,1302,brother-brother relationship,5.779066427278304,8.448877640306174,0.21876466202349318
1303,1303,hulu,6.300310950792472,6.5227395203837215,0.14830092075658832
1304,1304,goofy,5.932358321080329,7.730703840214456,0.19804210311705667
1305,1305,slackers,4.7284007245411965,10.610230629042775,0.36079749478411577
1306,1306,hannibal lecter,3.952516670510141,10.96607732665661,0.46568433919213276
1307,1307,heroin,5.638322869537291,8.576166226567576,0.23779089096261957
1308,1308,alan rickman,5.125706707652994,9.882725230664654,0.3070882187440731
1309,1309,ennio morricone,4.5546444296190485,10.483227338745742,0.3842865062874806
1310,1310,sergio leone,3.225687234022719,11.412964729478604,0.5639398009714407
1311,1311,alfred hitchcock,4.7011898111836405,10.321407258716174,0.3644759655823051
1312,1312,boarding school,5.3596807949052465,9.18768794722285,0.2754587458123449
1313,1313,michael j. fox,4.162603484692734,10.87668589982924,0.4372840352074557
1314,1314,tommy lee jones,5.237726027527487,9.548243030096184,0.29194503734560917
1315,1315,alone in the world,4.725149389986428,10.477822262068756,0.361237022081774
1316,1316,exceptional acting,6.179773497342211,7.773512417895501,0.16459561460896396
1317,1317,midlife crisis,5.281516981046296,9.400204291792065,0.28602521607290377
1318,1318,con men,4.805617900192799,10.476269171800894,0.35035899453898506
1319,1319,las vegas,5.671670179309578,8.435263673717841,0.23328287965172878
1320,1320,treasure hunt,5.2385379069652585,9.551851346569247,0.29183528451356533
1321,1321,edgar wright,3.925287921572852,11.110955038396202,0.46936522106922834
1322,1322,bizarre,6.021366661226885,7.798055828268882,0.18600963012645438
1323,1323,sacha baron cohen,4.349895423514782,10.731469418371718,0.4119652258518019
1324,1324,undercover cop,5.199888819103247,9.605011863459064,0.2970600095791643
1325,1325,funny as hell,5.75484621498171,8.713914879451671,0.22203883891304715
1326,1326,exploitation,5.543124102663832,8.725412056510313,0.25066020848115167
1327,1327,drinking,5.934858832917843,7.796869136180852,0.19770407478063304
1328,1328,ed harris,5.264654314518359,9.439759581986976,0.2883047730134427
1329,1329,jesse eisenberg,4.34716251224655,10.72037708356912,0.4123346707933273
1330,1330,mark ruffalo,5.595471185804075,8.988670389363433,0.24358373831010152
1331,1331,unintentionally funny,5.738000988588091,8.65998754007413,0.22431603823243754
1332,1332,surfing,3.1707879248369535,11.330543275125232,0.5713612903947103
1333,1333,visually striking,6.472833766406351,6.188630203953723,0.12497865549786492
1334,1334,predictable ending,6.196215749543792,7.356907748255568,0.16237289081482914
1335,1335,supernatural powers,5.748207904310634,8.40545079391801,0.22293623003079444
1336,1336,telekinesis,5.143830731181257,9.731059985653395,0.3046381469505109
1337,1337,interesting concept,4.551574666611744,10.625990183654473,0.38470148807921073
1338,1338,stupid ending,5.267668611997966,9.573989229640013,0.2878972892546254
1339,1339,jeremy renner,5.095017491472664,10.041417047986478,0.31123689924058123
1340,1340,mobster,5.443453937598269,9.090670540801462,0.26413398596251564
1341,1341,michael keaton,4.49940856929444,10.46705204710912,0.3917534919247165
1342,1342,blackmail,6.190666108199583,6.855687121185483,0.1631231116308985
1343,1343,chris pratt,4.823405686440947,10.55390078572152,0.3479543765308183
1344,1344,bear,4.739844736084125,9.918465479010422,0.359250451444495
1345,1345,not funny,6.294579024710247,6.30131752122456,0.1490757834902933
1346,1346,berlin,5.315802373737282,9.026228525660706,0.28139039128179744
1347,1347,julianne moore,5.653908996516584,8.816207146384432,0.2356839013075192
1348,1348,moody,6.056220057310468,7.863067779370695,0.18129802055912667
1349,1349,vince vaughn,4.5276498284596745,10.50765403412065,0.38793573521150543
1350,1350,female director,5.894058011418211,8.04976203254337,0.20321967906985322
1351,1351,robot,5.957373405319295,7.5220099241374,0.19466047253089588
1352,1352,colin farrell,5.1728252486323285,9.578912077441393,0.30071856202699565
1353,1353,lyrical,6.074200670064931,7.773407204656843,0.1788673355585265
1354,1354,golden palm,6.044144094508383,7.886683562206462,0.18293049338147524
1355,1355,francis ford coppola,4.742575588471691,10.275570398665486,0.3588812848299889
1356,1356,sylvester stallone,4.4664503881479,10.537999040956212,0.3962088994046465
1357,1357,prince,5.083021299752079,9.637685400659432,0.3128585883163505
1358,1358,heroine in tight suit,5.028286973995383,10.306681871932133,0.3202577746762116
1359,1359,david cronenberg,4.62994297953785,10.46160583554282,0.374107372886749
1360,1360,criterion,6.766945649569664,3.4077044947065867,0.08521953534630622
1361,1361,robert redford,4.9155549969317045,10.136335824089262,0.335497295680226
1362,1362,hugh grant,4.638003633299373,10.568992088167393,0.3730177042274702
1363,1363,frances mcdormand,4.949309943110158,10.004487710868954,0.33093417858892055
1364,1364,president,5.725517633731973,8.409102160774701,0.2260035838027855
1365,1365,adaptation,6.318766658258331,6.7547832268253245,0.14580601071512753
1366,1366,cameron diaz,5.175417690255938,9.817527248980435,0.3003681062858321
1367,1367,experimental,4.758186665729456,9.700250264021916,0.35677092230498314
1368,1368,soldier,6.073869764926391,6.996475381360045,0.17891206852552013
1369,1369,plot,6.798102076851821,3.903248631151792,0.08100769554411519
1370,1370,opera,4.397007051477733,10.219428963387958,0.4055965036615653
1371,1371,radio,5.421105132679823,8.941778432216022,0.26715517915756526
1372,1372,100 essential female performances,6.101611110315634,7.8013970079323744,0.17516189198510349
1373,1373,no plot,6.030669757522825,7.6886028208988755,0.18475200354083826
1374,1374,transgender,4.651782746069962,10.048293543542847,0.37115499336269525
1375,1375,viggo mortensen,5.147580814385263,9.930243768082404,0.30413119698615465
1376,1376,peter sellers,3.6844349706515964,11.039778981635896,0.5019246039528446
1377,1377,cary grant,4.159704457231581,10.798071973423252,0.4376759363435503
1378,1378,james stewart,4.098503764249429,10.840977954065844,0.4459492698772549
1379,1379,orson welles,3.583599697785774,11.027675173053709,0.515555884968312
1380,1380,nazi germany,4.8125119346230765,9.995726634965543,0.3494270337480973
1381,1381,paul newman,4.401858364722091,10.472597409344996,0.40494068539233824
1382,1382,david bowie,4.666992026345184,10.360507778319121,0.3690989472234595
1383,1383,christoph waltz,4.500217788927117,10.676388968992345,0.39164409865485417
1384,1384,hugo weaving,5.564354739638626,9.491915955885444,0.24779017331869532
1385,1385,compassionate,6.107919972649539,7.834675940223969,0.17430903689861224
1386,1386,faith,6.261140011753209,6.538298248865011,0.15359619157312535
1387,1387,literate,6.106747746784664,7.822248765319685,0.1744675026787264
1388,1388,reviewed,6.949689370204188,2.4496616129725908,0.060515570761453016
1389,1389,great story,6.254553400513677,7.4088683140996405,0.15448659377261334
1390,1390,alcohol,6.084730021737275,7.23258479995631,0.17744393928580168
1391,1391,alternate universe,5.423264326884597,9.583051708215326,0.2668632913871875
1392,1392,snow,6.078629761258396,6.948733800077928,0.17826859481051865
1393,1393,court,5.616298096605007,8.682685674452834,0.2407682803285542
1394,1394,egypt,4.980812110837944,9.63561418640011,0.32667560032865994
1395,1395,bar,5.959784465659835,7.6862026628507785,0.19433453657502373
1396,1396,singer,5.310279793913647,8.898738883566143,0.28213695382253146
1397,1397,army,6.382053347347879,6.1616722606185785,0.13725068459758838
1398,1398,cat,5.777473560971268,7.757517408011404,0.21897999151717307
1399,1399,castle,5.676456786747025,8.708343926217722,0.23263580855015709
1400,1400,fire,6.0304629804251055,7.2879500796883985,0.18477995642524542
1401,1401,religious,5.296569143474044,9.35747102801913,0.28399040969898615
1402,1402,concert,4.766549118012908,9.749636371214368,0.3556404554176087
1403,1403,smoking,5.999035249392067,7.781049624783889,0.1890284720608398
1404,1404,amazon,5.915319704131261,7.655043633384028,0.20034544567910548
1405,1405,jail,5.442443472496858,8.827681915491194,0.26427058433094563
1406,1406,non-linear,5.930523213808216,8.511450339662913,0.1982901796304509
1407,1407,horse,4.72930305158068,9.590043733980993,0.3606755149144384
1408,1408,daughter,6.572188086030584,5.158284547617823,0.1115475751585412
1409,1409,illness,5.249352355506373,9.291967738211286,0.2903733478033092
1410,1410,tv movie,3.2442248813499766,11.14751326768027,0.5614338139998011
1411,1411,europe,5.915974569003469,7.907823487561583,0.20025691865035336
1412,1412,storm,5.785889819639834,8.2535152238177,0.21784225088584905
1413,1413,race,5.14646601243738,9.353902168141262,0.30428189999112787
1414,1414,teens,5.342972784689929,9.317932999711893,0.27771739574685106
1415,1415,singing,5.8250843032077935,8.201187140798416,0.21254379723380304
1416,1416,fight,6.536801002477813,5.4508213155714405,0.11633133055004513
1417,1417,gay lead character,4.714269327817528,10.338496866583064,0.36270782868223206
1418,1418,mountain climbing,3.883339238068659,10.887722135775483,0.4750359975428087
1419,1419,business is the antagonist,6.017401269671886,8.06593365417493,0.1865456862612405
1420,1420,dull,6.432827846475316,6.260060033519778,0.13038680208549683
1421,1421,afi 100 (movie quotes),6.5709336459272265,5.809582129809661,0.111717154960132
1422,1422,youth,5.918016886921257,7.704688534806168,0.19998083064395364
1423,1423,forbidden love,6.170986542114848,7.158742567011201,0.16578346735701865
1424,1424,gene hackman,5.2531133765714095,9.514562882058875,0.28986491921889085
1425,1425,seduction,5.992251395805939,7.436023135160323,0.1899455382022024
1426,1426,cast,6.266028838055108,6.747658932932637,0.15293530215156675
1427,1427,costumes,6.224241928541758,7.315203113843047,0.15858420942533732
1428,1428,script,6.724661540590418,4.148142328439514,0.09093565586250418
1429,1429,computer animation,5.9399802676517135,8.009732811520283,0.19701174050041884
1430,1430,mel brooks,3.3772641186650274,11.581700815854012,0.5434490832762767
1431,1431,girlie movie,5.692027972218264,8.900475394627268,0.23053083874276778
1432,1432,immigration,4.772595744802863,9.699551787464834,0.3548230502911387
1433,1433,passionate,6.139415417011641,7.815319987935297,0.17005136752751707
1434,1434,john cleese,4.388350709921834,10.89013053481775,0.4067666995757602
1435,1435,menacing,6.3048115034496,7.0580476260556235,0.1476925195865349
1436,1436,ominous,6.444351112204899,6.369474527472552,0.12882904487503277
1437,1437,beautiful woman,5.772869780788616,8.35651336324201,0.21960234736170653
1438,1438,japanese,5.689976683574104,7.924047751817469,0.23080813944477102
1439,1439,paul thomas anderson,4.122670738769825,10.782672535756248,0.44268228986501734
1440,1440,confrontational,5.9580512914721435,8.342955970077117,0.1945688334012208
1441,1441,airport,5.648811303822315,8.581027553182203,0.23637302605197788
1442,1442,patriotic,5.499745592174669,9.493271520978226,0.25652427419649915
1443,1443,great depression,5.210414700349681,9.59238427348846,0.29563708245130793
1444,1444,whodunit,3.8975206721842737,10.722991282956686,0.47311889940702523
1445,1445,african american,4.782056789995166,9.81042879396826,0.35354407159597584
1446,1446,noir,6.337931510560746,6.857176568700738,0.1432152358807918
1447,1447,mummy,3.332709680828999,11.560742637187094,0.549472115151613
1448,1448,river,5.647188091829612,8.52585226814893,0.23659245778644297
1449,1449,consumerism,4.774348513041488,9.97841280787887,0.3545861046694664
1450,1450,silent film,4.777355932759193,9.597715406656242,0.3541795506716601
1451,1451,shipwreck,4.795196777142459,10.02416435196746,0.35176776007071503
1452,1452,70mm,6.737032840588467,3.9244650247194013,0.08926325827773778
1453,1453,iran,3.801875589401648,10.77721995317271,0.4860485515426672
1454,1454,pre-code,2.2029656145086105,12.07810106967397,0.7021950503497167
1455,1455,native americans,5.1493758694528715,9.375599405034588,0.30388853487626605
1456,1456,wrestling,2.9023811758512523,11.365281501656494,0.607645496485377
1457,1457,werner herzog,3.2827470551604856,11.18690804531738,0.5562262456399032
1458,1458,university,5.530064159753178,8.854490423557909,0.2524256993337224
1459,1459,dynamic cgi action,6.055588118274802,8.177517525335437,0.18138344838943835
1460,1460,super power,5.364757305227625,9.282037141141359,0.2747724845783981
1461,1461,indiana jones,3.3629500263075367,11.433182703473376,0.5453841146384266
1462,1462,shootout,6.055647730148619,7.735205959600844,0.18137538983829077
1463,1463,florida,5.929001533949441,7.745716905440935,0.19849588587967323
1464,1464,california,6.512527513689391,5.5836954349416,0.11961270955063621
1465,1465,boat,5.6795000550513475,8.208314621023927,0.23222440840928688
1466,1466,holiday,5.321461501800316,8.647424623611272,0.2806253696506031
1467,1467,spying,5.213566884537844,9.71255140805988,0.29521095866287383
1468,1468,inventor,5.6945703657420434,8.6096683344071,0.23018714868680232
1469,1469,hong kong,4.931571315729469,9.636858059232601,0.3333321511215738
1470,1470,theft,5.866224801587669,8.129528102418151,0.20698227418146103
1471,1471,hunting,5.229631818236287,9.316533901045414,0.2930392421641272
1472,1472,nazi,5.914981550024644,7.1027788879385785,0.20039115858811868
1473,1473,marx brothers,3.7751639642742876,11.071323303742425,0.48965952673163093
1474,1474,car accident,5.753327042542817,8.216712044934559,0.2222442062000784
1475,1475,israel,3.922061311026922,10.536747720379822,0.4698014060849378
1476,1476,reporter,5.7116697407760615,8.04943035728592,0.22787559262459253
1477,1477,smuggling,4.527775711634209,10.18733852531772,0.38791871786352355
1478,1478,greece,3.3270940105072526,10.975112132470036,0.5502312620063827
1479,1479,actors,5.791394697548648,7.568072704588097,0.21709808135470965
1480,1480,iraq,4.368228672186756,10.613707789506556,0.4094868702380212
1481,1481,baby,5.902446679681384,7.619144691905577,0.20208566821044877
1482,1482,santa claus,3.9870780350316646,10.826805096708611,0.4610122075195404
1483,1483,family bonds,5.683553086849633,8.831239838943477,0.23167650474584786
1484,1484,saoirse ronan,4.596349344469813,10.527013848591029,0.37864868335211377
1485,1485,mother daughter relationship,5.805396961748023,8.266899781835304,0.2152052040635608
1486,1486,daniel day-lewis,4.473249823157287,10.576737205375851,0.3952897269094949
1487,1487,intimate,5.614756009214468,9.053872493637858,0.2409767453425659
1488,1488,gruesome,6.075301786002691,7.919392183966182,0.1787184826784615
1489,1489,talky,6.3677123493784205,6.564519774263296,0.13918935315877798
1490,1490,wry,5.8357239820791715,8.399873787678635,0.2111054865267643
1491,1491,biting,5.938319005093161,8.2551200315067,0.19723631604955463
1492,1492,forceful,6.220695199883261,7.467322102927794,0.15906366917841322
1493,1493,unrequited love,5.926825194723732,7.978052545973626,0.198790091376693
1494,1494,class differences,5.535517177951983,8.826545753791017,0.25168854038787136
1495,1495,sea,5.398979838164826,8.870749130590664,0.2701461573987332
1496,1496,unsimulated sex,4.570729973738484,10.388498933329672,0.38211200359663666
1497,1497,jealousy,6.594637058007721,5.099873225151688,0.1085128410141124
1498,1498,best friend,5.813522765089537,7.946654124159499,0.21410672824575855
1499,1499,duringcreditsstinger,6.768546826315708,3.256008260022292,0.08500308241708365
1500,1500,single mother,5.779477235366192,8.050112541126014,0.21870912748354218
1501,1501,parent child relationship,6.893912474196357,3.1150415034053047,0.06805569558131609
1502,1502,new love,5.773703193366883,8.276418207838645,0.2194896836009678
1503,1503,government,6.161892654612387,7.260990806027113,0.16701281233270035
1504,1504,pirate,4.565998180172928,10.325374111003027,0.382751664758511
1505,1505,period drama,5.3441631012144,9.193779894690918,0.27755648440520164
1506,1506,dying and death,6.567522340612999,5.575306348052331,0.11217830769018572
1507,1507,prostitute,6.289213443483876,6.344906662341339,0.1498011223863888
1508,1508,orphan,5.915869253960835,7.4562232375100885,0.20027115552303185
1509,1509,native american,4.857084438145726,9.736756681610796,0.3434015596871639
1510,1510,princess,5.804303104549178,8.275875209519818,0.2153530756807487
1511,1511,professor,5.902999596641337,7.830936815159052,0.20201092287337455
1512,1512,gun,5.943262573170828,7.660077139689882,0.19656802643451649
1513,1513,extreme violence,5.863103600319534,8.213035836532859,0.20740420958543812
1514,1514,priest,5.896045631466318,7.537364167803531,0.20295098532154765
1515,1515,sheriff,5.718745844863743,8.29161858019665,0.22691901899145295
1516,1516,car crash,6.070659788338655,7.436276383306209,0.17934600490191815
1517,1517,fugitive,5.489065070440754,8.875549211674267,0.2579681061910884
1518,1518,sadism,5.813362009914881,8.537831496662454,0.2141284597182696
1519,1519,nun,4.803678784675085,9.833788609315402,0.35062113126745503
1520,1520,widow,5.491289718319292,8.63360012214494,0.2576673701536784
1521,1521,political satire,3.2587277140466187,11.346767382155672,0.559473268028241
1522,1522,explosion,6.109220743484483,7.315401555917495,0.1741331939392596
1523,1523,helicopter,5.721414218538575,8.65990690563206,0.22655829847786527
1524,1524,love of one's life,6.232982356055879,7.004642085591859,0.1574026464637451
1525,1525,interview,4.66124421454584,9.750239356741599,0.36987595744651053
1526,1526,london england,6.354566741035561,5.788791035002216,0.14096642457781636
1527,1527,car,5.5294755045478805,8.573689643896627,0.2525052758975237
1528,1528,mountain,5.343816311720168,8.899686173932139,0.2776033646774986
1529,1529,student,5.792173691078833,7.861690060695114,0.2169927741599414
1530,1530,gold,5.461504016139612,9.035970522350096,0.2616939103227571
1531,1531,eroticism,4.974104559204527,9.912069439383295,0.3275823516929622
1532,1532,based on play or musical,5.497812019633733,8.686736886827994,0.2567856616050935
1533,1533,aftercreditsstinger,6.621929038221069,4.517779591424095,0.10482341130183544
1534,1534,based on tv series,4.84207212346059,9.810601995940308,0.34543097929748245
1535,1535,secret,6.370735221762026,6.209465463647636,0.13878071021307326
1536,1536,brother,5.266467399362121,9.074867784929445,0.2880596735724655
1537,1537,prisoner,5.567781917562702,8.479970071994511,0.2473268748711842
1538,1538,journalist,6.201498928198742,6.583848194845663,0.16165869139974579
1539,1539,neighbor,5.73620296280386,8.130405714036325,0.22455910193466522
1540,1540,god,5.4757315893872835,8.869213217174758,0.2597705749303371
1541,1541,author,5.82987868108894,8.182026030998694,0.21189567569522982
1542,1542,dinosaur,4.284743797828153,10.598630128240938,0.4207726609199924
1543,1543,musician,5.123766271850679,9.149103470037002,0.30735053395344464
1544,1544,book,6.5208483820016765,5.875944396496048,0.11848786413658759
1545,1545,thailand,4.671101320285116,9.929943989651282,0.3685434378379203
1546,1546,gay interest,4.215293002195813,10.615637214821058,0.4301612735067006
1547,1547,evil,5.823609848429177,8.222937590070826,0.21274311942395238
1548,1548,swimming pool,5.876038064812795,8.097713206543487,0.20565568136429838
1549,1549,nurse,5.774304256518928,7.953827251969168,0.2194084296855401
1550,1550,wrongly accused,5.671510598516238,8.854069080812948,0.2333044523670779
1551,1551,mine,6.836778787597079,3.463113532137195,0.0757792363161216
1552,1552,new world pictures,5.132991161299488,9.129096321429529,0.3061034796554842
1553,1553,outlaw,4.477269524046912,10.319466603089182,0.3947463290402045
1554,1554,father,5.635223712639383,8.325476388201002,0.23820984632799672
1555,1555,brazilian,3.318813366418956,11.097222930388373,0.5513506697627027
1556,1556,cheerleading,4.247499464916322,10.840703079769574,0.42580748607319396
1557,1557,magnolia pictures,6.133873099118468,6.545770084450673,0.17080059833268807
1558,1558,remade,6.067680680139438,7.540763340522496,0.179748731645099
1559,1559,heroism,5.9422482122501314,8.416067717425152,0.1967051514540473
1560,1560,crazy,6.2237848125312425,7.378443543250234,0.1586460040396515
1561,1561,sexual assault,6.325742267238907,6.63861583324579,0.14486302237815155
1562,1562,malayalam,1.5746325497624092,12.386724405180232,0.787135412322679
1563,1563,unfunny,5.391480793722951,9.250074257980172,0.27115990565595965
1564,1564,betamax,6.931107671899068,2.662222943510511,0.0630275127054073
1565,1565,seen at the cinema,7.004864018932489,2.5759906192351045,0.05305685993170241
1566,1566,divx,7.08010877211197,2.29517738986454,0.04288499897096666
1567,1567,eddie murphy,4.386776938523187,10.766245721715261,0.4069794477498799
1568,1568,audience intelligence underestimated,5.878531980976435,8.526061158376725,0.20531854465519425
1569,1569,ingmar bergman,4.190661048173987,10.817723971394893,0.43349111114871675
1570,1570,jim jarmusch,3.9832595186615203,11.121937387201715,0.46152840852960625
1571,1571,jet li,3.298163245597568,11.334749730157903,0.5541422286281631
1572,1572,redbox,6.5983373915618735,5.274357142985842,0.10801261638939466
1573,1573,super hero,5.462160844262294,9.659369253772859,0.2616051178946248
1574,1574,afi 100 (thrills),6.641969558758878,5.350732393867396,0.1021142604324702
1575,1575,ian mckellen,5.225781006202792,10.098162779433428,0.293559809020094
1576,1576,to see,7.000995695478986,2.7213596351362996,0.053579794045478114
1577,1577,foul language,6.577641806351794,5.532522631739846,0.1108103212972153
1578,1578,oscar winner: best picture,6.4749826189006345,6.098348254937173,0.12468816575773857
1579,1579,in netflix queue,6.78149961805344,4.347006432947497,0.08325207665199993
1580,1580,blasphemous,6.436079432573938,6.088283052934379,0.1299472407832204
1581,1581,seen,6.434035426909562,5.818397547939083,0.13022355694537724
1582,1582,michael crichton,4.551297585971039,10.489136543681091,0.38473894485371096
1583,1583,national film registry,6.724150920772518,4.16940427221687,0.09100468331720378
1584,1584,memasa's movies,7.100921279370385,2.1209616777884586,0.04007148811298126
1585,1585,netflix finland,7.063671714929026,2.4086472709520867,0.045107020483480136
1586,1586,annemari,6.739004241800789,4.592141438394923,0.08899675705097813
1587,1587,library vhs,6.473804564276655,5.8916785646519845,0.1248474194908286
1588,1588,on dvr,6.869812265992561,3.7470276172968484,0.07131364987866168
1589,1589,btaege,6.88772266088388,3.5398046536205654,0.06889245718564009
1590,1590,clv,7.096663232390208,1.5152092278275555,0.040647106478601126
1591,1591,adapted from:play,5.656406851384917,8.257955400209033,0.23534623214990805
1592,1592,archaeology,4.63106210454626,10.65761987265449,0.373956085474641
1593,1593,bibliothek,6.890820070449887,3.3948391259039647,0.06847373803098056
1594,1594,can't remember,6.804822347732194,3.9200813687314673,0.08009922474548581
1595,1595,futuristmovies.com,6.432242705076937,5.984179313755799,0.13046590364002633
1596,1596,tumey's dvds,7.156935462501493,1.3573075420333853,0.03249928595185846
1597,1597,best of rotten tomatoes: all time,6.318441216685745,6.81678720620346,0.14585000509729115
1598,1598,bd-video,7.190765512192887,0.7832298333377021,0.027926016092964422
1599,1599,watched,6.91257368567822,3.4275058682688724,0.06553300475529106
1600,1600,blu-ray,6.73988761788223,4.2344273541144055,0.0888773390411266
1601,1601,afi 100 (cheers),6.363864291287834,6.7913569034635675,0.13970954772666913
1602,1602,dvd-r,6.631595626529974,4.754517798856571,0.10351664653634654
1603,1603,want,6.879804988824242,3.7104330775123184,0.06996279705546776
1604,1604,no_fa_ganes,6.890152880428542,3.5126556051907496,0.06856393121847533
1605,1605,dvd-video,7.191338586282561,0.9542528034284172,0.02784854584136481
1606,1606,bgab lrc,6.46452338639533,6.036421283150216,0.1261020830649852
1607,1607,10/10,4.536025186846057,9.763507671427012,0.3868035236299297
1608,1608,bob*ola,6.811090610962067,3.6979761584543125,0.0792518579943786
1609,1609,kaf,6.393703690138098,6.247506034131321,0.13567574864525236
1610,1610,prospect preferred,6.440525046585282,5.135834672569429,0.12934626642025543
1611,1611,perrot library,6.865233766035674,3.594045028008478,0.07193258824980765
1612,1612,lgbtq+,3.8183541068146254,11.252383702458996,0.483820925284607
1613,1613,dvd-ram,6.599243783372147,4.456690450461243,0.10789008702913401
1614,1614,might like,4.305658860827988,9.674116243503196,0.4179452862017593
1615,1615,anamorphic blow-up,6.338042477445953,6.528609608121517,0.14320023497136122
1616,1616,a list,6.163509398371479,6.791624482808919,0.1667942549977139
1617,1617,pam's list,6.122084245667958,7.092477377087448,0.17239425866271854
1618,1618,jim's list,6.6100233510492705,4.95032731051023,0.10643286564165737
1619,1619,warner,2.8768819728297776,11.431771002500664,0.6110925720193393
1620,1620,itaege,6.552087425415715,5.238041939161544,0.11426485598350028
1621,1621,etaege,6.535552678291678,5.564322085077512,0.11650008357957534
1622,1622,01/11,4.534130730653023,9.469549910738339,0.38705962314753706
1623,1623,11/10,4.522639954350538,9.403256697060627,0.38861298831840807
1624,1624,12/10,4.3324914124900245,10.10440883707494,0.4143179637215199
1625,1625,01/12,4.2064044067763735,10.664463885806324,0.4313628663476939
1626,1626,11/11,4.483014621529579,9.9576954510777,0.3939696857484103
1627,1627,12/11,4.419420830467967,10.205656117926143,0.40256652703383283
1628,1628,02/11,4.430842864857201,9.891708197522721,0.40102245464623526
1629,1629,03/11,4.493605204477202,9.689554886816811,0.392538012007925
1630,1630,05/11,4.430180336567423,9.796263866714712,0.4011120176438054
1631,1631,06/11,4.636256460907668,9.360060169563425,0.3732538933820877
1632,1632,tivo,5.88421324107661,7.584577242820643,0.2045505311342659
