,id,tag,entropy,KL_div,norm_entropy_diff
0,0,classic,6.589475227346648,3.4716028498001967,0.14200658687417564
1,1,sci-fi,6.722816679312804,3.4938996984775574,0.12464464475641727
2,2,dark comedy,6.432321040614344,4.143952088468126,0.16246910511870621
3,3,great dialogue,5.114356293747205,10.966396919662918,0.3340768633285182
4,4,so bad it's good,5.750051301091673,7.719593164468305,0.2513051538614278
5,5,tense,6.592987816547708,3.843893351334912,0.14154922444491597
6,6,artificial intelligence,5.624430112112773,9.15101850360207,0.2676618664939649
7,7,philosophical,5.836678514724383,7.942491213199909,0.24002571564670414
8,8,cliche,6.405910237971442,5.486244453802692,0.16590796692805554
9,9,musical,6.318886938434646,3.7513420874394283,0.17723897815656448
10,10,horror,6.355484073246546,3.8217989457150923,0.17247378828566612
11,11,unpredictable,5.136323441587716,9.898980563773343,0.33121659486979477
12,12,oscar (best supporting actress),5.504095344333871,8.941547947788706,0.2833302519969326
13,13,adventure,6.527937894503282,3.451656034485916,0.1500191560726792
14,14,anime,5.564887481641895,6.246939415227525,0.275414712203466
15,15,fantasy,6.568300127292813,3.1184995872697985,0.14476372545375057
16,16,hayao miyazaki,4.0290217189921025,13.377540198416796,0.4753946290153863
17,17,post-apocalyptic,6.000160755107986,6.577202729798543,0.21873924281347
18,18,clint eastwood,4.771817957111352,10.531396186095119,0.37867762840264074
19,19,music,6.874523782983498,2.193849122528328,0.10489137288225248
20,20,art,6.063459593271535,6.204824949239688,0.21049731393005097
21,21,documentary,5.96532453386026,4.30994942068957,0.22327515005001305
22,22,aliens,6.333342606332451,5.170889429300162,0.17535675424483654
23,23,amazing photography,4.414428391990727,12.148123346880219,0.42521212200250086
24,24,first contact,4.523017017314423,12.347473780809105,0.41107316221379625
25,25,james cameron,4.14315082713073,12.867852525449134,0.4605342615884802
26,26,apocalypse,5.6639957906617635,8.220375891737515,0.26251015252439025
27,27,arnold schwarzenegger,4.741019766256092,12.064559731685065,0.38268775727911664
28,28,franchise,6.23085150324742,4.986721774855373,0.18870177616494554
29,29,time travel,6.1501273574711455,5.661119095158887,0.199212595762357
30,30,science fiction,6.27259377747875,5.723760205138754,0.18326665499008463
31,31,unoriginal,5.445377420679151,9.339263893620679,0.29097571540486794
32,32,bad science,5.820249550019849,8.531496839604849,0.2421648759006904
33,33,good science,2.9628960737248207,12.707027574160291,0.6142112645810953
34,34,hans zimmer,4.666418744611672,12.262042272819599,0.3924013054715032
35,35,philosophical issues,3.0324413935509935,12.631811870615063,0.6051560023233432
36,36,space,6.103860687753489,6.281847492295207,0.20523682326081924
37,37,space travel,5.663775985658874,8.577760796322746,0.26253877259475167
38,38,time-travel,3.706835287426814,12.360100348661213,0.5173454409608229
39,39,visually appealing,6.737880782012943,4.089469136669317,0.12268319859485785
40,40,bittersweet,6.386634068090022,5.459479562679388,0.1684178521947784
41,41,boring,7.286654834272884,1.2959126273927675,0.05122917442926598
42,42,dialogue driven,5.589170598299661,9.244629148902526,0.2722528892321824
43,43,loneliness,6.000976919001845,6.4564931961153995,0.2186329728570923
44,44,love story,6.125889775579241,6.252058088744672,0.20236848980488242
45,45,philosophy,5.750241547689372,8.267249271582852,0.25128038249162016
46,46,quirky,6.707478983710377,3.2636886107449845,0.1266417145298642
47,47,reflective,5.583630935247593,8.496199100815499,0.27297419013181784
48,48,romantic,5.912251863909355,6.735396016413764,0.23018556395458326
49,49,thought-provoking,6.370198437399386,5.584047159372392,0.17055788040440148
50,50,wistful,5.1805675200196575,10.50889939713728,0.3254557221819534
51,51,american civil war,4.793627104942721,10.356438772899804,0.3758379325938538
52,52,based on book,6.058540634537693,7.706482178260188,0.21113779500744523
53,53,culture clash,5.539416211744137,8.097605776294895,0.278731240613123
54,54,drama,7.1171646952326855,1.6913245739834046,0.07329791554582173
55,55,war,6.679570348011918,3.1416467557045618,0.13027560414511483
56,56,western,5.465135848192591,7.248470937940225,0.28840303699340636
57,57,buddhism,4.594876369725496,9.364937406119115,0.4017165975537886
58,58,china,5.887466085872639,6.712229397230406,0.23341283677388855
59,59,great cinematography,5.422062731154913,10.148826670094753,0.2940114427353013
60,60,atmospheric,6.962778216907683,2.4733489767735537,0.09340005978468595
61,61,based on a book,7.209107094571519,1.5765903124282232,0.061326404871903016
62,62,canada,5.5772252254348205,7.685997173887325,0.2738082560681985
63,63,death,6.79640799855804,3.0328392947966494,0.11506256651843948
64,64,incest,5.889334712402354,7.139367805696873,0.2331695291964605
65,65,meditative,5.069369991386218,9.490608875238964,0.33993437849853214
66,66,melancholic,4.870768934658903,11.863117936988486,0.3657935543255695
67,67,nudity (full frontal),6.577143209583909,3.997688611842011,0.1436122974423056
68,68,small town,6.539162456868478,3.7318069760749912,0.148557643548193
69,69,aging,5.439909597201511,8.48655030529886,0.29168766231506815
70,70,based on a play,6.20974890692427,5.784185511605535,0.19144947427753206
71,71,friendship,6.789315967111883,2.4102135766727226,0.11598599608703868
72,72,morgan freeman,5.50069216959597,10.40579707714893,0.28377336793683594
73,73,racism,6.225549923662624,4.760880154470291,0.18939207701683133
74,74,usa,6.958712477963367,3.1484341431389518,0.09392944598212326
75,75,emotional,6.284768923331708,5.073054075061297,0.18168137018586664
76,76,heartwarming,6.087905956275489,6.706364922079546,0.2073142352009241
77,77,holocaust,5.102712832776588,8.842972235324961,0.33559291923192586
78,78,italy,6.070133611805957,5.954991846696708,0.20962831241717636
79,79,love,6.997464224204083,2.188932488029625,0.08888371140167083
80,80,oscar (best foreign language film),5.051589009779203,9.852634591694063,0.3422495803274148
81,81,oscar winner,5.367323407947467,10.11360316177965,0.30113886595650763
82,82,sentimental,5.627795227975762,8.635664077696331,0.26722370607219603
83,83,survival,6.320369094280878,4.80069693429539,0.17704599162737703
84,84,natalie portman,4.895965526637436,12.040230775355377,0.36251279080420706
85,85,robots,5.91771415322965,8.082590574558775,0.2294743376284031
86,86,star wars,4.491295189938914,12.215511550747635,0.4152035546959697
87,87,abortion,5.021231969944725,9.72522677819729,0.34620226841278584
88,88,charlize theron,5.0118707789572365,11.231911020192374,0.34742115761551706
89,89,medicine,4.117311309925077,9.236496053818055,0.463898738241916
90,90,orphans,4.236551235434837,10.381904683244143,0.4483729084695528
91,91,funny,7.061176545435606,1.6695621020806612,0.08058794427825228
92,92,relationships,5.970634255910715,6.518565809879817,0.22258378899505177
93,93,island,6.33521139217238,5.503100769295808,0.1751134259241612
94,94,dogs,5.830698948454476,7.454183187067905,0.2408042948652189
95,95,multiple storylines,5.5203641198270805,8.952791999635249,0.2812119494415382
96,96,action,6.840771266444474,2.414808534896976,0.10928617457248731
97,97,george lucas,3.935691092614803,12.76543438571576,0.4875468960642564
98,98,romance,6.962048797657058,1.8542697563320925,0.0934950350127354
99,99,family,6.7876459142402705,2.440386946991945,0.11620344805612248
100,100,mystery,6.532573260171418,3.692415986170351,0.1494156006948268
101,101,powerful ending,4.718959173683485,13.109819469863808,0.38556019286221094
102,102,twist ending,6.396517488014025,4.8609239841601966,0.16713096531814842
103,103,adapted from:book,6.997834149528339,2.371104298505238,0.08883554466902371
104,104,assassin,6.06255366527891,5.271722932928803,0.21061527176790928
105,105,assassination,3.413757618704041,7.821553073449326,0.5555060987708478
106,106,history,6.554008773658365,3.634452783916266,0.14662455455773152
107,107,interesting,6.1614928859244715,6.705532098852567,0.19773272851751503
108,108,thriller,6.736010173408365,2.5736454668071262,0.12292676425158927
109,109,dialogue,6.51423135645207,3.7049790840528964,0.15180383830593094
110,110,paris,6.352259465862485,4.285446252156729,0.17289365357083478
111,111,adultery,6.471966025783645,4.444566815925249,0.15730706490075888
112,112,biographical,5.612381997645948,8.278834464002575,0.2692306109685206
113,113,biography,6.684055122897965,3.2475735061755,0.12969165668665686
114,114,blindness,5.386391083029698,8.529829540848116,0.2986561280965513
115,115,disability,5.755809180370107,7.837329207394989,0.2505554397606801
116,116,drug addiction,5.919601858339382,7.847336688542634,0.2292285458932203
117,117,drugs,6.654182300416155,3.2593743667454307,0.13358129645865296
118,118,genius,5.251941550149426,8.906598858082004,0.31616234970436324
119,119,great acting,6.325920415956077,5.214775686769946,0.1763231726976242
120,120,music business,5.222219810921077,9.350597984622386,0.3200323174339233
121,121,catholicism,5.0794051643981515,8.003925529194733,0.33862773236257204
122,122,child abuse,5.702964291539255,7.404645062724408,0.25743619505149173
123,123,enigmatic,5.589657536624644,9.509304880906793,0.2721894866301511
124,124,mistaken identity,5.634804219942432,8.271231561977888,0.26631108879501164
125,125,queer,5.774639113932779,6.6884901817690166,0.24810365742461152
126,126,soccer,5.823382908121363,7.9695975840298665,0.24175689187778884
127,127,spanish,5.383482928523557,8.851139502190758,0.2990347891165164
128,128,alcoholism,5.778419082765017,6.46755874172783,0.2476114803926043
129,129,complex characters,4.981126234350541,10.889039942717043,0.3514243013943456
130,130,confusing,5.9194687334625655,7.495540455446667,0.22924587963581602
131,131,germany,5.8095247615198575,6.807278694213514,0.24356131455061086
132,132,suicide,6.670941531432878,3.5951433747478765,0.13139913333863273
133,133,suicide attempt,5.7905639678390175,7.6407714413082415,0.2460301357426664
134,134,terminal illness,5.212211532965992,9.055605812370676,0.3213354616549621
135,135,touching,6.135585345745284,5.979334045540304,0.2011060622136167
136,136,true story,6.449724279079913,4.1129270847623225,0.16020308795416055
137,137,deliberate,5.837878341361447,7.784646116229844,0.23986949025454832
138,138,biopic,5.899002526191804,7.000275132166426,0.23191071566966387
139,139,character study,5.430423620574869,9.547074750841013,0.2929227994362985
140,140,death penalty,5.2426178157123005,9.64613206457219,0.31737636181561435
141,141,gay,6.2016553544893345,4.132005715306209,0.19250330852660008
142,142,journalism,5.694926252672625,7.5343655687993465,0.2584828010654876
143,143,prison,6.298942069852105,3.7895485307408716,0.17983593243275067
144,144,thought provoking,5.297266526435237,9.271889434356897,0.3102607369413437
145,145,writers,5.772412717230663,8.012870411651951,0.24839354905323363
146,146,based on a true story,6.576580997732784,3.529475893147264,0.14368550115707857
147,147,joaquin phoenix,4.856928387375418,11.260251230326961,0.3675956854503675
148,148,disturbing,6.565724305140426,4.364249388778177,0.14509911459535627
149,149,murder mystery,5.211328238067572,9.62107995088229,0.3214504725137247
150,150,twist,6.178776628646158,7.126823910386093,0.19548227049199182
151,151,strong woman,5.624832495092086,8.693734646291247,0.26760947355918735
152,152,world war ii,6.357911780604258,4.202296199159127,0.17215768467345896
153,153,cynical,5.365258878681798,8.028873974763188,0.30140768137048746
154,154,nudity (topless - notable),6.347362485889149,5.275151614005316,0.17353127286772424
155,155,nudity (topless),7.091447536168262,2.041262176048677,0.07664646035710089
156,156,psychology,6.355202083727104,5.422828518479236,0.17251050519284078
157,157,epidemic,5.159476546582047,10.433242533544828,0.32820190691769424
158,158,husband-wife relationship,5.384503803410674,8.918057937353103,0.2989018644300198
159,159,science,5.841722873359211,6.4005868520910525,0.23936890666984287
160,160,george clooney,5.090417510908505,11.86918112217861,0.3371938517509976
161,161,lawyers,5.383130621944865,9.226633293695688,0.2990806617715442
162,162,depressing,6.1095766913117435,5.937461764258647,0.20449256165679452
163,163,hospital,6.644990619135847,4.627117398404833,0.1347781143723658
164,164,marriage,6.673727513399062,4.175309886057388,0.13103637999430673
165,165,jude law,5.1744952629163325,10.937773577430159,0.326246370362227
166,166,road movie,6.038012947258981,6.378556096037329,0.21381063614641013
167,167,soundtrack,7.003652436515264,2.099888513094724,0.08807796508366618
168,168,alternate endings,3.164069920629969,13.393713449686832,0.5880170943956642
169,169,beautiful,6.398114401979896,5.150726010838403,0.16692303652006144
170,170,solitude,4.16339804817046,11.184735785442165,0.457897939015463
171,171,awkward,5.429626132113073,9.386371539872496,0.2930266377274609
172,172,corruption,6.568029959345217,3.745415493728684,0.14479890311380364
173,173,murder,7.129322387770373,1.7651718133237533,0.07171490327910053
174,174,newspaper,5.757007075574275,8.398584607024514,0.25039946585390743
175,175,politics,6.163041198126458,3.8669952252052484,0.19753112799168657
176,176,secrets,5.577710956361793,9.165255470756197,0.27374501067740253
177,177,humorous,6.49822851060471,4.422485181734088,0.15388751505629214
178,178,nonlinear,5.488743017947556,9.47696523809774,0.2853292267955556
179,179,excellent script,4.936063448967486,12.57339667252942,0.35729177516149907
180,180,nostalgic,5.585010760309742,7.502584696601394,0.27279452774995216
181,181,revenge,6.7606860557241415,2.6162045332192,0.11971380058459798
182,182,effects,4.984397179009092,10.612156807764645,0.35099840268846855
183,183,environmental,5.267449940389392,9.997692132750299,0.3141430543561002
184,184,alternate reality,5.9079924186277175,8.395683302858458,0.2307401720028916
185,185,dystopia,6.421855889291829,4.739196356383585,0.1638317372847426
186,186,oscar (best picture),5.890418487234282,9.430096643295926,0.23302841451964276
187,187,mindfuck,6.01061993268819,7.637299128179075,0.21737738846833396
188,188,animals,5.269530057276558,7.660251597452004,0.31387220933033644
189,189,genetics,4.8632644316224525,11.427504806278385,0.36677069043306043
190,190,virus,5.36595511110054,8.781881794548013,0.3013170272882313
191,191,children,6.526340784459965,3.82795781078548,0.15022711040135112
192,192,cinematography,6.793013433373407,2.77978581804049,0.11550456143736028
193,193,food,5.374184539575286,8.380290492224194,0.30024550107688447
194,194,japan,6.21356343862246,4.9563026834333135,0.19095279693096218
195,195,tokyo,4.926876196013096,10.26102942140037,0.35848801647778394
196,196,humor,5.973262107486119,6.377326309193551,0.22224162527721708
197,197,sexuality,6.1942896017061315,5.002595918503444,0.19346237843014477
198,198,strange,5.533481793864283,8.865273461283167,0.27950394121157435
199,199,oscar (best directing),5.867332581194757,9.048741048885283,0.23603435272178536
200,200,us president,5.271669257706377,10.017792009673645,0.3135936712351443
201,201,racing,5.111861654657028,9.460792120033553,0.33440168189656067
202,202,sports,5.981839861305222,5.320677657255041,0.22112474479397884
203,203,happy ending,5.690264555757027,8.061063970322673,0.25908978494653667
204,204,ocean,5.604246381720194,8.110696656317051,0.2702899221632952
205,205,suspense,6.752737156424092,2.787719857518808,0.12074880003534924
206,206,disease,5.733010169797833,8.68539437154358,0.25352402226867954
207,207,matthew mcconaughey,5.047017048315394,11.523518475413475,0.34284488005700997
208,208,sad,6.369295676869296,4.707696827287897,0.1706754258176133
209,209,story,6.661971932294831,3.3906175344250498,0.13256703468332334
210,210,cats,5.511797523697295,9.26289010139353,0.2823273771195667
211,211,new york city,6.767339200616898,3.176526342651475,0.11884751695841984
212,212,wall street,4.563301723377129,11.052920928714991,0.40582782608929435
213,213,meaning of life,4.77100986950547,11.344933771650407,0.37878284677271645
214,214,original plot,5.122735844068144,11.425215479597242,0.3329857902563433
215,215,afghanistan,5.6360492354130995,9.413885187238185,0.26614897951677363
216,216,nudity (full frontal - notable),5.966917820244082,7.147716147203116,0.22306769358718742
217,217,matt damon,4.9576429232761,11.4928768005687,0.3544819843698636
218,218,lars von trier,3.9541569912508425,12.513647541256953,0.4851425134919661
219,219,pornography,5.381575686059495,9.143527965737295,0.2992831247449147
220,220,unexpected ending,4.511396133767305,11.344828369100073,0.41258627838680356
221,221,original,6.111778258998601,5.680097440705275,0.20420590293076493
222,222,wormhole,3.945620277428384,12.327600616180952,0.4862540502952327
223,223,espionage,5.746918261664386,6.697483268769098,0.25171309639082984
224,224,new york,6.590213513679785,3.6470657150001444,0.1419104570931267
225,225,future,6.366398983545168,5.259283478898913,0.17105259451560503
226,226,time loop,4.908947164446188,11.426649763016837,0.3608224953941462
227,227,tom cruise,5.133324951721638,12.00617369053948,0.3316070181532365
228,228,plot holes,6.257899696781149,6.267918073965506,0.185179921830843
229,229,education,5.141846505044573,8.990802904981827,0.3304974553476377
230,230,good acting,5.82740882444654,7.033994710740063,0.2412326908496914
231,231,jazz,5.411213307575222,8.075513687144873,0.29542410969988064
232,232,motivation,3.816179883903462,11.872961905859293,0.503108048710144
233,233,psychological,6.289282323592868,5.507416957641103,0.1810936955135642
234,234,ben affleck,5.185122363651776,11.526100013915233,0.3248626513076663
235,235,infidelity,6.573687702515337,4.660204380471498,0.1440622273990251
236,236,psychopathy,3.8485367294034223,11.914932812299018,0.498894972653149
237,237,superheroes,4.766143786771016,11.681200802140895,0.3794164430440189
238,238,talking animals,6.005053925004955,6.260965341648529,0.21810211961381346
239,239,vin diesel,4.034183884263864,12.480632592979841,0.47472248083243884
240,240,slow,6.835883965876367,2.5876702356624017,0.10992253354656754
241,241,acting,6.780843784115236,2.4448018203495065,0.1170891305484527
242,242,brad pitt,5.312287263915551,11.323622710600372,0.3083049372192479
243,243,technology,5.881373112702647,7.647764151535271,0.23420618232354776
244,244,mental illness,6.316396928530643,4.50617534258234,0.17756319397384032
245,245,computers,5.216564049854688,10.798004477718706,0.32076873506563947
246,246,cryptography,3.2031972010947802,12.935976461218505,0.5829224627665758
247,247,mathematics,4.865187699927712,11.733773696364036,0.3665202681337644
248,248,physics,4.561658979239676,11.7001323854774,0.40604172227992524
249,249,mars,4.859008920695147,10.607373694188295,0.36732478620231995
250,250,nasa,4.882396035130724,10.33265957288913,0.36427962866770014
251,251,adoption,5.7164090931496006,7.72013030730734,0.2556855926401514
252,252,oscar nominee: best picture,6.806292159957091,3.606931884457781,0.11377558309683655
253,253,dreamlike,6.158213321024784,6.70003046952948,0.19815974963600613
254,254,imagination,5.323105737053364,9.627727584957187,0.30689630020763875
255,255,surreal,6.73080358793927,3.2790570310915648,0.12360469623907465
256,256,surrealism,5.949659109952313,6.202150274514558,0.22531489222417928
257,257,gay romance,4.6243462614293875,10.82314585274486,0.39787942204358456
258,258,space adventure,3.024398243497471,13.060040853326752,0.6062032738477986
259,259,coen brothers,4.6617483712680805,13.22165392427883,0.39300941908106807
260,260,witty,6.490088538771433,4.1233721921800015,0.15494739341913916
261,261,smart,5.562094030622557,8.14812244524983,0.27577843806808944
262,262,tom hanks,5.227624136210918,11.431781815130929,0.31932863840925235
263,263,4th wall,3.241642712465365,12.663805432760359,0.5779166019988894
264,264,parody,5.961001861293134,5.701749145852167,0.22383799071057153
265,265,cult film,6.5241783565806895,3.63038509734971,0.15050867286463773
266,266,unintentional comedy,4.799891747056764,10.364617050604005,0.3750222346082035
267,267,dark,6.703704258638002,3.545156761089409,0.12713320878953122
268,268,torture,6.151586678784817,5.113095643691121,0.19902258244087612
269,269,ewan mcgregor,5.108885859419296,11.260761385147795,0.3347891501887533
270,270,ai,4.454855575012594,10.532742833616776,0.41994823443220625
271,271,inspiring,6.144191500456962,6.4092318193393325,0.19998548374565042
272,272,summer,6.095348680902415,6.587640971669963,0.20634514305241577
273,273,england,6.40448073123995,4.257266467168366,0.16609409819303841
274,274,violent,6.40904581618462,5.0986709487891435,0.16549969383187896
275,275,television,5.826427210138176,6.930945842997775,0.24136050354823693
276,276,michael moore,3.0414469897530845,13.689121078092537,0.6039834139219786
277,277,propaganda,5.598228603721503,7.8028003751904205,0.2710734768025331
278,278,christopher nolan,4.495679912336842,13.56765501419186,0.4146326347355768
279,279,magic,5.956946796332839,4.865979982349309,0.2243659870844393
280,280,nicolas cage,5.236423183330378,10.404791254690558,0.3181829440694437
281,281,manipulation,5.390493336758757,8.489485111104436,0.2981219874317687
282,282,dark humor,5.641169674213842,7.703309847459076,0.2654822643973179
283,283,kidnapping,6.478317505615729,3.8508838747166445,0.1564800600678225
284,284,bad ending,5.994846883602983,7.588309667599291,0.219431144154956
285,285,nudity (topless - brief),6.69474042020309,4.345240171433769,0.12830036005243622
286,286,oscar (best actor),5.722436088593787,9.285194711672673,0.25490083782832806
287,287,oscar (best actress),5.827769457243397,8.582919985005883,0.24118573406579205
288,288,want to see again,6.041396180079287,7.114703128645482,0.21337011677654477
289,289,animation,6.199498653513791,4.34648192748887,0.19278412530900776
290,290,big budget,5.691937716790604,8.777755003264602,0.2588719282741343
291,291,christian,4.862772914624542,8.679464957861795,0.3668346892086984
292,292,christmas,5.963512304027845,4.794223689846336,0.22351111440311192
293,293,film noir,5.972624863132184,5.704044315643975,0.2223245987218942
294,294,low budget,5.721407532537722,6.758445556826343,0.25503476265400643
295,295,plot twist,6.180395002087836,6.728906720662624,0.19527154752771464
296,296,stylized violence,4.7364032390727875,11.6002798068581,0.38328885976120103
297,297,anti-hero,5.419718954630445,9.350460666037709,0.2943166179959179
298,298,better than expected,5.601536628663679,8.916776433119361,0.27064274999760274
299,299,innovative,4.891240497666502,10.97601111656478,0.3631280209392361
300,300,movie to see,6.917224213419115,3.231649426623207,0.09933149340970318
301,301,superhero,5.921003513788135,6.750461883416611,0.22904604105011664
302,302,will smith,4.747025153877582,12.602837478559088,0.3819058159492332
303,303,chick flick,5.824003393573184,7.649397696121274,0.2416761005534063
304,304,space program,3.6662554755908303,12.632658664841014,0.5226292018158096
305,305,special effects,6.114529591735118,6.899572794936734,0.20384766114613057
306,306,off-beat comedy,4.844939641510274,12.150721531570255,0.36915669973891724
307,307,disney,5.761019082681154,6.070434036780242,0.2498770758983567
308,308,cult classic,5.612170821529008,8.406762872367935,0.26925810750065593
309,309,great soundtrack,6.70414202478684,3.802695262374018,0.12707620873122097
310,310,stylized,6.773598732746327,3.4214158250906683,0.1180324843266844
311,311,weird,6.202494017181651,5.646177394940786,0.19239410907732438
312,312,studio ghibli,4.298545551598202,13.057171673833317,0.4403008370094975
313,313,black comedy,6.309700174479249,5.4697734887766405,0.17843515580193464
314,314,comedy,6.986014184978537,1.7075296962397082,0.09037458251000734
315,315,awesome,6.042052295655694,8.138633424932335,0.21328468617344154
316,316,colorful,5.54451367781933,9.382642723235653,0.2780675166950184
317,317,jeff goldblum,4.619470122155391,11.889173178882437,0.3985143277430871
318,318,heartbreaking,5.486780618946563,9.864879290856017,0.28558474417117136
319,319,classic sci-fi,2.9477755092433817,12.869237214369726,0.6161800624413527
320,320,good vs evil,5.482404885262635,8.36571010523153,0.28615449374133783
321,321,scary,5.673235306674183,7.629290278922397,0.2613071062110469
322,322,ghosts,5.691527205840619,7.6118301860278,0.2589253795246438
323,323,bisexual,5.112172511182671,10.032232415272386,0.3343612063135702
324,324,canadian,6.161474058896069,7.617629888528697,0.19773517992158002
325,325,lgbt,6.2481649554851995,5.064347135238097,0.1864474497632262
326,326,quentin tarantino,4.427236190932506,14.126461236193002,0.4235444615667986
327,327,violence,7.005367596275742,2.0578716626477886,0.08785463989824902
328,328,courtroom,5.598307698984939,7.772802690738514,0.27106317807422825
329,329,courtroom drama,4.60904939443001,10.896903625071998,0.3998711756619091
330,330,social commentary,6.5950870753627715,3.5177247395911055,0.1412758870130828
331,331,college,6.090280461652119,5.8607277720631386,0.20700505883978906
332,332,nerds,4.944025050544986,11.262353649237012,0.3562551217899107
333,333,dystopic future,5.21082658792302,10.011306180909143,0.32151579069231556
334,334,futuristic,5.725081504955994,8.861794298688164,0.2545563870586629
335,335,intelligent,5.900847381569015,6.954188781695648,0.23167050325407607
336,336,uma thurman,4.604660942118946,11.307536899424088,0.4004425812817502
337,337,underdog,5.800068547990325,7.165698219352429,0.24479257631904117
338,338,jim carrey,4.537977984793361,12.680528978181275,0.409125144942611
339,339,poignant,5.98657983406833,6.951892440510724,0.22050756887801745
340,340,sexy,5.768902546067052,7.899413192182669,0.24885059663796757
341,341,conspiracy,6.021729472883221,5.443243817980732,0.21593085259387837
342,342,political,5.9278385875727455,7.230828243591491,0.22815606907464175
343,343,satire,6.348539765045324,4.152654637143293,0.17337798330724202
344,344,unique,5.9867312139551805,7.011922470070055,0.22048785821194522
345,345,crude humor,5.453062682722655,9.475791539304243,0.28997504327484647
346,346,sexual,5.289880890135342,9.825343279306168,0.31122239581074124
347,347,stupid,6.241853874680633,4.3920640213608095,0.18726919437462577
348,348,coming of age,6.630279226543372,3.323539178556455,0.1366936353367468
349,349,coming-of-age,5.172947141374907,10.051557111437878,0.3264479460627848
350,350,john hughes,4.077133380703213,12.604352010485588,0.46913017131299467
351,351,teen,6.052405015823193,6.5806280176667515,0.21193669329006504
352,352,teen movie,5.325662640587951,8.526222414993251,0.3065633743956455
353,353,high school,6.426952289322886,4.090015878716931,0.1631681521726606
354,354,reese witherspoon,4.482223590055105,12.053419379402499,0.41638473721480224
355,355,stereotypes,5.81809122792292,8.067624860952083,0.2424459037638628
356,356,guilty pleasure,4.905995807514957,10.381910710482742,0.36120678165661974
357,357,1980s,6.231893870954654,5.135751272884804,0.18856605297060833
358,358,breaking the fourth wall,5.294479683139221,10.211033761096243,0.31062360243653103
359,359,charming,5.156049379637749,9.833136120259523,0.3286481468021219
360,360,rebellion,5.364807894340402,8.757716997029172,0.30146640252520635
361,361,complicated,5.081060622448289,12.196459074977433,0.33841218073611934
362,362,tolkien,3.3430797024768824,13.404537494326803,0.5647088325977687
363,363,cloning,4.949339643037431,10.820605342345754,0.3555631265710742
364,364,immortality,5.384660550010838,9.79764634798152,0.2988814549822518
365,365,hilarious,6.290385462262657,5.096452982864504,0.18095005953652685
366,366,sex,6.4393154290133126,3.4021810395090943,0.16155838932296973
367,367,sex comedy,4.765204403971696,10.292371401544315,0.3795387569197697
368,368,steve carell,4.86776716347937,11.914965422819204,0.36618440485780335
369,369,jonah hill,4.884740655210802,11.197107668011583,0.3639743435705439
370,370,marijuana,5.802671775781786,7.064650540600173,0.24445361878131946
371,371,quotable,5.8402524512975145,8.117209956169031,0.23956036538239928
372,372,stoner movie,4.226786863594365,11.679841336745103,0.4496442944955096
373,373,video games,4.6505800208924,11.290192812492007,0.39446361243140465
374,374,underrated,6.339134906874774,5.736074874483938,0.17460255826705465
375,375,emma stone,4.685421281683425,12.552594039150684,0.3899270490128735
376,376,teacher,6.541428132515783,4.7375227401259465,0.14826263754018806
377,377,hawaii,5.107908509819982,9.984801959788335,0.334916407593873
378,378,jason segel,4.012189398262995,12.19439706731662,0.4775863089011017
379,379,mila kunis,4.393143106989035,12.283299245946335,0.42798360739365415
380,380,paul rudd,4.4712905352241155,11.96655918233294,0.4178082935234143
381,381,cia,5.7413679433586005,7.179810761423301,0.25243578467522504
382,382,father daughter relationship,6.009258284077747,6.817845807502089,0.21755468415553883
383,383,gritty,6.174569011091027,6.068515204205735,0.1960301302262956
384,384,buddy movie,5.24013440056725,9.86167535362976,0.31769971895150095
385,385,silly,6.591112535925114,3.7830625091043606,0.14179339842940422
386,386,spoof,5.735389041677813,6.817088189248563,0.2532142773598251
387,387,will ferrell,4.4566223357486185,12.084672581710038,0.4197181904572646
388,388,geeky,4.539352017759726,11.517864720074465,0.40894623673006225
389,389,jason bateman,4.655219861033837,11.505096532842064,0.3938594744474286
390,390,jennifer aniston,4.745564859788352,11.61247549121152,0.38209595593254864
391,391,weak ending,5.105980066978774,10.45384029199209,0.33516750365209613
392,392,absurd,5.862308100519558,6.640181994493892,0.2366885734563605
393,393,travel,5.656771509528927,7.253314985932208,0.26345080188002024
394,394,feminism,5.890660496851446,6.967613752506335,0.23299690326111672
395,395,romantic comedy,5.840745429505936,6.406620730610454,0.23949617634745388
396,396,woody harrelson,5.2680837271808265,11.241383971844893,0.3140605311090106
397,397,uplifting,5.449331008038094,9.43472590980956,0.2904609320882674
398,398,sibling relationship,6.8823892171087975,3.3867046501635194,0.10386724115126499
399,399,bad writing,5.407644309401111,9.240634706630594,0.29588881695185376
400,400,dinosaurs,4.547013833033204,11.001863260169138,0.40794861752512934
401,401,disaster,5.221876892155727,8.25848083303818,0.32007696773334116
402,402,predictable,6.889707449837369,2.705878787929267,0.10291435867425411
403,403,unrealistic,6.329984282883544,5.575399285686991,0.1757940302492064
404,404,slasher,5.465923151477161,6.473348474626672,0.28830052487992425
405,405,detective,6.157160027671752,4.949562961093934,0.19829689542194667
406,406,1930s,6.000642584550956,7.02314476854036,0.21867650542178776
407,407,church,4.739189497968607,7.36940516975193,0.3829260703587983
408,408,extramarital affair,6.5122309348970795,5.898124961077432,0.152064306470457
409,409,farm,6.019350546547981,7.412287836991803,0.2162406045931691
410,410,female protagonist,6.096356281461699,6.858615096923089,0.20621394677151314
411,411,period piece,6.408728840111541,4.259934821692255,0.16554096622056505
412,412,poverty,6.1730863240176905,5.994430644665848,0.19622318592477822
413,413,rural setting,6.051962926213887,6.836940193645073,0.21199425629162566
414,414,nudity,6.657197921899204,4.583899324916363,0.133188642524968
415,415,dance,5.624034080649373,6.589422368118191,0.2677134324192114
416,416,feel-good,5.80752501677217,7.945593790082887,0.2438216945903336
417,417,haunted house,5.624997834415132,7.861497900466288,0.2675879452818648
418,418,conspiracy theory,4.851950164080373,10.999521429588386,0.36824388316700696
419,419,exorcism,4.96852440256589,9.779717834267412,0.3530651435390552
420,420,bad acting,6.71055338418968,3.6263658636955904,0.12624140718071358
421,421,siblings,6.230094785244914,6.083286842333963,0.18880030587168908
422,422,artist,6.414526784958747,6.366868658327725,0.16478603531682254
423,423,stephen king,5.209643910643027,10.772113030847926,0.32166978312434963
424,424,zombies,5.643983793304884,7.413922274526456,0.26511584741257144
425,425,feminist,5.515124535946729,8.586726611595868,0.2818941780412005
426,426,friends,6.582948996716188,5.091647008584186,0.1428563454209924
427,427,lesbian,5.9377741266547295,6.059414782750621,0.2268623959376947
428,428,hollywood,6.24072541477746,5.956811658661523,0.18741612734432278
429,429,hackers,5.047781865121527,11.481733441085845,0.3427452958322773
430,430,hacking,4.901669865868423,11.261340979791035,0.3617700479730161
431,431,internet,5.507903345225811,8.624220622530679,0.28283442500468553
432,432,fun,6.475018863291554,4.557210323077674,0.1569095651936108
433,433,kids,6.041166958588854,6.956100038853299,0.21339996293608754
434,434,schizophrenia,4.846745648253975,9.392145032748402,0.3689215456732755
435,435,childish,5.809818573786316,8.245375049419614,0.24352305824329964
436,436,sexist,5.8877445178056576,8.530973248142544,0.2333765830880802
437,437,illogical,5.535505897407008,9.154383159886251,0.2792403894950529
438,438,johnny depp,5.199541210446318,11.011321617788457,0.3229852217479881
439,439,serial killer,6.385345391697337,4.133256893876876,0.16858564641486837
440,440,rachel mcadams,4.665338405159203,12.18639145014223,0.39254197283911263
441,441,realistic action,4.423435565033712,12.206665675156009,0.4240393282859855
442,442,remake,6.641463570361761,3.669411851437872,0.13523735953401095
443,443,light,5.833197625337785,7.862952857678222,0.2404789505497092
444,444,spy,5.784177631497025,5.748488597338753,0.24686167912455753
445,445,life & death,4.415800674368688,11.834797346961146,0.4250334417281821
446,446,deception,5.477222475978406,7.817218810623332,0.2868292778290808
447,447,harrison ford,4.937051083643747,11.873668199536368,0.35716317857109225
448,448,great visuals,4.394294809911967,11.630547405977733,0.42783364802850576
449,449,marvel cinematic universe,4.696613787024273,12.06942810118389,0.3884697105257403
450,450,redemption,6.185631849638896,6.104476319912088,0.19458967521628895
451,451,antihero,4.012061652274587,12.05128190118382,0.4776029422767235
452,452,punk,4.735138401507557,9.299241936770901,0.3834535500077229
453,453,great performances,4.967283312951473,10.48768541775225,0.35322674164475104
454,454,kevin smith,3.87558037402835,12.782037415807954,0.4953737106171664
455,455,gene wilder,3.378772737679732,12.789068260570716,0.5600613624970511
456,456,nick frost,3.9559529128863504,12.644930534337554,0.48490867257435233
457,457,simon pegg,4.380481363057525,12.18148267948321,0.42963225049755965
458,458,bd-r,6.944947487628827,1.9457477847543418,0.0957217390906492
459,459,space action,2.6811367852025523,12.847837955032315,0.6508981941617484
460,460,hallucinatory,5.597893247750748,9.840075669776457,0.27111714237589557
461,461,pixar,4.82095611060411,11.394879818390965,0.3722795146568018
462,462,intense,6.203526672908657,6.2620852125429165,0.1922596504472774
463,463,inspirational,5.963218306510065,6.607890577352634,0.22354939483137487
464,464,post apocalyptic,5.308103724851694,9.788747695946189,0.3088496617741635
465,465,bradley cooper,4.577001582097784,11.831580014703807,0.404044013549216
466,466,entertaining,5.5616567670637655,8.383302672978841,0.2758353726858396
467,467,excellent acting,4.678970178578902,11.248360113875858,0.3907670254571441
468,468,investigation,6.227345311309703,4.928443200710505,0.18915830562805538
469,469,dvd,7.1077089482244915,2.3588197541535507,0.0745291165700771
470,470,art house,4.926555518376137,10.512348635103615,0.35852977083465676
471,471,mother-son relationship,5.724168764835856,8.298104001766955,0.2546752318807398
472,472,cheesy,6.553752581608045,4.412529614244154,0.14665791246319237
473,473,ridiculous,5.952860352425768,7.6272211826934395,0.2248980692054593
474,474,surprise ending,5.166366039430147,10.914492101612046,0.3273048492189391
475,475,insanity,5.8816826642442415,6.634728365814015,0.2341658766581423
476,476,martin scorsese,4.940896696118918,11.77163558423131,0.3566624543010567
477,477,psychological thriller,5.563361997967425,8.475814510403577,0.27561334030348444
478,478,mind bending,4.2935962450624965,11.554922675109257,0.440945269572132
479,479,freedom,5.326562712736587,8.973633632296096,0.3064461790275435
480,480,hope,4.494909179842287,9.326424162480901,0.41473298922220814
481,481,aardman,2.926694713277344,13.69073973083892,0.6189249220027403
482,482,tear jerker,5.113701793425709,10.465932642175018,0.33416208361471067
483,483,strong female lead,6.0445068470177095,6.7260639691273125,0.21296508729369334
484,484,tim burton,4.743225643432414,12.794783427876856,0.382400537428954
485,485,jack black,4.860715562151441,11.312253227420662,0.367102570156649
486,486,marvel,5.214862369094274,11.302000779497561,0.32099030519577954
487,487,masterpiece,5.352183833541258,10.12620852755914,0.3031101390351509
488,488,bruce willis,5.367996439145303,10.333247258557341,0.3010512328272145
489,489,great ending,5.365517972336736,10.723635494863693,0.30137394565684567
490,490,supernatural,6.184184175477507,4.776202485494064,0.1947781720012331
491,491,morality,5.408822339923551,9.613923597385778,0.2957354295584966
492,492,epic,5.921798176058372,6.551651807420792,0.22894257074785443
493,493,historical,6.174805850756166,5.358062888698391,0.19599929212983944
494,494,medieval,5.181552951232874,9.564892256590106,0.3253274124970609
495,495,space opera,5.064994528258294,10.118678519658442,0.34050409284051086
496,496,crime,6.80551560452462,2.552991028677778,0.11387669576863504
497,497,vietnam war,5.033102568268875,9.275821638534815,0.3446566377182936
498,498,biblical,5.4494928735276105,9.17382228595322,0.29043985612712847
499,499,british,5.969239632776629,5.103337488575093,0.2227653781841078
500,500,british comedy,4.834327605449003,11.396548163896794,0.3705384572729069
501,501,controversial,5.925024758488549,7.596495182870655,0.22852244829857196
502,502,monty python,3.0979653909812077,13.587162193558934,0.5966243429336113
503,503,akira kurosawa,4.087177577479577,11.7048307996892,0.4678223502230094
504,504,french,5.935434103109106,5.003651075792488,0.2271670825355549
505,505,stylish,5.5756653336594155,8.668624653906608,0.27401136433134704
506,506,farce,5.265119297320673,8.77744910405628,0.3144465195536032
507,507,mockumentary,5.121258141731419,8.739153263012966,0.3331781969090323
508,508,long,6.730562031788063,3.4790275743865435,0.1236361484533231
509,509,samurai,5.054265988045753,8.685072443371048,0.34190101998830785
510,510,toshiro mifune,4.026672743550903,11.220974597699389,0.4757004812094699
511,511,existentialism,5.464005239569984,9.314168877017758,0.28855024974063614
512,512,scifi,5.442803097138754,9.419193800007662,0.2913109094172452
513,513,memory,5.821749219777436,7.530634363567116,0.2419696089439935
514,514,anti-war,5.20409097858087,10.50243243835781,0.32239281173717343
515,515,nature,5.878458199014217,6.204794702204026,0.23458572343391182
516,516,wilderness,5.549961746668524,7.642208021685485,0.2773581419685659
517,517,deadpan,5.452554513531549,9.327189728759063,0.29004121027656965
518,518,hip hop,4.554103647359623,10.364002702251542,0.4070254766402364
519,519,clever,5.875031421292347,7.191033764270916,0.23503191263899587
520,520,sad ending,5.750738864453904,8.860870429890394,0.25121562854787133
521,521,comic book,5.944253351934915,7.244898710847179,0.2260187577994881
522,522,brutal,5.7559269345498265,8.216904087804892,0.2505401073848714
523,523,vengeance,4.8756232084074576,10.22793473614654,0.3651614956626149
524,524,intellectual,5.325465610395259,9.715651462418926,0.3065890290345483
525,525,depression,5.902381689112104,6.257706471229758,0.23147072622779383
526,526,finnish,5.7330758903671395,8.058400064452428,0.25351546501432676
527,527,mythology,5.6492335899932,8.258074796771846,0.26443228903752336
528,528,cyborgs,4.833914734357931,11.301471028369935,0.37059221582945173
529,529,nuclear war,4.73421100140596,10.636724169663038,0.38357430365669337
530,530,high fantasy,3.7892801334290276,12.135572563128019,0.5066105747726156
531,531,wizards,4.322174326987798,12.384482489129237,0.4372242136146074
532,532,scarlett johansson,5.2140255747551825,11.616446416469746,0.32109926137306394
533,533,007,4.142340443431261,12.391583418844496,0.46063977892518143
534,534,bond,4.082488661936855,11.844754725341708,0.46843287814997725
535,535,james bond,4.327428683017242,12.655476163848157,0.4365400615830812
536,536,sean connery,4.927995118543493,11.574628232535783,0.35834232533732785
537,537,spy thriller,4.185242191396632,12.235241608524,0.45505368657398615
538,538,business,5.976404516307568,6.556325527558522,0.22183246279050453
539,539,michael douglas,4.560871308491439,11.380578976505584,0.40614428223961585
540,540,stock market,4.476968654691937,11.576365893376641,0.4170689646794246
541,541,daniel craig,4.029585983910633,12.133627525718126,0.4753211579776096
542,542,poker,4.353031007525353,10.382344867985662,0.4332064689932636
543,543,spies,4.925301484139334,10.543520003773398,0.3586930544161089
544,544,1920s,5.700087772209013,8.420559801344137,0.25781073696157186
545,545,leonardo dicaprio,4.8601471530258715,12.895408140666671,0.3671765807976899
546,546,prostitution,6.323150121312791,5.7678053396282944,0.17668388344838212
547,547,fairy tale,5.596323145325083,7.27328017690772,0.27132158013348256
548,548,cerebral,5.747943786080957,8.874668673769019,0.2515795663047365
549,549,satirical,5.941847902439749,7.477097500253211,0.22633196329025224
550,550,neo-noir,5.686900360976777,6.875001344959996,0.25952782543721914
551,551,astronomy,4.404754754899477,11.276508066917355,0.4264716937618448
552,552,catastrophe,2.9808728603490438,12.098942455595015,0.6118705676392902
553,553,natural disaster,4.637986620774119,10.394873214059963,0.3961033567171866
554,554,cyberpunk,5.289212308274411,9.375002835947603,0.3113094496068361
555,555,virtual reality,5.0271778209930265,10.606242325167475,0.3454280791399134
556,556,amazing cinematography,4.8162061294763046,11.055209054666323,0.37289799372827864
557,557,fascism,5.43873041057886,9.400559699118592,0.2918412002403465
558,558,philip k. dick,4.548930807205914,12.914020734112327,0.4076990147636694
559,559,teleportation,4.4931469343206825,11.305631474386722,0.4149624452862619
560,560,alternate history,4.289772521580456,11.918519690799815,0.4414431437499709
561,561,james franco,4.6335949713196065,11.673047153368428,0.3966751786263262
562,562,robert downey jr.,4.9333895960627645,11.65978676273495,0.35763992855775095
563,563,atmosphere,5.317625710244958,9.64048117657671,0.3076098360725059
564,564,steampunk,5.274209168486312,10.305457532221702,0.3132629579925985
565,565,artistic,5.143832836177012,9.998940752364163,0.330238821849655
566,566,sci fi,5.259504661535777,10.057388473821039,0.3151775824006945
567,567,twists & turns,5.291820069481075,10.499992736914365,0.3109699017883639
568,568,joss whedon,4.024734980783757,12.509337435260408,0.4759527907839125
569,569,anne hathaway,4.859700713752678,12.006110343561975,0.36723471015436016
570,570,christian bale,4.84064315508591,11.912602680528229,0.36971613078987414
571,571,atheism,4.555895551405687,11.176759824418083,0.40679215883943554
572,572,david fincher,4.559967050631167,13.248773867447293,0.40626202261515604
573,573,meta,5.29285394818044,9.489933747503372,0.31083528391919807
574,574,samuel l. jackson,5.737450487297117,9.373156846295323,0.25294586345707
575,575,michael cera,3.978753870590819,12.88700891792137,0.4819398365368167
576,576,gwyneth paltrow,4.728374083167778,11.919839710892091,0.384334309154632
577,577,humour,4.945681563307873,10.595533378135933,0.35603943283285727
578,578,iron man,4.177182588486541,12.254547259277185,0.45610310036957485
579,579,found footage,5.748403038506216,7.784165914099733,0.2515197685906183
580,580,lovecraftian,4.8651048279814,10.651086710638278,0.36653105861124785
581,581,visually stunning,6.096216525929931,7.373112380496649,0.20623214386939548
582,582,parallel universe,4.538363895041597,11.562472391142615,0.40907489686675974
583,583,dystopian,4.908725399057406,10.526864729603107,0.36085137071976303
584,584,post apocalypse,4.029242776427781,11.169255534573681,0.47536584586996267
585,585,tom hardy,4.699394144932256,12.135263131433103,0.38810768947112245
586,586,x-men,3.990881634251445,12.700648398564299,0.48036072120854595
587,587,colonialism,5.6204119847874185,8.753266987693486,0.26818505334258486
588,588,mcu,4.475981125775148,12.632480412400048,0.41719754749924626
589,589,genocide,4.514162844735171,10.390627608775954,0.41222603425437243
590,590,steven spielberg,5.2745551465207825,11.500984533235204,0.31321790935603483
591,591,cult,6.40799715946345,6.1054005532447295,0.16563623589757487
592,592,satanism,4.266477780403195,10.718067362567373,0.4444762736732181
593,593,scientist,6.009400740178188,6.245289380180078,0.21753613542568992
594,594,thoughtful sci-fi,3.1218492415887837,12.733853753593003,0.5935145070522443
595,595,claustrophobic,5.692776019016403,8.615455473641148,0.25876277575999185
596,596,body horror,4.979670691361861,9.820176028119532,0.35161382275283354
597,597,product placement,6.111971344361735,7.800004164817796,0.20418076193485493
598,598,photography,5.856977499917468,6.521877795161311,0.23738265303732875
599,599,alien invasion,5.744403814367119,8.341706513829314,0.2520404941189151
600,600,dc comics,5.33227576720844,9.432841947560181,0.3057023014141433
601,601,own,6.674360687905411,4.428248543141158,0.13095393647079948
602,602,disney animated feature,5.0180237556681435,9.947010452607863,0.3466199992065491
603,603,80s,5.690157809720887,8.563101925943357,0.25910368398898326
604,604,star trek,4.215476965865386,12.764726264152864,0.45111691825078515
605,605,campy,6.1344857237986545,5.6235329394851,0.20124924028995594
606,606,favorite,6.429259119010994,6.058186809668091,0.16286778763537754
607,607,prequel,5.49648415814716,9.509319913953954,0.2843212789587112
608,608,dumb,5.164621302868909,9.180197892260011,0.32753202550013516
609,609,gothic,5.572238588701817,7.880540022086767,0.27445754927030547
610,610,nicole kidman,5.043794600675066,10.970267140136947,0.34326446412920886
611,611,black and white,6.26926917597501,4.869034416858673,0.18369954017335985
612,612,unusual,5.295436382369321,9.876415449034235,0.31049903384655264
613,613,based on true story,5.116757166206432,10.109430934448032,0.33376425379821395
614,614,owned,6.805149613625584,4.213874074356424,0.1139243502130032
615,615,john cusack,4.745921694613891,11.33498056543791,0.3820494936697245
616,616,greek mythology,4.853163689693202,10.80231564957715,0.3680858740772776
617,617,alcoholic,5.688448937199123,6.799112577676706,0.25932619053418743
618,618,bad script,6.049270385898851,7.665913328020112,0.21234484291274078
619,619,hitman,5.618339036612533,6.809069537894532,0.26845496495442633
620,620,keanu reeves,5.012878392232185,11.025844164122478,0.34728995967895054
621,621,secret society,4.144983852858386,10.430217600636691,0.4602955894717852
622,622,apocalyptic,4.28376076988105,11.221970910259486,0.44222591372504155
623,623,desert,6.04695212520379,5.653114271729402,0.21264669584300389
624,624,harry potter,3.6083934426347,13.107435908251752,0.5301632225736993
625,625,world war i,5.25370656820095,8.712047185256587,0.3159325326385109
626,626,over the top,5.939060103168854,7.055064151873604,0.22669495325971412
627,627,androids,5.004351584005431,11.15035820764185,0.3484002067079067
628,628,jared leto,4.693517907041979,11.814689497744961,0.38887281464875334
629,629,ryan gosling,4.773737929637322,12.651555457804616,0.3784276352356844
630,630,mafia,5.60571509352663,6.156564786091183,0.27009868613732574
631,631,marlon brando,4.427251954452904,11.794711202266141,0.42354240905181023
632,632,boxing,5.2447501420493285,8.833959475127806,0.3170987187729314
633,633,robert de niro,5.287549766775349,10.49953865102305,0.3115259235453561
634,634,1970s,6.410945736816133,4.650650649823778,0.16525231155467804
635,635,al pacino,4.777075378781501,11.53925935391645,0.3779930772043461
636,636,david lynch,4.042605503310272,13.029368669060043,0.47362593013297105
637,637,mel gibson,4.799381156187932,11.621728124866761,0.3750887169284407
638,638,finance,3.5449901602793914,12.161980184000996,0.5384187507841477
639,639,divorce,5.964652402729664,5.980999024284994,0.22336266598457716
640,640,double life,5.727539379527759,8.287418771351748,0.2542363554749471
641,641,prison escape,4.9690941593462625,10.597178439266035,0.3529909574244137
642,642,royalty,5.835692804140066,6.987622076648186,0.24015406170756834
643,643,batman,4.366550409193811,12.333298053800373,0.4314461531591892
644,644,mask,5.847478028955555,7.647177644774436,0.23861954721058193
645,645,vigilante,5.498094788680113,8.021500661683504,0.2841115641725446
646,646,scenic,5.473768243715589,9.612704740345858,0.28727904179762936
647,647,on the run,5.913286631291262,7.987985694074807,0.2300508303730517
648,648,car chase,5.6558691942477,6.953135664106788,0.2635682893188746
649,649,sniper,5.1214983495605555,9.174770041430907,0.333146920255267
650,650,good music,5.17379691398442,9.99272246971389,0.32633730002854666
651,651,independent film,6.955516270159565,2.8688741367486514,0.09434561345343606
652,652,good dialogue,4.791194551666471,10.706720508954378,0.3761546671768201
653,653,gangster,6.21117038193923,5.027659498765276,0.19126438879535332
654,654,organized crime,5.734497009462283,7.079152915228521,0.25333042587527055
655,655,gangsters,5.5947294014483555,8.72107645700384,0.2715290961649211
656,656,dramatic,5.0835009552097965,9.760632809735702,0.33809443321253524
657,657,grim,5.32886434398608,9.680162177930022,0.30614649136147354
658,658,addiction,5.607736669154368,7.214980041271513,0.2698354635721149
659,659,drug abuse,5.365571808328608,8.924502884158539,0.3013669358533604
660,660,alien,6.076924607790146,5.322999536823824,0.2087440796638886
661,661,mental hospital,5.090743587335249,9.447141317365208,0.33715139443585956
662,662,psychiatrist,6.008573053223568,7.614860506149306,0.21764390576106463
663,663,downbeat,5.668896641291579,8.705740659113298,0.2618720292423351
664,664,somber,5.263520553821366,9.323782283515929,0.3146546865690873
665,665,tragedy,5.347764511101408,6.664651179876001,0.3036855641506646
666,666,wwii,5.715530493485231,7.476918415414276,0.2557999921482754
667,667,psychopath,6.429085891647086,5.848135049115559,0.16289034298797825
668,668,paranoid,5.295056660315617,10.430056509425967,0.31054847617840087
669,669,ending,6.526465931547111,5.32659299128936,0.15021081541992407
670,670,kung fu,5.171884569799084,7.945821892541526,0.32658629993491833
671,671,martial arts,5.924941237296379,5.113871394782631,0.22853332331217566
672,672,brutality,5.608178893530323,8.240162130831328,0.269777883023042
673,673,africa,5.93789176717369,5.98797923470871,0.22684707836127127
674,674,isolation,5.867233009145847,7.283338215071451,0.23604731766347625
675,675,madness,5.581900651187148,8.02639567742316,0.2731994846014802
676,676,bullying,6.069587412694762,7.055610246648744,0.20969943116692377
677,677,gang,4.834056207638548,6.75587335673479,0.3705737950692676
678,678,realistic,6.160514251927875,5.3892204720549675,0.19786015315968625
679,679,suburbia,4.442153034344513,10.617396461156487,0.4216021895420071
680,680,gangs,5.024107388759782,9.687441903539662,0.3458278697970875
681,681,police corruption,5.9116673277982,7.3137126585003625,0.2302616744361925
682,682,slow paced,6.249927323601517,6.008597198803193,0.186217977736527
683,683,tension,4.988319333938322,9.780171633511552,0.3504877120828536
684,684,capitalism,5.370320981488408,8.645872426010772,0.30074856198468075
685,685,greed,5.595244140942516,8.152060785970086,0.27146207366612896
686,686,bleak,6.268856573002267,6.2760659463837065,0.1837532638191185
687,687,cannibalism,5.436765464689271,8.723407031037429,0.29209704923776275
688,688,mentor,4.5614177813232475,10.962460606313488,0.4060731278496277
689,689,sacrifice,5.625554741287836,8.486042084700966,0.26751543231049474
690,690,immigrants,5.1426063433557765,9.313126657180742,0.33039851935599035
691,691,train,6.263069997392275,5.8957197451778,0.1845067143727109
692,692,amnesia,5.702715701732065,7.381586142876989,0.257468563094436
693,693,blood,6.585626122759013,4.671298442169553,0.1425077658404335
694,694,mutation,5.4461936982637535,9.351531618151565,0.29086943064520077
695,695,bad plot,5.90383271951872,7.271133374634843,0.23128179243744365
696,696,end of the world,5.374097522244719,9.475901807528986,0.30025683131091346
697,697,gore,6.406296778824171,4.29750917331771,0.16585763674331355
698,698,beautiful scenery,5.164788711198657,10.180162021662774,0.3275102278244067
699,699,economics,5.001710313779875,10.064260136932969,0.34874411762305935
700,700,financial crisis,3.8681284759278443,11.419842410381994,0.496343997212825
701,701,investigative journalism,4.441949498101941,11.67686109108736,0.4216286913117891
702,702,money,6.566610285562349,4.7494673508037355,0.1449837540636081
703,703,religion,6.585982053363677,3.6445711180653824,0.14246142131316922
704,704,beautiful cinematography,4.98982652304124,11.391709686154758,0.3502914660574839
705,705,existential,5.4716044570606055,9.350942840230761,0.28756078118253225
706,706,bollywood,5.262685493087751,7.104877616095958,0.31476341701943156
707,707,india,5.434446201011401,7.287261783236641,0.29239903276304513
708,708,dreams,5.637170484787832,8.545118117879174,0.26600298540574036
709,709,police,6.676046090333262,2.72087725672402,0.13073448588760866
710,710,visual effects,4.751360773406019,11.334726473060252,0.3813412895083747
711,711,slavery,5.722449296654185,8.169441904278369,0.2548991180511939
712,712,relationship,6.602237689160527,5.739256405333409,0.14034482963345732
713,713,invasion,4.969676030955041,9.55587727036519,0.35291519387869996
714,714,military,6.506075192580237,4.316307813346544,0.15286582497967482
715,715,dark hero,4.999410183665079,11.497267618744713,0.34904360983142785
716,716,sociopath,4.822911881329507,9.854948523576418,0.3720248603266647
717,717,magical realism,4.947941196790511,10.454530453649422,0.35574521355479755
718,718,paradox,4.043051050512544,12.180901976663211,0.47356791692985595
719,719,witch,5.727888396150805,6.691014157247915,0.2541909111939819
720,720,witchcraft,5.168261912044817,9.13382082154919,0.3270579940204004
721,721,cyborg,5.604594570857515,8.72561474646876,0.270244585626464
722,722,open ending,5.240408984951721,10.204028728730524,0.3176639662420522
723,723,ambition,5.309029320815016,8.619011856365738,0.3087291430359717
724,724,pacing,5.485355196928853,8.523323022447629,0.2857703435793069
725,725,poetic,4.9496183979916095,10.15101694850407,0.3555268308257667
726,726,practical effects,5.119563042378763,9.788043766568963,0.33339891009619727
727,727,black humor,4.416216158417518,10.305123351546662,0.42497934294719336
728,728,cold war,5.551623704541703,8.07507660991309,0.27714174402200975
729,729,overrated,6.914496622315386,3.138732443272559,0.09968664387616043
730,730,demon,6.175946148853898,6.683898110448408,0.19585081774863325
731,731,grief,5.807818240697823,7.597520826845921,0.24378351488890054
732,732,visual,5.110194443853637,10.455103311728601,0.3346187638094974
733,733,ironic,5.1053914425706495,9.777478861531058,0.3352441464571074
734,734,mutant,5.8742797283236,7.886701393553993,0.23512978805298954
735,735,sarcasm,4.769786268154781,11.12542153033596,0.3789421677903942
736,736,transhumanism,3.9644288825075105,12.009730255550062,0.4838050450692925
737,737,suspenseful,5.367348644189606,9.352972859430825,0.30113558003027213
738,738,creepy,6.152759716773862,5.870006949134913,0.1988698451085055
739,739,weak plot,5.666139443372549,9.114710219074903,0.26223103471266374
740,740,unlikely friendships,5.0192536338476925,10.721316973493145,0.34645986090409053
741,741,dancing,5.289876644492422,6.9763854240153815,0.31122294862163047
742,742,women,5.150063301350407,8.170417530832243,0.329427573928531
743,743,musicians,5.929453988969555,6.063163301585366,0.22794573309033384
744,744,splatter,4.792380060509222,10.51285604543407,0.37600030605651996
745,745,screwball comedy,4.610533482922204,10.435567925730622,0.3996779374893892
746,746,noir thriller,4.753275361694545,12.041722010646613,0.3810919974048722
747,747,adrien brody,4.69780538902863,11.386440434601095,0.38831455603535486
748,748,woody allen,4.580486190687882,10.93680709240126,0.40359029438122856
749,749,dysfunctional family,5.75440780002731,6.621935694044039,0.25073790878316216
750,750,love triangles,5.425224350967973,9.584599219794478,0.29359977884996546
751,751,1960s,6.239667985301699,5.2645644901764355,0.1875538116808968
752,752,communism,5.65097990353002,8.420357349842458,0.26420490742363917
753,753,german,5.572688392334801,7.323597295872161,0.27439898185165895
754,754,revolution,5.760772043511646,7.370017090263561,0.24990924203798218
755,755,tilda swinton,5.081226560460674,11.269638254146319,0.338390574505471
756,756,feel good movie,5.147484555590516,10.98956251649587,0.3297633437432395
757,757,bdsm,4.750689228766344,9.696293899289355,0.38142872907792796
758,758,father-son relationship,6.15912078441804,5.8764391457573915,0.19804159187879428
759,759,surveillance,5.286436001523194,9.433812072490529,0.3116709431739529
760,760,hero,6.10779167136723,6.814280423235397,0.20472498310187937
761,761,russia,6.01664180641726,6.371555089759438,0.2165933005378148
762,762,nostalgia,5.502142803667245,8.016731674612663,0.2835844857519778
763,763,sequel,6.784715229680342,2.925181714701024,0.11658504263863692
764,764,mother,5.834476630206046,7.7487487015806185,0.24031241562629535
765,765,filmmaking,5.687329357764356,8.46696649419928,0.2594719672079527
766,766,movie business,6.349286166828147,5.280463137716849,0.17328079684077652
767,767,heist,5.931302186753766,5.687825257283215,0.22770508547116897
768,768,robin williams,5.027524316221056,11.317707052240687,0.34538296316131545
769,769,scotland,5.6583175049531285,8.168851866467008,0.2632495030140372
770,770,indie,5.3174203807338865,9.072521265284472,0.3076365713377496
771,771,afi 100,5.754562758289931,9.035823499314326,0.2507177321888126
772,772,imdb top 250,6.797189623017369,4.4278237067642205,0.11496079382569774
773,773,minimalist,4.210736623799029,12.494430464425218,0.4517341422524808
774,774,edward norton,4.925637103257164,12.585520391815447,0.35864935457925057
775,775,jake gyllenhaal,5.047107655905172,11.814990305200602,0.34283308234740073
776,776,philip seymour hoffman,5.259966490349211,11.267527228340427,0.3151174492237347
777,777,complex,5.08610606513353,10.720613634379632,0.3377552306086988
778,778,sean penn,4.887632708945198,11.217842687969759,0.36359777897793116
779,779,imaginary friend,5.1004829715539035,10.466978793948222,0.33588326196412216
780,780,based on a comic,5.556050555710576,9.880825656889822,0.27656533861600435
781,781,benedict cumberbatch,4.3644323060918975,11.567443209839634,0.43172194424225174
782,782,mads mikkelsen,4.129156863135167,12.084492771663092,0.46235636858751467
783,783,good story,4.5900940404141615,11.2021780810689,0.4023392885734763
784,784,storytelling,5.329207565176566,10.336988993945845,0.30610180168429557
785,785,stanley kubrick,4.332201183430987,13.411175375096978,0.4359186503511002
786,786,road trip,6.159559564216808,5.640324083180915,0.19798445983653484
787,787,terry gilliam,4.440914568509848,12.850813167133609,0.42176344601416355
788,788,rachel weisz,5.050426530015718,11.210448095098839,0.3424009429087358
789,789,treasure,4.972447390995201,9.937656573218227,0.3525543444061972
790,790,chess,4.74948383571716,10.28811665940145,0.3815856792538897
791,791,costume drama,5.110324763024169,10.534058230296441,0.3346017953884833
792,792,brazil,4.9951084493946505,8.941922971155966,0.3496037241867756
793,793,exciting,5.467364524306484,9.578706585029241,0.28811284857024094
794,794,writing,5.397169091844711,8.209797377415175,0.297252759808358
795,795,symbolism,5.420506636397624,9.405601237746202,0.2942140566014879
796,796,hacker,5.169502707367291,9.67624139568772,0.32689643423346904
797,797,youtube,6.104793928037073,6.9195459437621825,0.2051153091813891
798,798,disappointing,6.228607784751874,7.221712599311118,0.18899392320604794
799,799,obsession,6.094471960351052,5.489118733560795,0.20645929788755338
800,800,r,6.969196652962507,3.1087904340611927,0.09256433680711798
801,801,arnold,4.356313156146015,13.079845926861513,0.43277911145715187
802,802,spielberg,4.688305691632847,12.112769875832704,0.389551479691801
803,803,stranded,5.032888512241959,10.178978850384162,0.3446845092338236
804,804,jesus,4.44593988160589,11.021773008639846,0.4211091168928695
805,805,dragon,5.493908911074243,8.71459455619151,0.2846565932211527
806,806,short-term memory loss,4.829423708386882,12.083206245004664,0.37117697722066934
807,807,vincent price,4.244597476458676,11.093344197666909,0.44732523448024547
808,808,pirates,4.670399201472819,10.624584401896374,0.3918830235673659
809,809,hitchcock,4.614313511577105,11.339697896576062,0.399185752668074
810,810,london,6.196366560554304,5.99311114269365,0.19319194460201994
811,811,claymation,4.006441684005989,11.776547232411334,0.47833469944858786
812,812,village,5.989188993809364,6.90540859990687,0.22016783896108721
813,813,south africa,5.326183440975184,9.249456428533207,0.3064955627283454
814,814,civil war,5.449823522584234,7.8177155039546715,0.2903968034252286
815,815,seen more than once,6.780927673959476,3.647529431426849,0.11707820753390254
816,816,ethics,5.676133613079397,9.148127908794379,0.2609297274791907
817,817,thrilling,5.1801316155603185,10.093460246403591,0.3255124798359336
818,818,meg ryan,3.927886892283446,12.409062748827834,0.4885630547488251
819,819,james mcavoy,4.599009495757588,11.931496511532668,0.40117843711023193
820,820,18th century,5.234798250050336,9.699417678381705,0.31839452116821765
821,821,russian,5.280523569453328,6.517055576364648,0.31244078107401
822,822,ussr,4.56621054360553,7.8665154885170985,0.40544907838787225
823,823,based on a tv show,6.059025256466768,6.815703162891467,0.2110746940155367
824,824,sherlock holmes,2.8170854203225426,11.38039552828481,0.6331967794918331
825,825,sword fight,5.647539821951088,7.884640228231719,0.26465282887921887
826,826,antonio banderas,4.566860482997896,11.026058574887783,0.4053644519649264
827,827,vampires,5.396608720484304,8.335802936731168,0.2973257238790231
828,828,anthony hopkins,5.110830886653869,11.036201737385127,0.3345358947324328
829,829,drew barrymore,4.664667271769568,11.494940998610556,0.39262935886118094
830,830,historically inaccurate,5.260880498190003,10.167033218249548,0.314998439336014
831,831,colourful,4.5458924657926065,11.50625464588844,0.4080946269830805
832,832,france,6.432411734336153,4.313797824412775,0.16245729619413496
833,833,magic realism,4.952806417225002,10.698462812489836,0.35511172956067394
834,834,fantasy world,5.268232326308455,9.576050424496373,0.31404118251624674
835,835,latin america,6.269671599569231,6.844677631154026,0.18364714195025167
836,836,mexico,6.197862723371977,6.343306719695617,0.19299713427217755
837,837,spain,5.616379387982861,7.445331067217786,0.26871012421344015
838,838,epic adventure,3.974249868104303,12.179430928878396,0.48252628755648147
839,839,narrated,5.847378789995049,8.783365548477247,0.23863246878195174
840,840,amy adams,5.0162640148016635,11.42356287836948,0.34684912914788074
841,841,ireland,5.714409238616161,8.172366183645611,0.2559459869747078
842,842,roman polanski,4.441517871487162,12.115048964062225,0.4216848919620129
843,843,multiple roles,5.516114170279749,9.14054426443338,0.2817653210822107
844,844,hugh jackman,4.749381359831629,12.25746345350381,0.3815990222943833
845,845,criminal,5.79730144772177,6.607688950487593,0.245152871141006
846,846,unlikeable characters,5.751447235534713,8.811483719488827,0.251123393931242
847,847,jeff bridges,4.597797120889785,11.37767066423782,0.40133629636532064
848,848,john goodman,5.008369896620467,10.996646910477455,0.34787699573334036
849,849,steve buscemi,4.897631870760793,11.386357590374038,0.3622958217387635
850,850,social criticism,5.03251849028015,10.307744949772237,0.3447326885493215
851,851,jodie foster,4.669966657445362,11.798617934980038,0.39193934367080974
852,852,easily confused with other movie(s) (title),6.621023086837594,5.149959772851316,0.13789884616530743
853,853,jean reno,4.388774971243444,11.309719324902822,0.42855236766181676
854,854,oscar (best supporting actor),5.774537419174856,9.04157614809788,0.24811689875710569
855,855,beautifully filmed,5.008432408610156,11.274185954411468,0.3478688562573511
856,856,notable soundtrack,5.125735479340955,11.054772049086683,0.33259521783334195
857,857,whimsical,5.814353940199234,7.967706158267361,0.24293252343223515
858,858,south america,5.540082322512972,8.458481733453858,0.2786445085696212
859,859,new zealand,5.094439333792374,9.964243890159214,0.3366701837161293
860,860,charlie kaufman,3.9232073032079633,13.169304370727634,0.4891723683078528
861,861,directorial debut,6.629709176014039,4.477660675372578,0.13676785969945282
862,862,gambling,5.895321707740036,6.626084377964402,0.23238998266401
863,863,motorcycle,6.190938929381479,6.134327987982666,0.19389865820735125
864,864,new jersey,5.21260145297141,9.542334455618654,0.32128469148211036
865,865,ensemble cast,6.222915197183205,5.755469504659786,0.18973513589280186
866,866,jack nicholson,4.8644932220820465,11.456171819947773,0.3666106937589599
867,867,heath ledger,4.2802920985569495,12.784388241496258,0.4426775577552104
868,868,michael caine,5.415993515414108,10.323701904725272,0.2948016949099873
869,869,angelina jolie,4.439988190279578,12.33790519840193,0.42188406660870437
870,870,dustin hoffman,4.949331969231455,11.261913879263178,0.3555641257515481
871,871,good versus evil,5.276032638260298,10.406696630699365,0.31302553012450046
872,872,jackie chan,4.272923433469311,10.944752319072748,0.4436370068601234
873,873,seth rogen,4.513260316555423,12.230274564458165,0.4123435494140275
874,874,nazis,5.996656564004057,7.174231266323066,0.21919551175473975
875,875,cute,6.177891057134777,6.100672588227956,0.19559757778087333
876,876,los angeles,6.686977674821278,3.444697721095668,0.12931112102741138
877,877,zooey deschanel,4.83484747174729,11.868226903589992,0.3704707672301877
878,878,animated,5.845430809248882,6.883858573791593,0.2388861088050861
879,879,cgi,6.070805926326859,6.882636288560818,0.2095407726039772
880,880,dragons,4.470304008118993,11.590569969687163,0.4179367459007072
881,881,dreamworks,4.389724822038804,12.114522255401155,0.4284286907834988
882,882,flying,5.776898117402581,8.605208792426932,0.24780952017840494
883,883,gerard butler,4.579710598335137,11.461717200400763,0.40369128165365414
884,884,stereoscopic 3-d,6.138754328006404,7.107315593235942,0.20069343968867426
885,885,chase,6.3349848239659465,5.674126782947288,0.1751429266085157
886,886,paranoia,5.732278046092695,6.95395763803481,0.25361934963465776
887,887,spaghetti western,4.412401237424617,9.109922333487535,0.4254760709825186
888,888,hostage,6.189666210750104,6.485982946867222,0.19406437462099685
889,889,fast paced,5.184653637620341,10.034976435346682,0.32492368254819093
890,890,caper,4.800942675948596,10.312853267340515,0.3748853966908055
891,891,cheating,6.079843953467197,7.407063455941062,0.20836396147918826
892,892,killer,6.4108206327873845,6.014497385835398,0.1652686009296159
893,893,private detective,5.047554809236386,8.889681846821569,0.3427748600156365
894,894,football,5.035666944969022,8.849727162393478,0.34432273885054027
895,895,competition,6.129984282321488,6.0898182580369795,0.2018353578492043
896,896,experiment,6.2177154407063,6.476027981703441,0.19041217870017568
897,897,gripping,4.988940520310018,10.617813895088197,0.35040682949405105
898,898,psychothriller,4.248848645916879,12.66393305862961,0.44677170399908017
899,899,love triangle,6.516334481719842,5.741233429266427,0.1515299974362911
900,900,ship,6.077489824862145,7.467822023080811,0.20867048464941032
901,901,netflix,6.924760202892307,3.897366497195038,0.09835025755915307
902,902,complicated plot,4.446273594812215,12.166345766022529,0.42106566521833977
903,903,denis villeneuve,3.9402163842202906,12.32463287821767,0.48695767305999216
904,904,homosexuality,6.076030240025049,5.404038207983067,0.20886053228339022
905,905,sigourney weaver,4.574925817784148,11.835019395950123,0.40431429184101536
906,906,gary oldman,4.039677927121568,11.673155607754907,0.47400711998491973
907,907,luc besson,4.198178600747916,11.903367467641418,0.45336928020929745
908,908,netflix streaming,6.392729849555504,6.512558944140244,0.16762414098640588
909,909,kevin spacey,5.018444396832972,11.723916593080052,0.3465652289348263
910,910,modern fantasy,4.437584967904684,12.724234496679749,0.4221969821136264
911,911,imaginative,5.003144195734473,11.035809701338056,0.348557416674987
912,912,rock and roll,5.533053291933271,7.049001903747323,0.2795597350072311
913,913,dream,6.409661512805056,5.9785639305064135,0.16541952604512936
914,914,kate winslet,4.8032245548817105,11.506698239522073,0.3745882809074366
915,915,melancholy,5.749276495288482,8.45419340274588,0.25140603871988065
916,916,keira knightley,4.8023308937531795,11.768259055017015,0.3747046415181669
917,917,michael fassbender,4.744592906540284,11.665365885240988,0.38222251069691715
918,918,mutants,4.465803159496915,10.931654869458391,0.4185227862662878
919,919,captain america,3.9768368956659894,12.192498920190864,0.4821894393962076
920,920,chris evans,4.8799010768169815,11.291717954918052,0.3646044888007698
921,921,colin firth,4.899939819521956,11.727843967012415,0.3619953114907407
922,922,cars,5.337614395288698,8.084885821856446,0.30500717660223403
923,923,cate blanchett,5.1174951955209105,11.087517685486421,0.3336681574827004
924,924,bill murray,4.997228243469348,11.691298118971616,0.34932771292783266
925,925,wes anderson,3.9711072252184803,14.063180444556407,0.48293548051992913
926,926,sweden,5.182990406906224,9.248797116016028,0.3251402462270859
927,927,pointless,6.139927671813654,7.199648965931736,0.2005406625367435
928,928,italian,5.773942495411804,7.206088364318262,0.24819436177994134
929,929,less than 300 ratings,5.7336633546706475,3.841491666968102,0.2534389732626369
930,930,vietnam,5.126755967008723,9.292313049001818,0.33246234356537485
931,931,bank robbery,5.375802500576062,7.874017186655798,0.30003483181515045
932,932,clive owen,4.727408180820413,11.21477079194175,0.38446007605156524
933,933,denzel washington,5.0048638270012304,11.433203116058715,0.3483335092697721
934,934,russell crowe,4.898820112898159,11.728063583233528,0.36214110472536193
935,935,explosions,5.304801111076851,9.698676819362998,0.3092796840091898
936,936,iraq war,4.9690969072173425,9.472853845289901,0.3529905996333597
937,937,middle east,5.4505667395153665,8.46763763025458,0.29030003164759316
938,938,thoughtful,4.7089452028410275,10.724325915980183,0.386864078334973
939,939,mark wahlberg,4.985372662669804,11.192824390148463,0.3508713882409403
940,940,fbi,6.069550668816503,6.208267445076397,0.20970421546376553
941,941,liam neeson,5.085289792011979,10.148936686462637,0.3378615147872469
942,942,jason statham,4.497388417187533,11.69972296062074,0.4144101760635867
943,943,ethan hawke,4.67026659811613,11.354808147931571,0.3919002894045793
944,944,genetic engineering,4.4846763602436415,11.103167397368708,0.41606537025566376
945,945,afterlife,5.363432644457075,9.177113697130618,0.301645469188421
946,946,ghosts/afterlife,5.210541978715417,10.643892126309662,0.3215528487002771
947,947,1950s,6.154740615235481,6.471189677025256,0.19861191898032365
948,948,great cast,5.25671042395366,9.866028163095502,0.31554141068101277
949,949,male nudity,5.958353877852384,5.983546365635963,0.22418277573090228
950,950,elijah wood,5.03785993652771,10.946197682806822,0.3440371967933236
951,951,naomi watts,4.878073756355365,11.489029724712609,0.36484241805395684
952,952,honest,4.8217614897046595,10.350029895027644,0.3721746489520985
953,953,kevin bacon,5.05861060030916,10.90785826949038,0.3413353226336658
954,954,joseph gordon-levitt,4.7037291536200385,12.204735993072127,0.38754324256577183
955,955,emma thompson,4.57421220404313,11.647671688383342,0.4044072090868028
956,956,maggie gyllenhaal,3.857664985559786,12.578837053071318,0.4977064131115664
957,957,identity,5.5974245496944235,8.335381047486145,0.2711781699738752
958,958,moving,5.542833284438805,8.283574271422854,0.27828631506699913
959,959,justice,5.701882122717334,7.697647222077009,0.2575771006151464
960,960,transformation,5.763981226443313,7.7668556324272195,0.24949138511889715
961,961,airplane,6.256216383423577,6.00253562131948,0.18539910040321705
962,962,anna kendrick,4.513522204200436,11.634187973242485,0.4123094499043324
963,963,nudity (rear),6.439816395381282,5.98036043493962,0.1614931601766287
964,964,self discovery,4.7545345958677565,11.081776934608731,0.3809280367571844
965,965,ellen page,4.401137610407331,12.18295657048878,0.42694266998400365
966,966,emily blunt,4.79371705238645,11.835031521579097,0.37582622083964207
967,967,vacation,5.914960333741294,7.48100164356273,0.22983290320463318
968,968,3d,6.099901010594068,6.2918142262053,0.2057523995098639
969,969,sandra bullock,5.005638039953752,11.774517964137251,0.34823270160441155
970,970,ben stiller,4.506899410243382,12.138526567969885,0.4131717816372236
971,971,iceland,5.2499193176695655,9.592996652641059,0.3164256577960803
972,972,photographer,6.0555950216313015,7.670421005965026,0.21152133335975803
973,973,workplace,4.69454898540492,10.306973573722034,0.38873856140197766
974,974,corny,5.374939414126061,8.48846225629195,0.30014721139979256
975,975,relativity,2.686753694879145,12.91604119089179,0.6501668352388651
976,976,childhood,6.004001050209226,6.544449515240647,0.21823921090081497
977,977,growing up,5.467572698643195,8.793021808460516,0.2880857428898161
978,978,water,5.627412848423362,8.586426048661249,0.26727349442801396
979,979,dog,6.577111199191948,4.480771883767991,0.14361646540781223
980,980,time,5.705147906125403,8.844563621553675,0.25715187393834055
981,981,tarantino,4.20283346778571,12.724391005301545,0.4527631856236726
982,982,christianity,6.329370293356112,5.3813239523743785,0.17587397576111585
983,983,autism,5.035181682773834,9.500908287204073,0.3443859232093467
984,984,video game adaptation,5.132899692481984,10.403237963752801,0.33166238972895473
985,985,psychedelic,5.024206276338483,10.552330496151281,0.345814993977961
986,986,john travolta,4.728933959273261,11.45449629994725,0.3842614095694454
987,987,john malkovich,5.175926932753881,10.360001716819635,0.3260599574464777
988,988,jennifer lawrence,4.337372503332044,12.614662934887214,0.43524531017465345
989,989,realism,5.139634027873617,9.1741719336528,0.33078553456091003
990,990,alter ego,5.502045925564936,9.193834848874523,0.2835970999239399
991,991,emma watson,4.127041803184132,12.806422433611893,0.46263176343213347
992,992,cartoon,5.7673760152492,6.368750158990692,0.24904936108300488
993,993,femme fatale,5.65019014728642,8.057300733291871,0.2643077389286689
994,994,milla jovovich,4.1729703073556745,11.961134609852323,0.45665156733239437
995,995,flashback,6.428584365730055,5.721149495130276,0.16295564499132117
996,996,slapstick,5.753583033951001,6.82280011744248,0.250845298800793
997,997,pregnancy,6.27094217911756,5.675532055749112,0.18348170405941722
998,998,visuals,5.090831769871595,10.456505061270374,0.3371399124843039
999,999,forest whitaker,5.072627914855932,10.610015701547415,0.33951017523787147
1000,1000,affair,5.994275532055964,7.651973683651521,0.21950553791880034
1001,1001,vampire,5.8625265909176605,6.2012152878690365,0.23666012455626817
1002,1002,werewolves,4.831016236620265,10.45851255956508,0.3709696194740632
1003,1003,writer,6.558256523333432,5.217354064309093,0.1460714693550299
1004,1004,san francisco,5.782040128090101,7.324178101730826,0.24713999625610455
1005,1005,shooting,5.729347398706063,7.829410798833525,0.2540009393769622
1006,1006,adam sandler,4.638627822258107,11.917925805201076,0.39601986802791045
1007,1007,oscar (best cinematography),5.95631837627496,8.28911821571796,0.22444781154719753
1008,1008,kevin costner,4.775926032539855,11.379692088243004,0.3781427297139482
1009,1009,family relationships,6.168147525884862,5.568472817996336,0.19686625022360724
1010,1010,cancer,6.085626927406903,6.857087406083907,0.20761097988697372
1011,1011,paranormal,5.074669761822144,9.690854516285146,0.33924431320983767
1012,1012,jewish,5.752263564723709,8.099597005643854,0.2510171024523403
1013,1013,wedding,5.809432129748542,5.10490445351964,0.24357337582209196
1014,1014,baseball,5.202640750492178,8.125686346633154,0.3225816410604045
1015,1015,characters,6.620197046683114,4.6587588296617355,0.13800640207637296
1016,1016,battle,6.1021296020583975,7.291516567569346,0.20546222210863355
1017,1017,loss,6.088031272863704,7.494241000198683,0.20729791814933285
1018,1018,doctor,6.659660275733121,5.393963094574955,0.1328680277115883
1019,1019,funeral,5.764530823667004,7.24296247270394,0.2494198239123474
1020,1020,thief,6.051230836613687,7.144251910719772,0.2120895792169146
1021,1021,creative,5.330734146824745,8.48822561311276,0.30590303062081237
1022,1022,civil rights,4.565864371280542,10.878267292353886,0.405494152322351
1023,1023,feel good,5.396104978958941,8.815781101472849,0.2973913143692773
1024,1024,sexism,5.759421083114557,8.708962389630123,0.250085146048864
1025,1025,strong female character,4.884668070914799,10.344284507635663,0.3639837945276715
1026,1026,jessica alba,4.729278225963338,11.403290522941603,0.38421658376128115
1027,1027,godzilla,5.315381818114088,10.41916287153645,0.30790200572208004
1028,1028,underwater,4.950316210501627,9.555277567224124,0.35543597100513835
1029,1029,bechdel test:pass,6.668074443649511,4.210756402649008,0.13177244719870673
1030,1030,infection,5.33606251904782,9.254768638452905,0.305209241189583
1031,1031,korean,4.921036396147345,9.045142096080388,0.35924839718275925
1032,1032,trains,5.699119680415066,8.349796069458414,0.25793678893898286
1033,1033,fighting,6.038211898148179,7.437057628551331,0.21378473142007326
1034,1034,action packed,5.316228003650346,10.18669585322108,0.30779182674858924
1035,1035,zombie,5.994590109276374,6.093171198302947,0.2194645778766544
1036,1036,humphrey bogart,3.9668834230911796,12.400714146350403,0.4834854475929566
1037,1037,audrey hepburn,3.6943390378821594,12.8566646733571,0.5189725355970686
1038,1038,rome,5.2493764001240155,8.680880079159389,0.3164963492641989
1039,1039,highly quotable,5.332187782806489,10.8843793809628,0.3057137575672855
1040,1040,understated,5.830930952213059,7.172671742091329,0.24077408643589532
1041,1041,con artists,5.110022490084463,10.42817699473152,0.33464115333161015
1042,1042,steve martin,4.5878573924937776,11.03456716246215,0.40263051497876073
1043,1043,wealth,5.858202072031949,7.894303575389377,0.23722320561976176
1044,1044,meryl streep,5.227580685611196,11.091950791591781,0.3193342959657453
1045,1045,literature,5.770908268655489,8.651979216955489,0.24858943824370042
1046,1046,fashion,5.4844179770391985,8.542677827096012,0.2858923758298626
1047,1047,painter,5.997111152929113,8.004427207031505,0.21913632125930255
1048,1048,painting,6.003079204097206,7.631640914695414,0.21835924138347707
1049,1049,guy ritchie,3.769769980867413,13.15533681716865,0.5091509261373913
1050,1050,tom hiddleston,4.628270471228372,11.457096851132698,0.39736846388028807
1051,1051,character development,5.056519977695727,9.824532751698303,0.34160753557472273
1052,1052,visceral,5.978810290480644,7.5431904991016925,0.22151921502452138
1053,1053,winona ryder,4.6684036203016435,11.819006045518632,0.39214286148179045
1054,1054,jane austen,4.285273559621639,12.41925907883787,0.4420289384594721
1055,1055,australian,5.661152737203789,8.261331614942563,0.262880336955767
1056,1056,aids,5.426167171447183,8.813232535493153,0.293477017365475
1057,1057,foreign,6.417180466384253,4.763544267087282,0.16444050838105542
1058,1058,adolescence,5.627695507597982,8.406414742858349,0.26723669032729025
1059,1059,peter jackson,4.295404865751479,12.735640939477259,0.44070977515346416
1060,1060,ralph fiennes,4.917362861263653,11.322980630220144,0.35972671580819626
1061,1061,chicago,5.998470284292629,7.082133825888969,0.2189593533343562
1062,1062,idealism,4.6879474737300315,10.827533059200704,0.3895981220404669
1063,1063,stop motion,4.940273488556528,8.728422446529109,0.3567436000623036
1064,1064,kirsten dunst,4.723150305117704,11.648003545983773,0.38501447973027886
1065,1065,cooking,4.6620611646875645,10.522536675566823,0.392968691301643
1066,1066,teenagers,5.998618808931703,6.969986301322194,0.21894001444049646
1067,1067,brothers,5.853193220943796,7.4670432403622975,0.2378753912783599
1068,1068,gay relationship,5.298312705903593,8.39891244832319,0.3101245174304073
1069,1069,erotic,5.418744744177214,8.653245804197795,0.29444346666338106
1070,1070,masturbation,5.6644375780984095,8.623433726722407,0.2624526288677156
1071,1071,coming out,5.09825425034815,8.48330748278182,0.3361734562585471
1072,1072,astronaut,5.422395297207065,8.461386471440136,0.29396814042785935
1073,1073,1990s,5.681245827381467,7.809172596920237,0.26026408324405337
1074,1074,good soundtrack,5.639530673556784,9.044405995813593,0.2656956731619534
1075,1075,eerie,5.693260882732286,8.58996376012081,0.25869964328583595
1076,1076,forest,6.126031178359468,6.02048064701181,0.20235007822431691
1077,1077,occult,5.568013641531609,8.132029163149973,0.27500766543551985
1078,1078,shakespeare,5.242324028285219,8.868113377485678,0.3174146148886739
1079,1079,short,5.535007591150866,4.845914183588959,0.2793052722771771
1080,1080,winter,5.982884081620332,7.36406845569574,0.22098878037779912
1081,1081,school,6.520657501208225,5.013832592239884,0.1509671116042822
1082,1082,poetry,5.419728693703174,8.711763822964322,0.2943153499040042
1083,1083,theater,6.0691079144710685,6.585283571966777,0.20976186501838245
1084,1084,poor plot,4.935547873965962,10.654206120505684,0.3573589064488957
1085,1085,loss of loved one,6.920110989395195,3.4534302891974913,0.09895561601625498
1086,1086,swedish,4.518494932134878,10.723062184948844,0.41166196772011965
1087,1087,horror comedy,5.076305299224449,9.611804706688943,0.3390313553839588
1088,1088,bad dialogue,5.827675032456465,8.676878280526289,0.24119802879980773
1089,1089,too long,6.4434947906409805,4.944460588592491,0.16101420869797423
1090,1090,pretentious,6.259138595226821,6.627549983195967,0.18501860902986203
1091,1091,ballet,4.909037842482299,9.409452858745418,0.3608106885119569
1092,1092,working class,5.053847937079068,8.80815328214963,0.34195545299903957
1093,1093,aviation,5.36574788277505,8.902211266451395,0.30134400979171583
1094,1094,alaska,4.9670630700844995,10.184477007935564,0.35325541872792254
1095,1095,life,5.613199398193755,8.679519320606392,0.26912417999159033
1096,1096,irish,4.690640291728055,9.272242273815918,0.3892474992631837
1097,1097,boston,5.166849437905169,9.510677320873548,0.32724190752886906
1098,1098,super-hero,4.872511041408017,11.143199754252258,0.3655667204633678
1099,1099,chan-wook park,3.6037491560608457,12.813423772361034,0.5307679395126899
1100,1100,michael bay,4.295252042356308,12.295508667857913,0.44072967377390115
1101,1101,not a movie,4.784960712299121,9.513608000297129,0.3769663544403936
1102,1102,must see,5.834523317769697,8.801825507460915,0.24030633659561307
1103,1103,outer space,5.466179119861101,8.718302195281037,0.2882671960973108
1104,1104,good romantic comedies,4.621973089523169,11.652763047874094,0.3981884247780209
1105,1105,spaceship,5.928610539399961,8.00244765892362,0.22805555582280454
1106,1106,earnest,5.220554882063033,9.067083869499012,0.3202491022224291
1107,1107,demons,5.239251078387008,9.17083898321498,0.3178147333625378
1108,1108,irreverent,5.890076683553836,7.348113534669352,0.2330729196276045
1109,1109,strong female characters,4.104040120370319,11.517045477193998,0.4656267352112454
1110,1110,julia roberts,4.7953847816456765,11.525624716449386,0.3756090714203142
1111,1111,richard gere,4.640358742510194,11.249980934642252,0.3957944907218736
1112,1112,sexualized violence,5.319832839532953,10.291924657093672,0.30732245318909235
1113,1113,library,6.83887038160106,3.4277543338383847,0.10953368239647777
1114,1114,literary adaptation,5.645332007879681,9.445673491980457,0.2649403009259779
1115,1115,patrick stewart,4.499336275492122,11.870298053534958,0.41415655198315865
1116,1116,christopher walken,5.382475100886443,10.23383783122322,0.29916601496445966
1117,1117,jennifer connelly,4.4926536325604625,11.661577653717003,0.4150266764497991
1118,1118,tim roth,4.620593027704251,11.186852931010847,0.3983681179871894
1119,1119,kristen stewart,4.361275252806674,11.566885239866611,0.4321330135353522
1120,1120,curse,5.693095670836065,7.5468580508828165,0.25872115497133996
1121,1121,ben kingsley,4.953653981991531,11.445132587157403,0.3550013710022471
1122,1122,sam rockwell,4.815992241997929,11.494463368429615,0.37292584329767
1123,1123,willem dafoe,5.12147913785107,10.94198022077109,0.3331494217473623
1124,1124,helena bonham carter,4.757232491788024,11.716869352020026,0.38057675280071973
1125,1125,ashton kutcher,4.309289842666772,12.071290047308418,0.43890185899569717
1126,1126,mad scientist,5.476563501795437,8.136076720799057,0.2869150806417329
1127,1127,zach galifianakis,4.202616640491659,12.01127751967675,0.4527914179765783
1128,1128,m. night shyamalan,4.158475786477204,12.813418315609962,0.4585388501600969
1129,1129,darren aronofsky,3.9841348005418187,12.906034403095916,0.4812392037405526
1130,1130,owen wilson,4.809301204150254,11.803957930449231,0.37379706083809805
1131,1131,watch the credits,5.897086559726848,8.536169045752178,0.23216018722088547
1132,1132,argentina,5.048085696913169,9.285175670030842,0.34270573491628126
1133,1133,erotic movie,5.684014051482149,8.810013631216647,0.259903642091686
1134,1134,based on manga,5.605627275959568,8.562942206855475,0.27011012056745803
1135,1135,based on novel or book,7.157913918737468,2.1367335364501794,0.06799209616706466
1136,1136,short film,4.597755916793268,8.36463900125578,0.40134166141218486
1137,1137,woman director,6.721709393073226,2.662404990850549,0.12478882077457121
1138,1138,based on novel,5.860403513576269,8.531824375098655,0.23693656331832783
1139,1139,teenage girl,6.252776901121217,6.785000013984147,0.18584694382900926
1140,1140,anthology,5.806328890098829,7.936715376236157,0.2439774382226538
1141,1141,girl power,4.897356691054725,10.626054481469932,0.36233165196303574
1142,1142,classical music,4.555536811597687,9.958844824253859,0.4068388691436207
1143,1143,afi 100 (laughs),5.396389101321005,8.765374258431525,0.2973543197518363
1144,1144,19th century,6.2272950697324,5.617118894787092,0.18916484741490544
1145,1145,pg-13,6.427018000510495,6.322810985237321,0.16315959613986702
1146,1146,secret service,4.712544748003764,9.950420602086854,0.38639539366232106
1147,1147,asylum,5.4644156499422865,9.118167605672975,0.28849681158600843
1148,1148,cross dressing,5.077702725328743,9.650481285632694,0.3388494012295766
1149,1149,restaurant,6.091765703300225,6.84438739696353,0.20681167051871516
1150,1150,guns,5.947421350072685,7.289590389999327,0.22560626341393802
1151,1151,robbery,5.768270735021032,4.9373540877663284,0.2489328626298899
1152,1152,brainwashing,5.327929282990562,10.057685290883482,0.30626824250968276
1153,1153,submarine,4.713041429794909,9.992654973559002,0.3863307223963221
1154,1154,bloody,5.385867555675292,9.90157711428838,0.298724294833078
1155,1155,hallucination,5.466959020563788,8.341735753892035,0.2881656478491254
1156,1156,hell,5.364986594756503,9.074968641687356,0.30144313454488203
1157,1157,betrayal,6.633881499965422,5.156701815868131,0.13622459542662319
1158,1158,voyeurism,5.090617013101198,9.54624230731686,0.3371678752412864
1159,1159,wheelchair,4.322999112253005,8.284121855789586,0.4371168210984546
1160,1160,yakuza,5.264765244968649,8.578276421229244,0.3144926195199068
1161,1161,math,3.9162063282409565,12.27744112531495,0.49008394171846714
1162,1162,sexual abuse,3.730585332063675,9.918032472184482,0.514253027504998
1163,1163,gunfight,5.600282767185833,7.846802470280846,0.2708060110846919
1164,1164,camp,5.927271042176889,7.6756338764797665,0.22822996725234096
1165,1165,casino,5.258345762045856,8.83755892571303,0.31532847880663295
1166,1166,flashbacks,5.381142320755122,9.516965868476504,0.29933955178406446
1167,1167,blaxploitation,5.548352145440833,9.337116299542444,0.2775677227323552
1168,1168,sweet,6.0763849245331,6.322943984202414,0.208814350006176
1169,1169,rescue,6.454717808973091,6.018634510947932,0.1595528972168446
1170,1170,2d animation,4.73762020242234,10.460336983325611,0.38313040305533186
1171,1171,memory loss,5.2147483752426,9.908921831558224,0.32100514795191704
1172,1172,guilt,5.6699780727955815,7.9840991138977095,0.2617312196823674
1173,1173,police brutality,5.0428908029625505,9.487954306900827,0.3433821445904569
1174,1174,police investigation,5.289592659531678,9.619917561998367,0.3112599253485075
1175,1175,new orleans,5.757931602039549,8.10863189126806,0.2502790863714603
1176,1176,voodoo,5.353169971548321,9.621702652367901,0.3029817373210081
1177,1177,virginity,4.459430049540211,11.526089211680201,0.4193526074850225
1178,1178,circus,5.5379595067271,8.645868673845566,0.27892091327541607
1179,1179,stand-up comedy,5.49238712383918,5.694478373155798,0.28485474002022476
1180,1180,terrorism,5.980414687750301,6.324389772040721,0.2213103118506101
1181,1181,1940s,5.904136563451411,6.476589509856289,0.2312422299406024
1182,1182,rivalry,5.938811234295256,7.250383065836424,0.2267273576389571
1183,1183,hotel,6.435622258681735,5.187850585547911,0.16203926461405435
1184,1184,vhs,6.743936686225128,3.864451535826882,0.12189467966955521
1185,1185,female lead,5.448719921514471,8.695208100502096,0.2905404996098119
1186,1186,shallow,5.42790847267924,9.096824110299671,0.2932502883869408
1187,1187,giant monster,5.017952041749449,9.646787110197815,0.3466293368347738
1188,1188,monster,6.397062628227386,4.92759988400257,0.16705998444392758
1189,1189,escape,6.5746022565150275,4.466546477287868,0.14394314639779063
1190,1190,twins,5.890761553387959,7.3594827869979795,0.2329837450292864
1191,1191,bechdel test:fail,6.832072319701117,3.4372802481949574,0.11041883517889763
1192,1192,vigilantism,3.8678666201716307,11.85643005087051,0.4963780925703867
1193,1193,homophobia,5.607204346557895,7.897318786282929,0.2699047755075384
1194,1194,rape,6.5732057845242124,3.6881888300891674,0.14412497632026483
1195,1195,monsters,5.4490508881546855,9.343459699148456,0.29049740555642045
1196,1196,moon,5.138567654007849,9.613631385677888,0.33092438351643255
1197,1197,fear,6.073076921357655,7.910649207843242,0.20924507397693348
1198,1198,man versus machine,4.23966727244187,12.398298471718167,0.4479671797681238
1199,1199,soviet union,5.552837288190203,8.413225587440959,0.27698372737565097
1200,1200,adapted from:comic,5.708407495517677,8.87894111528946,0.2567274537635049
1201,1201,gratuitous violence,4.892021656892361,11.299035660624659,0.3630263088229801
1202,1202,sport,6.764789616300465,3.964714996983245,0.11917948975962711
1203,1203,psychiatry,4.93736776587459,10.327455476457066,0.35712194444261586
1204,1204,secret agent,5.724388653535099,8.199276901901307,0.2546466009125576
1205,1205,jungle,6.070242055793658,7.250055083418099,0.2096141922901662
1206,1206,video game,5.487925305624866,9.11417854525605,0.28543569836764504
1207,1207,robert rodriguez,4.303035708927927,12.403128869136978,0.43971618872114593
1208,1208,strippers,4.9919386174808515,10.023864480197535,0.35001645734213654
1209,1209,muppets,4.081587919484064,12.23507275395852,0.4685501607961295
1210,1210,navy,5.37154686132183,9.3044507217686,0.3005889442934275
1211,1211,female nudity,5.951096403304981,8.017487327829572,0.2251277470894345
1212,1212,john williams,4.855019750385949,10.860011252297408,0.3678442026552302
1213,1213,matthew broderick,4.485056342662938,11.802155535396562,0.41601589402248706
1214,1214,oscar (best music - original score),4.746673192916498,11.476376407088141,0.3819516436025543
1215,1215,first love,5.593154625492483,8.439977728371312,0.27173414244716226
1216,1216,drug dealer,6.153313917282409,7.305902684651007,0.19879768452371252
1217,1217,val kilmer,4.732117758138213,11.491750122504568,0.38384685782433686
1218,1218,father son relationship,5.260782339624241,8.905990061095967,0.3150112202328169
1219,1219,carrie fisher,4.168280709185578,11.943412804558095,0.45726218414197756
1220,1220,oscar (best effects - visual effects),4.934873806365334,11.2720157793696,0.3574466745247115
1221,1221,android,5.65894656644475,8.789129120069298,0.2631675950323481
1222,1222,ridley scott,4.855023978287051,11.889396507521692,0.3678436521544436
1223,1223,bruce campbell,3.6029034722357762,12.370787485213864,0.5308780531600537
1224,1224,sam raimi,4.209681265736952,12.399820468147354,0.45187155687724384
1225,1225,possession,5.644180891471539,7.701694027747871,0.26509018392300754
1226,1226,werewolf,5.360886958191773,8.563578713877753,0.3019769344374972
1227,1227,nightmare,6.130618196470776,7.0525341967866,0.20175281801927694
1228,1228,devil,3.8913687611449044,8.550240499383749,0.49331795781705473
1229,1229,bible,5.212776947361112,8.909531907784842,0.3212618409477036
1230,1230,basketball,5.128929394048532,8.847318848884022,0.33217934893837836
1231,1231,john carpenter,4.342789496702124,12.411664903991335,0.4345399816818493
1232,1232,kurt russell,4.114121540728894,11.924150983024024,0.4643140673637798
1233,1233,texas,5.723640934928052,6.49174886825215,0.2547439588382776
1234,1234,islam,5.484859611875278,9.09826123558773,0.2858348720427947
1235,1235,broadway,5.396673049118393,8.97646887763035,0.2973173478638748
1236,1236,nightclub,5.851003928650057,7.713887440745044,0.23816045166672586
1237,1237,psychological horror,4.816322068359447,10.312824788376096,0.37288289771613353
1238,1238,tim robbins,4.670327650688591,11.39646857863359,0.39189233995440015
1239,1239,party,6.638885094323539,5.041968307576513,0.13557309422916786
1240,1240,american football,5.079701240430769,8.905979197812917,0.3385891812978809
1241,1241,race issues,4.408437798781869,11.635302537981072,0.4259921370016597
1242,1242,cocaine,5.819885846760906,8.186360282886291,0.24221223247913393
1243,1243,b movie,6.0278802159799,7.6467483012720425,0.21512998501630878
1244,1244,b-movie,5.503834656210007,8.795409550540697,0.28336419532101215
1245,1245,sword and sorcery,5.00327987900917,9.95902594236965,0.3485397498120055
1246,1246,creature feature,5.900665910131515,7.9616571392827815,0.2316941320397796
1247,1247,sisters,5.390829436835386,9.452482111579112,0.2980782249708823
1248,1248,kick-butt women,4.355802561565521,11.644374398406711,0.43284559426067226
1249,1249,dracula,5.470351129825914,9.546658442228242,0.28772397270761657
1250,1250,frankenstein,5.233153542568257,9.394549467382479,0.31860867299935075
1251,1251,kate beckinsale,4.650031337561575,11.025933979419957,0.39453505464303723
1252,1252,dark fantasy,4.977504875490125,11.305121759361766,0.3518958263552267
1253,1253,ghost,6.373310786099867,5.618635459856608,0.17015263194496713
1254,1254,haunting,5.852240015277918,7.992669956180084,0.23799950498308764
1255,1255,home invasion,5.579793026006895,9.044937718038135,0.2734739113895938
1256,1256,cillian murphy,5.017144852789374,11.097907877083689,0.34673443819520056
1257,1257,terrorist,6.286241059070395,6.926762207347311,0.1814896883411912
1258,1258,dwayne johnson,4.967207978668167,11.168157159214811,0.35323655066847887
1259,1259,orlando bloom,3.920114637872781,12.520097039957285,0.48957505386247435
1260,1260,swashbuckler,4.642546796264847,10.286824284069574,0.39550959159951754
1261,1261,foreign language,5.291209772201817,9.639915710075151,0.3110493665450532
1262,1262,guillermo del toro,4.35375597498963,12.656921820073425,0.43311207341734603
1263,1263,korea,4.627124462691281,9.447358947033557,0.3975176817986027
1264,1264,gory,5.574298591742023,8.519128126442649,0.2741893232009242
1265,1265,shaky camera,5.05290329973468,10.24943358023669,0.34207845105143586
1266,1266,abuse,6.073024572420654,7.249789838810257,0.20925189015600412
1267,1267,made for tv,6.052721820735015,6.731811882028968,0.2118954431877107
1268,1268,halloween,4.767043033611872,8.383872604395195,0.379299355136468
1269,1269,ninja,5.406530562077073,9.238366294062327,0.29603383424609075
1270,1270,fight scenes,4.648635035184212,11.514863269665728,0.3947168624807142
1271,1271,christopher lloyd,3.979885702223673,12.308881287773405,0.481792464545535
1272,1272,puppets,4.798103106926774,10.6139790029147,0.37525512742546674
1273,1273,don cheadle,5.143642057830187,10.618095537320313,0.3302636624567285
1274,1274,pilot,6.03616820700154,7.8576977982590215,0.21405083357263965
1275,1275,giant robots,4.239059221537851,12.026220597794067,0.4480463520318464
1276,1276,kaiju,5.8117697058646955,9.350215670082317,0.24326900789579387
1277,1277,ryan reynolds,5.028868040831538,11.31289780889456,0.34520800129787843
1278,1278,thor,3.8452904770713423,12.028475697616258,0.4993176562542209
1279,1279,australia,6.123311971217516,6.267896922121286,0.20270413704330098
1280,1280,margot robbie,4.331922029477988,12.141564919156114,0.4359549980487025
1281,1281,based on comic,6.236197799061125,5.94194819669317,0.18800565296324598
1282,1282,daniel radcliffe,3.917269419860077,12.25863129756711,0.4899455201332445
1283,1283,comedian,3.599403028013441,8.276445837323374,0.5313338342324696
1284,1284,beach,6.398613300325158,5.93145221399066,0.1668580766440037
1285,1285,witches,4.874460755233306,10.58768510339863,0.3653128547818282
1286,1286,trial,5.550043104686177,7.816916862722994,0.2773475486146428
1287,1287,pedophilia,4.512365680438341,9.337053850080457,0.4124600369747387
1288,1288,woods,5.817021632579445,8.644202560765294,0.24258517217716574
1289,1289,stalker,5.607035193003876,8.228393402562928,0.26992680042305106
1290,1290,lawyer,6.118979204745349,5.780535451056126,0.20326829199729554
1291,1291,benicio del toro,4.763380320105201,11.559092658643571,0.37977626474678855
1292,1292,mark hamill,3.8462807890254873,12.165689389520319,0.49918871106446283
1293,1293,plot twists,4.064258153601912,11.771685564075419,0.47080661134263013
1294,1294,wife husband relationship,6.5310099250829845,5.478685577368513,0.14961915730018707
1295,1295,teenager,6.638521089315743,4.118371393849108,0.13562049009731497
1296,1296,bomb,6.021655096594987,7.658896172691028,0.21594053688028902
1297,1297,undercover,6.095203460268103,7.202744863759399,0.20636405174292458
1298,1298,chris hemsworth,4.523514441643864,11.67395291222073,0.41100839426438235
1299,1299,shark,5.067527809047481,9.729971580286561,0.34017424286676795
1300,1300,queen,5.520879165017398,8.539289721309704,0.2811448871390774
1301,1301,a24,5.374716534442136,9.077238351224924,0.30017623181403336
1302,1302,brother-brother relationship,5.293580704476952,9.860570221849681,0.3107406554254499
1303,1303,hulu,6.470528601557058,6.151850061822933,0.15749422707615646
1304,1304,goofy,5.499930954373348,8.063696497542317,0.2838724832114894
1305,1305,slackers,4.469573895465572,12.004389230926884,0.41803181141440315
1306,1306,hannibal lecter,3.3853458777674,12.956190559270121,0.5592054960275381
1307,1307,heroin,5.04424153552165,9.058022723031517,0.34320627024559375
1308,1308,alan rickman,4.7913768724431165,12.0381155805944,0.3761309278015222
1309,1309,ennio morricone,3.9789336980127734,12.098791212774739,0.48191642181284966
1310,1310,sergio leone,3.178589546788871,13.644345108723616,0.5861265426938099
1311,1311,alfred hitchcock,4.474242912452291,11.643393083429928,0.4174238744115062
1312,1312,boarding school,5.4212550095032235,8.869076634999004,0.29411661345571205
1313,1313,michael j. fox,3.909229932032669,12.038993595865222,0.4909923148115513
1314,1314,tommy lee jones,4.846764135408111,11.002501787851617,0.3689191385230961
1315,1315,alone in the world,3.856173886491334,12.689483119694742,0.49790056410764877
1316,1316,exceptional acting,4.874909009552976,10.654142555285265,0.36525448909405905
1317,1317,midlife crisis,5.041218312467663,9.505199197844822,0.34359991395427114
1318,1318,con men,4.401889627815626,12.263663087021092,0.4268447523258273
1319,1319,las vegas,5.238789785971424,8.205144250215074,0.3178747966969372
1320,1320,treasure hunt,4.893567406664861,9.952767555673958,0.3628250419424792
1321,1321,edgar wright,3.663960620973258,13.026178455180982,0.5229280071194228
1322,1322,bizarre,5.390337736935152,8.713695762516837,0.2981422475616168
1323,1323,sacha baron cohen,4.140790061873768,12.667070316307083,0.4608416488948325
1324,1324,undercover cop,5.19128477793639,9.570711585194516,0.32406026406395844
1325,1325,funny as hell,5.254877416501869,10.097596869603299,0.31578008041806865
1326,1326,exploitation,5.9727933496374686,7.70122963732848,0.2223026606605544
1327,1327,drinking,5.6669774235523676,7.760818894471893,0.2621219241310455
1328,1328,ed harris,5.076345052249621,10.527010166011486,0.3390261792762153
1329,1329,jesse eisenberg,4.030437713448515,12.657309217249637,0.47521025713830833
1330,1330,mark ruffalo,4.873849353653339,11.179867788968883,0.36539246332579983
1331,1331,unintentionally funny,5.352511749542662,9.559573758056422,0.30306744219518167
1332,1332,surfing,5.071788934723806,9.686098508999,0.33961941601991746
1333,1333,visually striking,5.5572756596400605,9.602362177985402,0.2764058219525939
1334,1334,predictable ending,5.6285085985003285,9.182252760862047,0.2671308204948049
1335,1335,supernatural powers,5.469414747158301,8.867862282462882,0.28784589594630533
1336,1336,telekinesis,5.209439221267754,9.943250042555302,0.3216964350396633
1337,1337,interesting concept,4.27230020302847,11.776491537059902,0.4437181556002965
1338,1338,stupid ending,4.883049696831517,10.585351415328862,0.36419451757548976
1339,1339,jeremy renner,4.298456616442987,11.850424267402762,0.44031241695702544
1340,1340,mobster,5.747099865012702,8.249497168889175,0.25168945042946256
1341,1341,michael keaton,4.624301337052948,11.816567031775275,0.39788527149558856
1342,1342,blackmail,6.2173221708019835,5.99263836126994,0.19046338505209942
1343,1343,chris pratt,4.062187842939613,12.277176666317935,0.4710761795328261
1344,1344,bear,5.597393537185488,8.685544816240565,0.27118220800838827
1345,1345,not funny,6.188729846029196,6.262600683065683,0.19418629552290542
1346,1346,berlin,5.482037884872403,8.28717144975384,0.28620227962816025
1347,1347,julianne moore,5.228739070912059,10.653993088728114,0.3191834665106351
1348,1348,moody,5.494975067780067,8.704556853587974,0.28451777254129634
1349,1349,vince vaughn,4.426732375853208,11.50444079698435,0.42361006163426335
1350,1350,female director,5.757891107225011,8.026433017377066,0.25028435906510293
1351,1351,robot,6.009612315483324,6.86146127492032,0.21750858691660185
1352,1352,colin farrell,4.869905663322548,10.795164649433431,0.36590595798364217
1353,1353,lyrical,5.485387253704786,8.84982337541236,0.2857661695742993
1354,1354,golden palm,5.595756509862928,9.350945715702519,0.271395359831774
1355,1355,francis ford coppola,4.5984960493648845,11.460944671043505,0.40124529123863123
1356,1356,sylvester stallone,4.578123380475555,10.994272319680984,0.40389794795434314
1357,1357,prince,5.4708251289783725,8.209584445903578,0.2876622548717336
1358,1358,heroine in tight suit,4.221844792436902,11.860759415052287,0.4502877849638711
1359,1359,david cronenberg,4.079557053316644,12.313276513669226,0.46881459305127404
1360,1360,criterion,6.62553511524482,3.182748854154348,0.13731135011749313
1361,1361,robert redford,4.582689066997657,11.238973423208002,0.40330346526380895
1362,1362,hugh grant,4.6099606352052165,12.42804383498627,0.3997525260644944
1363,1363,frances mcdormand,4.27863867266582,11.68906039731746,0.4428928447810715
1364,1364,president,5.398775402192337,8.997365311363902,0.2970436075389969
1365,1365,adaptation,6.001006942935392,7.562866182987998,0.21862906354165654
1366,1366,cameron diaz,4.898275174226099,11.953315935036269,0.3622120593575676
1367,1367,experimental,5.313877950803555,8.131901516513263,0.30809781922803237
1368,1368,soldier,6.2085831949070815,5.802670418733305,0.19160125771973982
1369,1369,plot,6.081276335092797,4.887004599278879,0.20817745588391007
1370,1370,opera,5.0634463183154566,9.696335580825581,0.34070568005151947
1371,1371,radio,5.3610644009953425,9.273990881569482,0.301953830206672
1372,1372,100 essential female performances,5.978235209494676,7.762687172020589,0.22159409438607164
1373,1373,no plot,5.89229051272455,8.39524524014012,0.23278466437498965
1374,1374,transgender,4.8265601511206455,10.438908237402941,0.37154983138397857
1375,1375,viggo mortensen,4.703577346712285,12.012009712323346,0.38756300883280004
1376,1376,peter sellers,3.4985240155816983,12.39788198647901,0.5444689512490526
1377,1377,cary grant,4.294572711059002,11.624814524997905,0.44081812721796293
1378,1378,james stewart,4.214259939203143,12.303215637599019,0.4512753832003868
1379,1379,orson welles,4.0540091023379,11.366208389394332,0.4721411058466565
1380,1380,nazi germany,5.148616490084686,9.290690826060851,0.32961595835873164
1381,1381,paul newman,4.0192019084087,11.83999474632753,0.47667323353365465
1382,1382,david bowie,4.482790218132166,11.69504254333101,0.416310958478099
1383,1383,christoph waltz,3.9650584742840453,12.452294413440622,0.48372306804098786
1384,1384,hugo weaving,4.699640702024366,11.552419094501754,0.388075586101174
1385,1385,compassionate,5.568206810729358,9.005954142546448,0.2749825135237864
1386,1386,faith,5.89035775321976,6.97202918262375,0.2330363224914636
1387,1387,literate,5.440523946297688,9.353292777788745,0.2916076699849213
1388,1388,reviewed,6.765280206496575,2.953080846339925,0.11911561165973542
1389,1389,great story,5.028156499475157,10.413266336871986,0.34530064870543037
1390,1390,alcohol,6.496555735470193,6.231925070128653,0.15410532148207542
1391,1391,alternate universe,4.4181778155800036,11.833014883737398,0.4247239221638753
1392,1392,snow,6.0037951502291405,6.718492768701324,0.2182660204449108
1393,1393,court,5.5522506677488845,8.402190631490113,0.2770601092508824
1394,1394,egypt,5.223061891421979,9.170073966651968,0.3199226729632836
1395,1395,bar,6.186825759572104,7.141767133963574,0.19443422021824805
1396,1396,singer,6.450610095121904,6.381383436579018,0.16008774882577048
1397,1397,army,6.23617948705285,6.188093367795499,0.18800803730827167
1398,1398,cat,6.29568634468922,6.587298823792897,0.1802598494592705
1399,1399,castle,6.1169398182241554,7.443829373366667,0.20353383365905642
1400,1400,fire,6.085665150808865,6.822105532051038,0.20760600294632534
1401,1401,religious,5.104492167341185,9.139085371651195,0.33536123806104357
1402,1402,concert,4.8586983010706195,7.885007036291691,0.3673652309392128
1403,1403,smoking,5.945052078809036,8.092755276375273,0.22591475825882076
1404,1404,amazon,6.100087586290705,6.993522565860779,0.20572810611574052
1405,1405,jail,5.8429107574530965,8.370310410273511,0.239214236276079
1406,1406,non-linear,4.34476345867009,11.353452072920675,0.4342829587311829
1407,1407,horse,6.1975584537573285,7.17326071530914,0.19303675219563515
1408,1408,daughter,6.6889848296517345,5.042553883291678,0.1290497761457266
1409,1409,illness,6.154405500338434,7.418179035086646,0.19865555316428912
1410,1410,tv movie,4.615488431781509,7.97681166518382,0.3990327702587702
1411,1411,europe,6.044860902042676,7.639364605381682,0.212918986979355
1412,1412,storm,5.776021405594809,8.34204861778134,0.24792367387506897
1413,1413,race,5.573689349906086,8.986317622496646,0.2742686505318876
1414,1414,teens,5.69547819154681,8.790960242082166,0.2584109349605004
1415,1415,singing,5.759232036011101,7.748048680422368,0.2501097612365594
1416,1416,fight,6.646456972474135,5.318620779819043,0.13458718543460393
1417,1417,gay lead character,4.984317435825824,10.349356106552467,0.35100878578023614
1418,1418,mountain climbing,4.576104487344667,10.801078406733012,0.4041608212406586
1419,1419,business is the antagonist,5.528428337306725,9.599853264403745,0.2801619347983639
1420,1420,dull,6.152916399163884,7.1036802514174475,0.19884944402132423
1421,1421,afi 100 (movie quotes),5.794901820686895,8.648393391485811,0.24546531850879294
1422,1422,youth,6.324136528825968,6.6473124773320444,0.17655544664275433
1423,1423,forbidden love,5.529819098957267,8.170643597147466,0.2799808484000963
1424,1424,gene hackman,5.040374806915917,10.250706595518924,0.34370974397598963
1425,1425,seduction,5.7711326497518325,7.306969786167231,0.2485602223355969
1426,1426,cast,6.183341336108427,6.9248548840101485,0.19488791528154667
1427,1427,costumes,5.071306974093286,9.303651013004927,0.3396821704930894
1428,1428,script,6.479364042271218,4.223397964107978,0.15634379404875054
1429,1429,computer animation,5.43277050226711,8.332510085655215,0.29261721986222683
1430,1430,mel brooks,3.9598807507020726,12.62747598378797,0.48439724201919515
1431,1431,girlie movie,5.115932878199839,10.410356724141124,0.3338715815679946
1432,1432,immigration,5.897276696008259,8.174834483870862,0.2321354302149907
1433,1433,passionate,5.379442705263896,9.591353387197191,0.2995608530024477
1434,1434,john cleese,4.221552279853992,12.080168086698183,0.45032587204375746
1435,1435,menacing,5.846806214964691,8.092286154786741,0.23870702185144782
1436,1436,ominous,5.639071954489623,8.424169798309663,0.26575540142930715
1437,1437,beautiful woman,5.813933334658673,8.824845430955012,0.24298728906544184
1438,1438,japanese,6.302052353524356,6.292173823452682,0.17943095285369867
1439,1439,paul thomas anderson,3.8269818129804825,12.682738344102685,0.5017015658450634
1440,1440,confrontational,5.013162158275907,10.211521745981383,0.34725301145652276
1441,1441,airport,5.408270026980764,8.603963281814291,0.29580734436969863
1442,1442,patriotic,5.127349476928694,10.675243742513542,0.332385064634293
1443,1443,great depression,5.2275916897030505,9.762039835255264,0.3193328631599447
1444,1444,whodunit,5.1486908640776505,9.067276413255383,0.32960627437118034
1445,1445,african american,5.7386319830169334,8.691120480045445,0.2527920248720137
1446,1446,noir,6.072415614992149,7.38379912916759,0.20933118045523208
1447,1447,mummy,4.296617607945187,10.933337249158207,0.4405518680701045
1448,1448,river,5.519501603709147,8.480475478049012,0.2813242547651596
1449,1449,consumerism,4.963059175649619,10.50003913620124,0.35377675235973016
1450,1450,silent film,5.6439685573685505,6.1001984502510895,0.2651178312326127
1451,1451,shipwreck,5.045975520694395,9.40112321893312,0.3429804938665433
1452,1452,70mm,6.652908222946067,3.9445594759080707,0.13374718980211842
1453,1453,iran,4.257762984395664,10.213837656529606,0.4456109979590255
1454,1454,pre-code,5.404803365891793,9.364933164043027,0.2962587266539105
1455,1455,native americans,4.7667818960832795,10.114389144741612,0.3793333569760261
1456,1456,wrestling,5.351930531725467,9.392086697662242,0.3031431206128917
1457,1457,werner herzog,4.325259556687778,10.960120992377263,0.4368224962290443
1458,1458,university,5.5784006323573445,8.418792045448079,0.2736552102849648
1459,1459,dynamic cgi action,5.411712239957996,9.950510310438055,0.2953591453919129
1460,1460,super power,5.909906926114102,7.876922563960246,0.2304908904203642
1461,1461,indiana jones,3.159860474888907,13.187853899950403,0.588565192171911
1462,1462,shootout,5.87862634407122,6.853627681598851,0.23456382983140464
1463,1463,florida,5.775893704642942,7.456514946198499,0.24794030138663428
1464,1464,california,6.450356513417596,5.566063667566747,0.16012076684685403
1465,1465,boat,5.726346143919724,7.79862820253286,0.2543917226713746
1466,1466,holiday,5.874232273378466,5.974379434439022,0.2351359670018346
1467,1467,spying,4.644552483090009,10.781529419938689,0.3952484378618663
1468,1468,inventor,5.580749214816656,9.073501674140832,0.2733494092597315
1469,1469,hong kong,5.118560611526224,8.984487508922777,0.33352943324696704
1470,1470,theft,6.235737985835312,7.588921660554718,0.18806552369731866
1471,1471,hunting,4.940585332149894,9.352865462697157,0.3567029959565437
1472,1472,nazi,6.326572236322582,5.560227111050275,0.1762383013593602
1473,1473,marx brothers,4.313844229589717,11.394366968325496,0.43830884758797595
1474,1474,car accident,6.052973384070105,7.4935891647666635,0.2118626879716966
1475,1475,israel,5.948338095837736,8.239151676523056,0.2254868970303055
1476,1476,reporter,6.222414803383047,6.902754979469549,0.18980029048701344
1477,1477,smuggling,4.7333652190705475,10.188075082632414,0.3836844301307577
1478,1478,greece,4.486637401434326,10.03910514259122,0.41581002967596287
1479,1479,actors,5.1386985870668465,6.479750122745159,0.33090733516306536
1480,1480,iraq,5.002065120014796,9.949217171810602,0.34869791949619866
1481,1481,baby,6.252713638065236,6.848568075420445,0.18585518109881494
1482,1482,santa claus,5.083955736532131,9.307055005864271,0.3380352176656953
1483,1483,family bonds,5.237971370235064,10.13087466326947,0.3179813598581554
1484,1484,saoirse ronan,4.227589842272206,12.047268328079447,0.44953974134177604
1485,1485,mother daughter relationship,5.554380127691298,8.676075603061706,0.2767828394318043
1486,1486,daniel day-lewis,4.379664595959425,12.303149390913351,0.4297385989951334
1487,1487,intimate,5.624556247123046,8.98569096948884,0.2676454428783893
1488,1488,gruesome,5.429164629612963,9.60651146906969,0.29308672841626005
1489,1489,talky,5.765909825208019,7.997445340071427,0.24924026875839958
1490,1490,wry,5.542251079846256,8.877978454206495,0.27836212196941
1491,1491,biting,5.679518119672219,8.733618607586326,0.26048904225568903
1492,1492,forceful,5.820371200756562,8.305818924563766,0.24214903616729727
1493,1493,unrequited love,6.047401813383996,8.262639970776412,0.21258814345707538
1494,1494,class differences,5.376097633036912,8.99783790652673,0.2999964036097664
1495,1495,sea,5.7091027578767655,7.931023499994917,0.2566369259894545
1496,1496,unsimulated sex,5.351255746945099,9.156660642846962,0.3032309820702701
1497,1497,jealousy,6.495847585257859,4.676173135022836,0.15419752734016323
1498,1498,best friend,6.388727572735934,6.393845461953527,0.16814526399396298
1499,1499,duringcreditsstinger,6.918934142281936,3.5325945759868533,0.09910884932188188
1500,1500,single mother,5.970179667389433,7.56323975535609,0.22264297943791492
1501,1501,parent child relationship,6.9510418446156805,3.0545066961593506,0.0949282133588493
1502,1502,new love,6.241127565467835,6.963192353441077,0.18736376465510682
1503,1503,government,5.908875705972292,7.809637465460118,0.2306251621276898
1504,1504,pirate,5.605640579029373,8.243697145682564,0.27010838841946855
1505,1505,period drama,5.410279682563662,8.757039183976666,0.29554567387344705
1506,1506,dying and death,6.237775070356674,5.964992112474485,0.1878002817712157
1507,1507,prostitute,6.412721853177194,5.070612053866798,0.16502104941525744
1508,1508,orphan,6.316479406374162,6.533252971605698,0.17755245481115636
1509,1509,native american,5.895176793501415,7.677812735711406,0.2324088514597662
1510,1510,princess,5.71430085927969,7.5792132102635605,0.25596009868369873
1511,1511,professor,6.267259085642122,6.923227214550746,0.18396126727694595
1512,1512,gun,6.325249203735648,6.856897271662871,0.1764105689839851
1513,1513,extreme violence,6.072747403201001,8.032027280166503,0.2092879794281508
1514,1514,priest,6.37412330363637,6.535207607794602,0.1700468367685203
1515,1515,sheriff,6.103364727222083,6.915017830030273,0.20530140061401286
1516,1516,car crash,6.372854895426326,6.990570386779934,0.1702119919366976
1517,1517,fugitive,5.8908477306351985,8.207327642384005,0.23297252417968276
1518,1518,sadism,5.332302723252131,8.092599796338703,0.3056987915583303
1519,1519,nun,5.799299552519541,8.350908950515684,0.24489270463364776
1520,1520,widow,6.322583216373806,6.646162551222123,0.17675769823434553
1521,1521,political satire,4.263754408671273,10.583450250676893,0.44483087474945926
1522,1522,explosion,6.196079077956941,6.893251644823925,0.19322937674440088
1523,1523,helicopter,5.402680915783151,8.01647217716549,0.2965350837461028
1524,1524,love of one's life,6.250134821268793,6.857092796286395,0.1861909601629541
1525,1525,interview,6.1600588884190834,7.51367804055697,0.19791944451106727
1526,1526,london england,6.717651822964517,4.652507317351493,0.12531714333539073
1527,1527,car,5.1456601542608755,7.947476680726421,0.33000089290606716
1528,1528,mountain,5.995328552099876,7.50599493118078,0.21936842771952128
1529,1529,student,4.046470809325486,6.887779444731112,0.47312264163330325
1530,1530,gold,5.712960944140143,8.253118710807232,0.2561345645287342
1531,1531,eroticism,5.360464999503769,8.01846091319167,0.30203187625948263
1532,1532,based on play or musical,5.435320285989923,6.54808913821004,0.2922852210969853
1533,1533,aftercreditsstinger,6.714978782262456,4.783808941995838,0.12566519097746512
1534,1534,based on tv series,6.014965980003522,7.696452944586784,0.216811504260406
1535,1535,secret,6.519942568414605,5.606952643404275,0.15106020059947384
1536,1536,brother,6.1134605846196335,7.7427558893982855,0.20398685296824468
1537,1537,prisoner,6.066312673778919,7.647001232769011,0.2101258239102852
1538,1538,journalist,6.451147731672379,5.884701592248487,0.16001774497826396
1539,1539,neighbor,5.914186874100729,6.721851304737797,0.22993361278377686
1540,1540,god,5.123797042061493,8.75318701601396,0.33284761523376527
1541,1541,author,6.252432304014016,7.062882611566551,0.18589181265967622
1542,1542,dinosaur,5.800878415593612,8.224686081165999,0.24468712618148836
1543,1543,musician,6.205690449167555,7.208549474014878,0.1919779124160138
1544,1544,book,6.361280285456626,6.655429159302004,0.17171908298277805
1545,1545,thailand,5.66872853989718,8.865785054363888,0.2618939171596814
1546,1546,gay interest,5.846787527725248,7.9928290336934325,0.23870945505406235
1547,1547,evil,5.97669028795859,7.658200301924938,0.2217952534246938
1548,1548,swimming pool,5.918612957848914,7.941910006850215,0.22935730730103876
1549,1549,nurse,6.233795733195487,7.147512596210445,0.1883184178829862
1550,1550,wrongly accused,4.916655166354483,9.688761192661495,0.3598188623827901
1551,1551,mine,6.888445084538735,4.039978296168557,0.10307872701525513
1552,1552,new world pictures,6.083303985165813,6.560750766741396,0.2079134423856042
1553,1553,outlaw,5.196332132409635,8.928250078295317,0.32340306500905
1554,1554,father,6.159146334759045,7.224953190280985,0.19803826505480152
1555,1555,brazilian,5.9800397725578955,7.968101331093138,0.22135912829721113
1556,1556,cheerleading,4.212822806004522,11.669399264556992,0.45146250748201155
1557,1557,magnolia pictures,3.5309801358943096,5.445140375201247,0.5402429489525006
1558,1558,remade,6.098134928595744,7.3153860689374,0.20598235510865168
1559,1559,heroism,5.116151360588015,9.812583576054447,0.33384313371084795
1560,1560,crazy,5.597158949720191,8.934171696167747,0.27121275285347574
1561,1561,sexual assault,6.322318890191736,6.464504291124352,0.17679211525775143
1562,1562,malayalam,5.561984137713257,9.244288716142108,0.27579274685430927
1563,1563,unfunny,5.610666573905999,8.892714921350098,0.26945397052581693
1564,1564,betamax,6.927442110902572,2.6752835262473003,0.09800105533469267
1565,1565,seen at the cinema,6.640959858329225,4.834868925387556,0.13530294618410332
1566,1566,divx,6.876142987340819,3.8539423041758547,0.10468054172724336
1567,1567,eddie murphy,4.319646018909676,11.815481248515367,0.43755341610836274
1568,1568,audience intelligence underestimated,5.199774092901958,10.25952319642865,0.32295489890647533
1569,1569,ingmar bergman,3.8291894267378925,11.016582550701834,0.5014141198805163
1570,1570,jim jarmusch,3.646415326596777,12.872404778875714,0.5252125209064843
1571,1571,jet li,4.6196828974319075,11.360342105815338,0.39848662298976023
1572,1572,redbox,6.510736404575583,6.023489085819275,0.1522589042384612
1573,1573,super hero,4.843770482849173,11.266186677494167,0.36930893195704
1574,1574,afi 100 (thrills),5.962495303065144,8.525482125242615,0.22364353467893586
1575,1575,ian mckellen,4.056160430801536,11.53741616999304,0.4718609886009599
1576,1576,to see,6.7690727572026175,3.422318058878095,0.1186217963842449
1577,1577,foul language,6.005231011360389,7.382904866068483,0.21807906179490144
1578,1578,oscar winner: best picture,5.962567797481871,8.392748513795842,0.22363409542468665
1579,1579,in netflix queue,6.653687779698776,4.733547185373364,0.13364568633850318
1580,1580,blasphemous,6.077176805889366,7.326672041163725,0.20871124179737155
1581,1581,seen,6.273387283474431,5.815615810375467,0.18316333524244457
1582,1582,michael crichton,4.702982075322483,11.91642314234586,0.3876405171189459
1583,1583,national film registry,6.358923992201516,4.669201288608722,0.17202588800480575
1584,1584,memasa's movies,6.766235775082482,3.4543970613972768,0.11899119028713576
1585,1585,netflix finland,6.881415230524785,3.465727706786086,0.10399406066946999
1586,1586,annemari,6.571700269820891,5.606318571562253,0.144321004327693
1587,1587,library vhs,6.357065478673335,6.371940023461177,0.17226787880230765
1588,1588,on dvr,6.733734476298775,4.037037747988061,0.12322307512050264
1589,1589,btaege,6.616968094961408,4.708502100925932,0.13842683302313916
1590,1590,clv,6.896437756727957,2.307307793201295,0.10203802804378513
1591,1591,adapted from:play,5.931840979091639,7.222032605828122,0.2276349311324715
1592,1592,archaeology,4.072991871426385,12.416792678281466,0.4696694233106607
1593,1593,bibliothek,6.691604631802964,3.9208611881483777,0.12870866051634855
1594,1594,can't remember,6.539626388568296,5.088956506477522,0.1484972365614679
1595,1595,futuristmovies.com,6.23903139462738,6.966229200666604,0.187636700012149
1596,1596,tumey's dvds,7.000831436287877,2.074023238339527,0.0884452780380392
1597,1597,best of rotten tomatoes: all time,5.790957878408639,8.046235511703433,0.2459788459718675
1598,1598,bd-video,7.171371270294383,1.671662129687065,0.0662398596693791
1599,1599,watched,6.44575615062606,6.145595012414759,0.16071976461783674
1600,1600,blu-ray,6.746634686933816,4.844948063868231,0.12154338206894262
1601,1601,afi 100 (cheers),5.824912565927787,8.26853970829351,0.24155772027808364
1602,1602,dvd-r,6.16831624996568,4.547140190779729,0.19684428122835604
1603,1603,want,6.428892867660488,6.161425160704321,0.1629154759922559
1604,1604,no_fa_ganes,6.617711428482071,4.428885331445877,0.13833004606477287
1605,1605,dvd-video,7.031361596941938,1.680622144551912,0.08447004847284581
1606,1606,bgab lrc,6.45096058505788,6.391944619347607,0.16004211270968255
1607,1607,10/10,6.3514478106949745,6.752244642444723,0.1729993364611146
1608,1608,bob*ola,6.7880702428553015,4.3503000154298626,0.11614819765390738
1609,1609,kaf,6.393339261554059,6.774965957869223,0.16754479149914017
1610,1610,prospect preferred,6.441235010679112,4.100364321469889,0.16130844704860203
1611,1611,perrot library,6.874402472023515,3.8213902281477345,0.10490716837446004
1612,1612,lgbtq+,6.109113028965076,7.345924684635857,0.20455293357195156
1613,1613,dvd-ram,6.495335025108027,3.702198700352254,0.15426426607385818
1614,1614,might like,5.941941763688142,5.488236913502829,0.22631974193269483
1615,1615,anamorphic blow-up,6.249387245192688,6.5877362839217355,0.18628829953019937
1616,1616,a list,6.664162764125859,4.88087657799529,0.13228177383698353
1617,1617,pam's list,6.169942360098569,6.4642183188176645,0.19663255089552992
1618,1618,jim's list,6.572315766925884,5.32426548245266,0.14424086251917828
1619,1619,warner,5.00714651982674,8.283179180780836,0.348036287512211
1620,1620,itaege,6.381802844461493,5.08185670230211,0.16904690957910745
1621,1621,etaege,6.2558417256917735,5.939312608780692,0.18544788332673875
1622,1622,01/11,6.255498446408171,6.002094827157155,0.18549258056802606
1623,1623,11/10,6.158258843690216,6.1187976548268335,0.19815382228280398
1624,1624,12/10,6.066513998167315,6.422503906900023,0.21009961013859843
1625,1625,01/12,6.229966020861716,6.913555832741699,0.1888170718490723
1626,1626,11/11,6.323015933268861,6.300820124074245,0.17670135562239292
1627,1627,12/11,6.285814402139891,6.715286836270345,0.18154524190553537
1628,1628,02/11,6.215109138866579,6.205906735139357,0.1907515364993853
1629,1629,03/11,6.242071891654794,6.019600773215684,0.1872408071174731
1630,1630,05/11,6.199349578074351,6.141821377683041,0.19280353592073105
1631,1631,06/11,6.29468584552369,5.76645558434876,0.18039012109156996
1632,1632,tivo,6.469564588545925,6.047812990800864,0.15761974796897163
