,id,entropy,KL_div,norm_entropy_diff
0,0,5.873594011303596,7.885740766721199,0.20573391959933743
1,1,5.2391532519630735,9.591228106085747,0.2915271790922552
2,2,3.696187559497228,10.950358668947342,0.5001771658616924
3,3,1.3332201690518795,8.703203274006206,0.8197131848156247
4,4,5.325549165789296,9.655288984757268,0.27984415440492966
5,5,3.9872380913381367,10.762121998028418,0.4608193953588414
6,6,4.593258121505131,10.667916238085159,0.3788693741148297
7,7,2.999592720639005,10.111921333125323,0.5943753094893375
8,9,2.379930747578916,9.440990377506788,0.6781700841313362
9,10,2.568360673517576,8.837947354104518,0.6526893480747645
10,11,4.893164511278768,9.963821415591266,0.33831405615546795
11,12,4.752654435817466,10.28374028934368,0.3573147543104091
12,13,4.777656968409738,10.795282346674314,0.35393374712401937
13,14,4.619538904566945,10.637795345030458,0.3753155134781912
14,16,4.336797832234524,11.138046192871606,0.41354962411940505
15,17,4.413591211466214,10.63435366865761,0.4031651174262809
16,18,4.675734198388241,10.31675931914993,0.36771641560480955
17,19,0.0,4.6910641435196805,1.0
18,20,5.4036373943429865,9.361842370385567,0.26928454965536586
19,21,0.6057406508934331,6.536562913149961,0.9180877582620504
20,22,4.944561516896814,10.202623766397885,0.33136381442646645
21,23,3.7008153539723168,9.611974645817563,0.4995513650025328
22,24,5.053681262269368,9.997208997512358,0.3166079235214119
23,25,4.590559075984496,10.296134518631888,0.37923435683279966
24,26,5.14597457024747,9.78000467564145,0.3041274143418698
25,27,4.524119705066894,10.562101244930073,0.3882187263042772
26,28,4.56529935596491,10.437768716397663,0.382650142597591
27,29,3.8233926073180817,10.432929325140414,0.48297566120450813
28,30,2.3226024814681323,10.285438648862042,0.6859223899822936
29,31,4.909376529519816,10.2346115095442,0.33612176023598145
30,32,3.5686724796510294,10.799872617158778,0.5174205950919908
31,33,1.1442007283906515,8.118673103163205,0.8452736389370015
32,37,5.100614346996014,9.83359515880701,0.31026132258590194
33,38,5.3295019143445215,9.506358212070912,0.27930963770259604
34,39,4.120197718059353,10.882377548731373,0.4428397186286893
35,41,4.537821449567965,10.514301902375616,0.38636588613885664
36,42,1.7185576702338037,9.163923325555896,0.7676053091084944
37,43,5.237648179645351,9.84972531519872,0.29173070488723113
38,44,5.251649996520915,9.55652436291552,0.2898372869583039
39,45,4.718884818275015,10.15094645560449,0.3618813044857283
40,46,2.061598530384468,9.37736826784743,0.7212170638731604
41,47,2.095626721749957,9.440020235335812,0.7166155476418757
42,49,0.5546391068212929,7.430482417399018,0.9249980457341653
43,50,4.765996973772165,9.984407602446655,0.3555104884208225
44,53,5.001918842831726,9.72808065811601,0.32360757891462943
45,55,1.2094142638150565,8.621032631545713,0.8364550350173349
46,56,4.560569123980503,10.610396374223678,0.3832897957316705
47,57,5.238782378894456,9.685303361612881,0.291577330992092
48,58,2.605711525864583,10.743418570245984,0.6476385197341967
49,59,4.576473010115585,10.36292292108246,0.3811391674656821
50,60,4.944138600305102,9.86280265757128,0.3314210039943849
51,61,4.527045167094067,10.795819782692757,0.3878231260545474
52,63,4.257522721714805,10.500971428251294,0.42426972686819064
53,64,1.7676125753076342,9.26725077106021,0.7609717816460182
54,65,4.431756285086881,10.655961202252474,0.4007087164906509
55,66,4.357280221696955,10.757746889434205,0.41077986046800913
56,67,2.057163504655972,9.144476191101937,0.7218167972723483
57,68,5.360803966021095,9.428245518005008,0.27507676804122616
58,69,3.5938415633842107,10.521736982149312,0.5140170657630044
59,70,0.6764426192305011,8.497082169211966,0.9085269722833764
60,71,4.484799722729706,10.748199702757063,0.3935358333757362
61,72,0.9356103854947619,7.545427438681393,0.8734805994014988
62,73,4.479379035088425,10.241741169302507,0.3942688544728074
63,74,4.464417849650893,10.631483595465447,0.39629200453948676
64,77,4.918806252937243,10.030900443562459,0.33484661090771534
65,78,4.334420552562666,10.607315318844638,0.41387109553934814
66,79,3.685563378866295,10.93235200659544,0.5016138375640539
67,80,5.103608326439739,9.547285854917899,0.3098564569596787
68,81,4.708306140901199,10.20529948574573,0.3633118229378641
69,82,5.344703436111532,9.399645007749003,0.277253987773988
70,83,5.42365194203773,9.42434407624196,0.26657805065017365
71,85,5.491604268545524,9.249924666795792,0.2573890893556777
72,86,4.463922296640426,10.73188643655953,0.3963590164825146
73,87,1.4290998506280395,8.215562658444673,0.8067477025693196
74,88,4.661321133998911,10.250874197501814,0.36966544513205385
75,89,4.666269579124017,10.485867389411467,0.3689962837793911
76,91,4.2997464320706325,10.710569375837869,0.41855995856283024
77,92,4.156135636696028,10.508089625592588,0.4379799564935508
78,94,5.233359545213064,9.67023758758767,0.29231064229084613
79,95,4.669126987386653,10.199459294893742,0.36860988620807433
80,96,2.5021087162714495,9.076281962720513,0.6616483742348097
81,97,4.657784968401876,10.352889888805315,0.37014362874212275
82,98,4.939575130749608,9.986030000464083,0.332038106414112
83,99,4.723798768628336,10.345934460135993,0.3612168077433753
84,100,3.786446141859673,10.994462375544678,0.48797180568569537
85,101,5.235076313435021,9.185241878078381,0.29207848958094035
86,102,5.602978354058338,9.201840111181516,0.2423283517241304
87,103,5.461614539556922,9.117853151169392,0.26144449809693815
88,104,4.085655232994224,11.11301260402687,0.4475107810424651
89,106,2.5477646005040535,9.131143475900263,0.6554744847649434
90,107,4.533492191254368,9.88604550037754,0.386951316971353
91,108,1.693206480766131,9.534205052614894,0.7710334639747028
92,109,5.257157227169069,8.981111348425163,0.2890925629456545
93,110,5.458840646573957,9.243009436057392,0.26181960218189704
94,111,5.123370754928789,9.880787439277723,0.30718405117456854
95,112,5.095150067975866,10.101569024483483,0.3110002383964255
96,113,4.3135887048244435,10.721706362193462,0.41668811524120336
97,114,4.855165120181072,10.64840777505025,0.3434525841788035
98,115,4.278358557152872,10.366078881288335,0.4214521679232894
99,116,4.46919615936088,10.348395570953453,0.39564585001859404
100,117,2.759293131627527,10.187330105324227,0.62687020313005
101,118,5.31259935689539,9.886009479452671,0.28159531288341927
102,119,5.338581734625019,8.956357350104664,0.27808180458184334
103,121,5.1532555618531966,9.795583116543611,0.3031428306861079
104,122,4.546382702800794,10.864079892578744,0.3852081770708703
105,124,1.4985193526130307,8.577582004007766,0.7973603401403071
106,125,4.096913247516946,10.948691899969885,0.44598839814523933
107,126,1.883094197839323,9.188116261385991,0.7453555957962583
108,127,0.0,7.425351563019791,1.0
109,128,4.390025293374151,10.90400546365455,0.40635185613481334
110,129,3.6657442568938863,11.398330752106691,0.504293909815509
111,130,3.2492902247433273,10.032013904777465,0.560609567851578
112,131,4.1189630066464975,11.698308970932462,0.44300668444083563
113,132,1.2628440366107814,8.781019310093592,0.8292299091176748
114,133,3.1941136625433817,11.48299349735054,0.5680709061232042
115,134,5.351131303406846,9.567319188927055,0.27638476920829225
116,135,2.348004026302339,9.99923373642193,0.682487425731656
117,136,5.065222017080314,9.653432748615643,0.31504730661957725
118,138,2.2598047890214334,9.763898625387206,0.6944143076977259
119,139,5.234861545592237,9.243358376809583,0.2921075319036403
120,140,4.710593998374078,10.4443963942473,0.36300244377682545
121,141,4.753035458683721,9.901332036762522,0.35726322988806386
122,142,6.434133675228953,6.560742258318244,0.12993405312605263
123,143,4.706175322909747,10.000717213528526,0.3635999661855691
124,145,2.405309367144072,10.137306934165336,0.6747382199866226
125,146,3.725975513410445,11.181772022344504,0.49614904247552133
126,147,5.026360341107447,10.19320380557456,0.3203024384849
127,148,3.8249266565160687,10.546309549732378,0.4827682169648685
128,149,5.586109508045514,9.256090759174045,0.24460946822242835
129,150,5.703089263016315,8.961305547897453,0.22879069503380156
130,151,2.0830441252908614,7.8923202595222115,0.7183170492355501
131,152,4.733609260351038,10.290165859319183,0.3598901684161766
132,153,5.205193769661989,9.651834722292438,0.2961194040311613
133,154,5.477488609304006,9.301550383186292,0.25929790179938017
134,155,6.401759512720109,6.4930488381876055,0.13431190067776763
135,156,4.878616603637737,10.048411433834278,0.3402813200756224
136,157,6.702632860748665,4.823437207132372,0.09362582425236841
137,158,3.6747942970769163,11.11080796774906,0.5030701037557421
138,159,4.589507105725974,10.754658506468914,0.3793766111820663
139,161,5.437561775642784,9.280196813570598,0.26469707130511677
140,162,3.7827062061615546,11.026102619809235,0.48847754443137276
141,163,1.2445827367759361,7.42342669057134,0.8316993223959727
142,164,6.105723846335918,7.233883155545083,0.1743437939181355
143,166,2.38694595229683,9.34626854916835,0.6772214419296819
144,167,3.829927890891778,10.832668892575782,0.482091917101937
145,168,7.053933741409821,1.7547316008801552,0.046120604622435196
146,169,3.386455962396936,10.945135898694446,0.542061113089173
147,170,3.7314811727676123,11.067385960040479,0.4954045309431916
148,171,4.971011225728873,8.792080575407661,0.3277871105342075
149,172,4.098983822394897,11.207321807459657,0.44570840136825396
150,174,3.5700683823439707,10.556504244256114,0.5172318319329421
151,176,2.330744756569821,8.598081389179846,0.6848213378976388
152,177,5.112309748558154,10.0050563708702,0.30867979333148027
153,178,5.12722425246497,10.027991865872838,0.3066629558489458
154,179,4.618556822724685,10.531411462566206,0.3754483170553509
155,180,2.18043589705226,9.875288937864248,0.7051470921919861
156,181,1.3688169667055812,7.840238171772416,0.8148995513072804
157,182,1.6423710932900006,8.985995413260358,0.7779077599983317
158,183,4.436126389138842,10.629778642268903,0.4001177622283008
159,184,0.0,4.093575690378611,1.0
160,185,5.558826436410159,9.039175955874011,0.24829886492356226
161,187,2.6270749233719837,9.147229811099075,0.6447496203704359
162,188,4.636836375503917,10.694553097916558,0.37297643549365356
163,189,6.304697632742084,6.7191604124602,0.14743724758089072
164,191,2.369604773060673,9.996225685688323,0.6795664304384078
165,192,5.69397049398695,8.314589419923411,0.23002379506099002
166,194,2.8173795663416525,9.573799775332512,0.6190153727253523
167,195,2.7979893149831048,9.701677679599328,0.6216374502667859
168,196,4.710100575742128,10.343040687214804,0.36306916763603414
169,197,5.244666149395411,9.70361432801948,0.2907816887797128
170,198,4.448522285444083,10.505971781878623,0.3984415074595052
171,199,2.2074931479454785,9.841153883722686,0.7014882324594246
172,200,5.9646350486606154,8.382950414345924,0.1934227507037669
173,201,4.273989613789523,10.499714007874921,0.4220429652296783
174,202,5.32211931416691,9.556674367456305,0.2803079615388966
175,204,4.5320074165627515,10.491735769441764,0.3871520979875959
176,205,4.172633936436145,10.647681407118831,0.4357489477035937
177,206,4.894196088268018,10.027150891636985,0.3381745595184335
178,207,1.920722877213299,8.460867775912543,0.7402671978546397
179,208,2.4473344816453517,8.771604109611843,0.6690553071211637
180,209,2.513242593449518,9.516922340438928,0.6601427780072072
181,211,5.114573515162441,9.787045511639977,0.3083736718964154
182,212,4.9577967494621635,10.214117498437343,0.32957405907860937
183,213,1.1281268310718753,8.086291702515357,0.8474472572353683
184,214,1.6416483840302822,9.293375284165194,0.778005489506003
185,215,5.575666999504946,9.129776491562573,0.24602157302778346
186,216,2.496450447454229,9.498332313423674,0.6624135226237956
187,217,4.291721024021729,10.371295055274434,0.4196452071146285
188,218,4.101105111071202,10.120565578595269,0.44542154673732703
189,220,1.7885519329842863,9.093850888216927,0.758140223741959
190,221,5.0183981322515665,9.990062621915424,0.3213791408254296
191,222,6.717564772455327,4.423731605602693,0.09160663277244743
192,223,5.689881601953056,8.911486095375091,0.23057672198149093
193,224,6.285203641254362,7.022920596188767,0.15007335354608328
194,225,4.8346463610408135,10.193653605519174,0.34622726597765685
195,226,4.008322978817592,10.44675992612294,0.4579681579560235
196,229,4.796348213146062,10.203557870457809,0.35140619386345023
197,231,4.2476177383313125,10.61084482350708,0.42560914398031996
198,232,5.598803324862115,9.204150037574642,0.2428929266792364
199,233,1.9733743479910921,9.736373956765703,0.7331473190816896
200,234,5.247775439078286,8.782997577066975,0.29036123014322984
201,235,5.591430385312829,9.011132801271641,0.2438899441417258
202,236,4.468885035722089,11.388350544817387,0.3956879222068705
203,237,2.4197291556141547,10.664668625540862,0.6727882811848775
204,238,5.125734965046885,9.932676314508257,0.306864347105794
205,240,4.831836634374435,9.966491110443648,0.34660721572937736
206,241,2.368368760910481,10.54298358945621,0.6797335721448265
207,242,4.592764038198074,10.429524161442817,0.3789361873148793
208,243,6.665433869301088,4.660214830288746,0.09865611696157917
209,244,5.33121680463446,9.103330030420539,0.27907773893903065
210,245,4.381052055992626,10.749029690771184,0.40756527641374524
211,246,5.164660248305087,9.856554423261098,0.30160061384427156
212,247,4.973917481972325,10.056300654667265,0.32739410741708963
213,248,1.2369873623788759,8.41992530173906,0.8327264189640906
214,249,1.237255513966394,8.196791818424296,0.8326901577397089
215,250,5.835235214833013,8.28068068121779,0.21092104878513812
216,251,4.847668968572545,9.995987924973617,0.34446626318772633
217,253,4.994354917038107,10.275493910636193,0.3246304227953909
218,254,0.6610697788227906,6.139599399896634,0.9106057890473133
219,255,4.125060247967516,10.858719750746967,0.4421821752977143
220,257,5.079926172658845,9.633806840981329,0.31305891382387413
221,260,5.040803040666289,10.055497608321968,0.31834940149478286
222,261,4.384088886202269,10.64713615093596,0.40715461622463217
223,262,2.888739593282879,10.947595618898504,0.609365599726603
224,263,4.667346665856064,10.24216820366248,0.36885063301509446
225,264,5.672563988076199,8.698972408256704,0.2329185238270718
226,265,2.152051289791246,8.133685597860781,0.7089854457978928
227,266,1.619749067416596,7.957530144434758,0.7809668593822205
228,267,4.615809375190031,10.486061896123433,0.3758198450125534
229,268,4.8848153804445875,10.022587701426353,0.33944308063514006
230,269,3.0807046068401815,10.636538582286798,0.5834068258313029
231,270,4.794918062740752,10.174557216260308,0.35159958822380655
232,271,4.565378978741238,10.806017178136319,0.38263937548118104
233,273,4.438015678717136,10.398028247909942,0.3998622800439337
234,275,1.500906077928632,6.618279182765102,0.7970375914181843
235,276,4.29803259053805,10.857973385333782,0.4187917155065163
236,277,3.579950485104026,10.82581936017625,0.515895508889463
237,278,1.6630328085484705,9.153517120455351,0.775113746731307
238,280,6.33914967362721,5.912032774899568,0.1427784156250267
239,281,2.879971364457121,10.05803790092277,0.6105512973979245
240,282,0.0,6.29522876335141,1.0
241,283,4.307080692192322,10.455208523188146,0.41756817158738
242,284,3.344251419509475,9.882557847010588,0.547768289443176
243,285,1.3982465748071893,8.817849010559154,0.8109198858027177
244,286,3.428822030985967,9.845852768958045,0.5363320941655912
245,287,6.23650363030994,6.602114679549266,0.1566588898861597
246,288,0.38409660328798517,7.038017771476809,0.9480599266817477
247,289,5.928147007397714,8.117102695293639,0.19835690404490847
248,292,4.40007268540344,11.783923809936386,0.4049931815873396
249,293,1.8423535843080678,9.000327824896871,0.7508648099776122
250,294,5.631336194517637,8.890268034885896,0.23849361770150507
251,296,3.9553238891599323,10.761194864899515,0.46513504404419737
252,297,4.989811124906185,10.161851004145042,0.32524486430425775
253,298,5.320743128032296,9.607361871378863,0.2804940584950257
254,299,4.8642078416766115,10.350776397242132,0.3422297678001782
255,300,1.632843642332547,8.398705068048397,0.7791961246884385
256,301,3.993202086047464,10.229997769044957,0.46001290470044875
257,302,4.537002588039413,10.221135365574591,0.3864766179898192
258,303,4.484065861005675,10.192500649682895,0.39363507099310996
259,304,5.350316609001477,9.168259184039208,0.2764949375534028
260,305,5.320001762119709,9.168530627360703,0.2805943108782173
261,306,5.202268906505777,9.785724449127347,0.29651492329761414
262,307,4.442643150589705,10.440206147269699,0.3992365228092123
263,308,4.313224025205061,10.36404461521651,0.41673742962202903
264,309,2.4259646059167697,10.448730436010969,0.6719450825126745
265,310,5.0182873693811825,10.154620854112835,0.32139411891052444
266,312,4.217658804570024,10.586179212732084,0.42966038838804854
267,314,4.933841807330795,10.046259956269603,0.33281340418082284
268,315,6.0264642011044,7.301153330440836,0.18506180534875757
269,316,3.644902925259413,11.025149105295995,0.5071122119922999
270,317,0.0,5.034629389402179,1.0
271,318,1.6328436617198485,8.402065070739631,0.7791961220667599
272,320,4.633853289163425,10.292704164535692,0.3733798280826883
273,321,4.659599690858313,10.226373452615665,0.3698982300152589
274,322,3.0109539854813345,10.158175151083292,0.5928389644036294
275,323,2.98276304118503,9.943309420998856,0.5966511296274988
276,324,1.5864201480925169,10.990461135336062,0.7854738154409099
277,325,4.84866582126905,10.13926682344573,0.34433146219833793
278,326,1.8406796781705843,9.705476280488563,0.7510911665940584
279,327,3.539385536362763,9.76699356406304,0.5213809685205459
280,328,5.048451115202853,8.29028000942131,0.3173151784665862
281,329,5.404925545679616,9.547479018139622,0.26911035734463784
282,330,5.178590096061655,10.111689454849397,0.29971692805378364
283,331,4.762749917096615,10.204407599040827,0.3559495768177332
284,332,5.097038623634185,9.57956409706535,0.31074485545755287
285,333,4.167997870584392,10.3412364281564,0.43637586707280185
286,334,1.255577956289663,8.50256048275626,0.8302124763712889
287,335,4.142766053031817,10.293027248638097,0.4397878796821685
288,336,4.523484505855507,10.260332024231367,0.38830462212665295
289,337,4.212367574836422,10.59023154223298,0.43037590333390946
290,338,4.9103772719774925,9.8670342257034,0.3359864332474597
291,339,3.9159531014345244,11.132948283465591,0.4704590213549829
292,340,4.977077316701358,9.977170019068648,0.32696681374644904
293,341,4.90365769461848,10.547850224452912,0.3368950987699015
294,342,2.056981965255221,9.038109069297247,0.7218413462261908
295,343,5.648959088921632,8.940263680847156,0.23611053381170288
296,344,3.3984969221724683,12.133495223280322,0.540432855176425
297,345,4.548946437472868,10.423794301320296,0.3848614919773387
298,347,4.41722802725211,10.745878217479381,0.4026733232345401
299,348,6.28373037203391,6.370421972261737,0.15027257871671157
300,349,5.350679432315488,9.432198952881642,0.27644587419441974
301,350,3.8205169001110093,10.671506146902447,0.48336453327965423
302,351,4.97308276573983,10.195732228812092,0.3275069832455781
303,352,4.363388570459564,10.024596331921003,0.40995384930345463
304,353,5.748765934786051,6.79330290016693,0.22261399453620556
305,354,5.4262194482848525,8.643553640602423,0.26623085553941495
306,356,2.5193834946119567,9.443872877087639,0.6593123648926761
307,357,2.730519493189358,9.677449137858988,0.6307611640948645
308,358,5.009278543048049,10.157822867850228,0.3226123517619707
309,359,5.178784804621333,9.273350023032329,0.29969059827950606
310,360,4.701464516008771,10.05952319695795,0.3642369925318848
311,361,2.5273985229306786,9.234369011624292,0.6582285199563799
312,363,4.260467804176638,11.067303163087693,0.4238714734140167
313,364,3.9566976375558305,11.643510083537919,0.46494927673515846
314,365,5.172215793852455,9.789025387069909,0.30057890319562136
315,366,3.535953447997308,9.993531838747794,0.5218450781216476
316,367,1.6567154408442872,7.948333221872889,0.7759680228142631
317,369,4.503122127715221,10.485803226408333,0.39105815705637337
318,370,4.079380152818531,10.867852909938449,0.4483593387272074
319,372,4.978873006928795,10.06519792419058,0.32672398868298436
320,373,4.310109301059447,10.642696260924732,0.4171586231423685
321,376,5.322871462021781,9.526652730907966,0.2802062511504325
322,377,4.252172258699142,10.485379251331219,0.4249932517287106
323,378,5.450998775150812,8.743095574602869,0.2628800317019287
324,379,2.8256196803371374,10.494509033831553,0.6179010902208666
325,380,3.7847959480974978,11.324008535110845,0.4881949557585234
326,381,4.309456448812334,10.769315363863363,0.41724690612454224
327,382,5.29597101898816,9.706989656489071,0.2838439062910903
328,383,4.370566916323371,10.66837640797255,0.40898314608119685
329,386,5.570133649077051,9.176512633940408,0.24676982912913978
330,388,4.659629044589261,10.18291977544463,0.36989426061036296
331,389,4.700708833424229,9.969125184888073,0.3643391809097837
332,391,5.5853579159169575,8.72762177762854,0.24471110346191877
333,393,5.278539352557509,9.708911626057017,0.2862011310744308
334,395,3.305950246188717,10.845866534588076,0.552947626447007
335,398,4.552987795013294,10.518851649170564,0.38431499298422567
336,399,4.7671807931896115,10.618502218678886,0.35535040455959743
337,400,2.570821551699096,11.361281006081086,0.652356571913556
338,401,5.138900167322955,9.79939890205031,0.30508406171504815
339,402,4.209832775631232,10.710000550582354,0.4307186755829677
340,403,4.523773202676692,10.916669583174938,0.38826558264041244
341,404,5.192772865199272,9.969598650580185,0.29779904056777706
342,406,4.1598444807679975,10.849110075972412,0.43747842216240856
343,407,4.517857937015366,10.210035508923713,0.3890654838358829
344,410,5.01115359386452,10.246262768588085,0.32235879503678944
345,411,2.0364760980385395,9.365532481748023,0.7246142846941996
346,412,4.8748748624820575,10.330133853386151,0.34078730296716647
347,413,4.15534359121308,10.8220719714957,0.4380870621021492
348,416,5.393565814330727,8.971421378097402,0.27064649506125943
349,417,4.697982829065692,10.655176236118816,0.3647078091794331
350,419,0.5615702788368777,7.758125551548868,0.9240607669881699
351,420,4.766932377068974,10.146263723148936,0.35538399702412043
352,422,6.637615313979558,4.81134625213496,0.10241792529479365
353,423,6.827642897339078,3.817884206251234,0.0767211434756026
354,426,4.36396123399939,10.77241799684385,0.4098764099666038
355,427,2.2183540567881757,9.027776238878923,0.7000195488085837
356,429,5.139554025224381,9.039070575698695,0.3049956427416725
357,430,5.12771349730531,9.785275688039013,0.30659679693824393
358,431,4.019014202738232,10.631445587770287,0.45652242021831296
359,432,4.779966835891644,10.282004127875826,0.35362139162454703
360,434,2.441941992089606,8.97093135914852,0.6697845150873256
361,435,5.355203035193319,9.410666199824274,0.275834162809508
362,436,5.439210811914874,9.299063599823144,0.26447407775572424
363,437,4.575652947578008,11.069473280038018,0.3812500617249978
364,438,4.726744834996281,9.92033604720621,0.3608184212389344
365,439,2.084501812758327,9.335048214614392,0.718119931132221
366,442,5.189453462944288,9.655079103867866,0.29824791201058803
367,443,4.318823235102064,10.699952805410128,0.41598026756934464
368,444,5.431661717052274,7.446855884942158,0.26549491610027975
369,445,5.5937828989314875,8.849511700121463,0.24357182175066755
370,446,4.616360293047259,10.357980263173753,0.375745346270175
371,447,1.485744759210574,8.338498348373047,0.7990878048256351
372,448,3.8168043299366508,11.580492692600174,0.48386657147891105
373,449,4.65049514075166,10.350395511296249,0.3711294072660368
374,451,4.837536074032615,10.401141594875899,0.34583649994802257
375,452,1.1318114216147719,7.510836286626502,0.8469490026262216
376,453,4.569298705800069,10.435145700515301,0.3821093241631522
377,454,3.421235631651477,10.865290785128748,0.5373579770666163
378,455,4.5726051563904,10.694173546100942,0.38166220412976765
379,458,2.414385770032955,9.617990116562066,0.6735108489880797
380,459,1.1521403611199599,7.098197627913878,0.8441999894890498
381,460,3.4150927029539377,10.803096011521076,0.5381886643578021
382,461,5.3646385745939416,9.452440436128597,0.27455822700567545
383,462,1.8887783048657725,8.020364915713317,0.7445869533943854
384,463,5.024309733019118,10.165682747138593,0.3205797352210415
385,466,2.725565869029735,10.710451044683,0.6314310257906968
386,467,1.4790778653988736,7.800789456868765,0.7999893461317036
387,468,4.267582468331432,10.693436517234797,0.4229093816520188
388,469,2.1914419095834754,8.682350075953979,0.7036587866643679
389,471,4.022389322264101,11.126428222166812,0.45606601431903954
390,472,3.483666446617861,10.784149748518074,0.5289156709412456
391,473,0.9071858829190955,7.833644642146758,0.8773243479147029
392,474,3.5456862349102662,11.078205987636943,0.5205289465507809
393,476,0.7662191156290613,8.11919201319861,0.8963868029476407
394,477,5.467559276853024,9.163069574334813,0.2606406115528393
395,478,5.003719444969921,8.473839458304909,0.32336408963023
396,479,5.1653321074249945,9.864823611298483,0.3015097606275318
397,481,6.035320355948908,8.167295771287163,0.18386421774187972
398,482,1.5264849666008724,6.960948674522211,0.7935786455653374
399,483,0.6431477198845312,8.051761606049645,0.9130293279364851
400,484,4.643434887092074,10.605292700413944,0.3720841412823891
401,487,2.378710248795433,9.660004329485048,0.6783351280180987
402,488,4.422871550558121,10.4213557379498,0.4019101688307306
403,489,5.119346449588756,7.637077993331453,0.30772824425679596
404,490,6.508909367561378,5.741766917695175,0.11982239134898344
405,491,5.825250764952788,8.01358616162429,0.21227121188052084
406,492,4.875372096268096,10.136022464928429,0.340720063738592
407,493,3.3628846801227867,10.608901873750256,0.5452485771777492
408,495,4.6891315332554,10.601015721872177,0.3659047397156904
409,496,5.740170687154903,8.80201839221769,0.22377630055070483
410,497,3.021053305716768,9.086733514118269,0.5914732677819916
411,499,2.9697291558365695,10.545396878926198,0.5984136574781113
412,500,4.649857719355044,10.391528620463514,0.3712156035869401
413,501,4.068176146033778,10.688884668405294,0.44987441834227476
414,502,5.130256820748084,9.735031806011554,0.3062528719856177
415,504,5.225441186344898,9.532363785705751,0.2933814149471313
416,505,5.470003470893166,9.272343891682574,0.26031009153115126
417,506,4.78545615310442,9.97468546969386,0.3528790899846521
418,507,2.1820015357924287,8.89340712345252,0.704935376206325
419,508,5.086128475225049,9.972375131506276,0.3122201976069825
420,509,2.2350457882132244,9.888709128077666,0.697762382911765
421,510,4.500138660075625,10.377293114555151,0.3914616012071852
422,512,4.968657665633663,10.23848936838645,0.32810537443671967
423,513,6.190817430184907,7.154467232600458,0.16283687887073653
424,514,3.4140171952791327,10.557571829285713,0.5383341015915749
425,515,4.53155259216536,10.448699556796257,0.3872136023392232
426,516,4.437920062010021,10.239975610214533,0.3998752099650407
427,517,4.515402546453608,10.440390381094648,0.3893975179249921
428,518,4.877045004229933,9.800021582393931,0.3404938421020332
429,519,5.5831049807973026,9.037506075806197,0.24501576019226845
430,520,5.073738340703328,9.392503833783795,0.31389567322944895
431,522,1.758066578146365,9.54919824578945,0.7622626542759967
432,523,6.709061804622892,4.383579068521263,0.09275646010457893
433,524,3.0327942756502626,10.344537165013776,0.589885576472168
434,525,0.3015383027641938,6.674713820255214,0.9592240040141914
435,526,2.876679579355315,10.20099039273661,0.610996434267327
436,527,4.664491689267631,10.2155656995586,0.3692367017594043
437,528,3.8461527509674887,10.275580507188858,0.47989788462495897
438,530,2.0117278765108644,9.204791314544677,0.7279609022629054
439,531,4.670726613937042,10.542055486352726,0.3683935741667863
440,532,4.260156192825313,11.590081595040314,0.4239136115539952
441,533,6.793342047026509,3.6144863487119565,0.08135953044612583
442,534,5.1925065514917055,10.082213453544862,0.2978350532619229
443,535,5.315513104599992,9.612661724212487,0.2812012967215673
444,537,1.5835829094131366,8.931031340940024,0.7858574855482914
445,538,4.1991990494256894,10.730624464723396,0.43215663810081895
446,539,1.2565189881970882,7.850283639612741,0.8300852238367753
447,540,5.050208550445671,10.222330622717953,0.3170775264941848
448,541,3.9716343735427255,10.716798718506242,0.46292943288427957
449,542,4.745926897670971,10.394415618722334,0.3582244963429839
450,543,5.041972118081471,9.765657224926242,0.3181913111442318
451,545,5.2077227410225735,10.046543878901645,0.29577741986164746
452,546,4.708213053854367,9.832801140670703,0.363324410781641
453,547,4.67375014254265,10.337695429650989,0.3679847127082085
454,548,4.574121137335823,10.293584986723152,0.3814572031982826
455,549,5.146922751789079,9.82538286714458,0.30399919498671646
456,550,3.64879541801261,10.95046085481076,0.5065858434765123
457,551,3.2349304524987987,9.990558218623665,0.5625513908638867
458,552,4.501993689433428,10.169779676718916,0.39121075191555643
459,553,4.719782183215986,10.247544769706739,0.36175995688611856
460,554,5.851187676232241,8.480209667128353,0.20876385185189347
461,555,4.981474812947935,9.826297895493024,0.32637215533106934
462,556,4.1653437839903384,10.627028970622968,0.4367347701485074
463,557,4.405303709664913,10.099894145760071,0.4042858080220839
464,558,4.280462080373455,10.53274835607031,0.4211677156543329
465,559,6.215118427739477,7.084483008057059,0.15955073787421056
466,560,5.59687035165236,8.66096970145783,0.24315431605205945
467,561,4.770696411032815,10.044906680237116,0.35487499955218055
468,562,4.909720920144316,10.03502789123488,0.3360751894667179
469,563,1.294786420179784,7.991868327688273,0.8249104495589819
470,564,4.591703277662949,10.791943404424106,0.3790796303432629
471,565,5.171607255051987,9.674249077565893,0.3006611938215804
472,566,5.452953177061977,9.456055831410238,0.26261574459891807
473,567,4.589595523796756,10.282267496698516,0.37936465470799235
474,568,5.280940795121608,9.57279254842505,0.2858763921890016
475,569,4.858793512066881,10.257248975044334,0.3429619291223333
476,570,4.0332110225291355,10.771096520818624,0.45460263271039614
477,571,3.5559902404286006,10.934187400013716,0.5191355710366197
478,572,5.374466475326963,9.53290490997064,0.27322923351740214
479,573,4.750249479843528,10.30142448916762,0.3576399683022649
480,574,5.127023539016848,10.081774157497783,0.30669009764380195
481,575,4.195608801476684,10.428698235213394,0.43264213508284305
482,576,5.754595176508887,8.872405590487961,0.22182572606446668
483,577,0.0,7.803455401934971,1.0
484,578,1.9906999260735319,8.653330482465824,0.7308044402637576
485,580,2.1128809818804886,9.139536731719158,0.7142823129072793
486,581,3.848204092695164,11.539711362785392,0.47962048868127144
487,582,4.0120534335989095,10.725206848610158,0.457463701282381
488,583,4.5841799379343735,9.826274149991573,0.3800969859089079
489,584,2.6727173039488985,11.697484085452638,0.6385775569538609
490,586,4.613691614331953,10.359341514707529,0.3761062225886566
491,589,5.269373781743007,9.52924900378808,0.28744055994735923
492,591,4.925338127908095,10.27076017446052,0.33396332773887843
493,592,4.423175998882469,10.980559109572884,0.40186899932245357
494,593,5.350617091318157,9.502259223182557,0.27645430435481266
495,594,4.780553826011858,10.335049016762774,0.3535420149531054
496,595,5.393193618017564,9.223396209788415,0.27069682589894184
497,596,2.2623728289278975,8.953692950884701,0.694067040422035
498,597,1.739901268074099,9.344665106882236,0.7647190871861697
499,598,2.658846955220076,9.031525174916137,0.6404531968938074
500,599,4.048497321406581,10.79570112113585,0.4525355186623609
501,600,4.74627164064948,10.15552679168433,0.35817787792608974
502,601,4.859178975312494,9.925051524249481,0.34290980424263573
503,602,4.685726056662983,10.282432595037406,0.3663652506975101
504,604,4.540879755632741,10.2597014843269,0.3859523218431188
505,605,4.2878708476985015,10.279692331279518,0.4201658533239539
506,606,4.244215768951605,11.19854929349409,0.4260691806937297
507,608,4.230227127180293,10.475522229504332,0.4279608169982558
508,609,3.922291029873664,10.611760948844651,0.46960196491398143
509,610,4.397368051029865,10.422436542435538,0.4053589200668264
510,611,0.41630820319625417,7.553044627205681,0.9437040619159266
511,613,4.087884486920349,11.259027284920926,0.4472093266391281
512,614,5.034852624357033,10.080549452464284,0.3191540559924567
513,615,4.485823270884964,10.468894338965628,0.39339742245053205
514,617,1.6565582329665167,8.54693180550587,0.7759892814992598
515,618,1.4368919199696186,8.92250361577553,0.8056940076148785
516,619,5.981821183638502,8.002375154211677,0.191098728301154
517,621,4.40099963665753,10.810052738781255,0.40486783313154046
518,622,2.0315096208907075,9.289238629385853,0.7252858844557794
519,623,4.707578769154546,10.336882075107685,0.36341018293773747
520,624,4.776552787681599,10.261730362118664,0.35408306171697645
521,625,4.862045201736237,10.024489547014714,0.3425222142214756
522,626,5.010945657864894,10.029067390092724,0.3223869135126459
523,627,5.13735770012104,9.8523027737388,0.30529264429264097
524,628,2.6508639913707066,11.341393033356454,0.6415327058613011
525,629,3.600298404631536,11.626782514088223,0.5131439291486227
526,630,6.151533728656016,7.331150847844507,0.16814907981226143
527,631,4.959015634277261,10.162436725978415,0.3294092334432856
528,632,2.036155627167215,8.756871723008581,0.7246576208768434
529,633,6.503288486786528,5.701648738718733,0.1205824838805489
530,636,4.567374090422016,10.163200829810297,0.38236958333490684
531,637,2.750516662758212,9.484360068409323,0.628057015074351
532,638,4.893882026010264,10.381805068454927,0.3382170290861271
533,639,5.266341424373762,9.891022489159255,0.28785061528952444
534,640,4.925798844907518,10.704412033800539,0.3339010265507811
535,641,5.09546533181846,10.00834923783267,0.3109576063425132
536,644,5.198965901336966,9.753363731582551,0.29696157741840046
537,645,4.670034342555639,9.74494444998214,0.3684871876640117
538,646,5.63665446468646,8.305375964097127,0.23777444616983745
539,647,3.881427105428723,10.462238643954393,0.4751278540095181
540,648,1.3937430868120084,8.746778982128673,0.8115288771206703
541,649,2.415850521517333,9.900892009739856,0.6733127756418424
542,650,5.253185340742001,9.61397586781149,0.2896296675971085
543,651,3.08590959679067,10.9581679595203,0.5827029727971057
544,652,1.0949104214768592,8.241524280672188,0.851938998987223
545,653,4.572590523735677,10.11810043066383,0.38166418285374665
546,654,5.007343723820428,9.971281382685408,0.32287399076549206
547,655,4.761853381341203,10.524548410430288,0.3560708122894085
548,656,4.487677099127151,10.450128155079208,0.3931467355816705
549,657,4.513431146195035,9.857598456802249,0.3896641036565329
550,658,4.305521523402607,10.35233660748705,0.41777901266371364
551,659,4.571796021736314,10.13610911565888,0.38177162064867937
552,660,6.001509693951352,7.432060267646525,0.18843631821883972
553,661,3.7074246028249784,10.615428650891271,0.4986576188276195
554,662,4.445750724013736,10.739760431298473,0.3988162962565577
555,663,1.9456386629596834,8.842666170676594,0.7368979211482827
556,664,5.839451782778017,8.73791390664088,0.21035085668674378
557,665,1.6621454442736487,8.478350547855262,0.7752337419749507
558,666,4.897985913803777,10.10698571090711,0.33766207434021095
559,667,1.4122209727940178,7.7537513738009745,0.8090301756365746
560,668,4.615421209663365,10.334432961574535,0.3758723353124988
561,669,3.8931658895068124,11.07941930236079,0.4735404582854639
562,670,3.3031858831044394,10.831010905988755,0.5533214418362777
563,671,1.3527261434331863,7.888323444888077,0.8170754584446123
564,672,4.602090053452063,10.45179573931567,0.3776750620877548
565,673,2.4447321916174385,8.785566136622997,0.669407205923934
566,674,4.619062551965065,10.580450606482776,0.375379929015468
567,675,4.718852602494511,9.81008860920745,0.3618856609158218
568,677,5.317488596008035,9.858908285145757,0.28093415775784053
569,678,5.142965632814901,9.788528813371586,0.3045343026858953
570,680,4.502312149201474,10.29146658414949,0.3911676876875481
571,681,1.4674718445137367,8.234081199238215,0.8015587887420961
572,682,4.548184672357879,10.517365386674857,0.38496450287507933
573,683,4.680621508185392,9.734558548142086,0.36705552137398323
574,684,4.026142477175282,11.428969678102014,0.45555848798427706
575,685,4.841785085549269,9.84639728385267,0.34526192061611516
576,686,3.6473881799852563,9.810149830360524,0.5067761394741631
577,687,3.917690596119318,11.056786666265374,0.47022406587621607
578,688,4.452053207225095,10.512518451720444,0.3979640329527877
579,689,2.1436628439978014,10.32660679719477,0.7101197867053831
580,690,6.171256537317602,6.69450359870995,0.16548203168125636
581,691,4.826626424799123,10.224136851680186,0.3473117745956328
582,692,4.411839884350146,10.892594241786734,0.4034019434175397
583,693,5.00169672053912,10.03919581401665,0.323637615754489
584,694,6.362863116546696,6.1419730061251965,0.13957172763736228
585,695,1.0102360529830734,7.578197291800846,0.8633892249722898
586,696,5.035715413999473,9.939927180987421,0.31903738389251374
587,697,5.118683334439853,9.69072246893031,0.30781791505616685
588,698,2.799098156717813,10.294590212584424,0.6214875053818115
589,699,4.778997645698348,10.162217117568641,0.3537524519079971
590,700,4.986187739444132,10.213950690458486,0.3257348423591229
591,702,3.942181298388048,11.129089517159422,0.4669122717583712
592,706,4.089770138663915,11.269202079655056,0.44695433638674087
593,707,5.053799422158322,10.03914547064424,0.31659194516273076
594,709,3.7437011403288474,10.519290065712543,0.4937520664182675
595,710,5.1417157047866,9.919641720076566,0.30470332618903684
596,711,2.350449905853295,8.197134547742216,0.682156677784091
597,712,2.9050597642566305,9.461097447332666,0.6071586786820357
598,713,1.5233074524725203,8.881246479478508,0.7940083299608347
599,714,1.9549584267110522,8.376869091246132,0.7356376412905306
600,715,5.272521413770661,9.862421832165415,0.2870149164063966
601,716,4.235285564868148,11.058156230044467,0.4272767817265718
602,717,1.9803848518118328,8.220610115682339,0.732199312566323
603,718,2.5840473191885245,9.732558018017926,0.6505680964956256
604,719,5.026183262510979,10.030728446087382,0.32032638421939724
605,721,4.60503448120345,10.367942107758253,0.3772768971678409
606,722,4.629849985982194,10.53055140226923,0.37392118111462974
607,723,3.8128042923077556,11.377024833036458,0.48440748292135044
608,724,4.605962510571604,10.790804170318346,0.3771514029223548
609,725,1.5992411368725066,8.96241920896503,0.7837400768669557
610,726,5.230400828699318,9.514864417903382,0.2927107394313477
611,727,0.4112646839226679,7.455338621312304,0.9443860798213431
612,728,2.8727413734463676,9.176252521503955,0.6115289844172166
613,729,4.939722299451034,10.065146473822665,0.3320182052926837
614,730,2.412670516970161,7.675490022831527,0.6737427968081807
615,731,4.471169619912928,10.54263500966076,0.39537898568059526
616,732,5.506031811430003,9.234414484306631,0.25543810195092786
617,733,4.829250985306515,10.330573053821754,0.34695686423189837
618,734,3.3460217351951695,11.104396741174568,0.5475288956924261
619,735,2.0603242852797488,7.8569515562133105,0.7213893756915883
620,736,4.410068168006035,10.839922707625792,0.403641526574549
621,737,1.786398817194894,8.840224510935471,0.7584313822448105
622,738,4.793901756018254,10.130799717574105,0.3517370199147627
623,739,6.486075921764104,5.717439217909821,0.12291008032791863
624,740,2.371979797267154,9.284892444777554,0.6792452640173531
625,742,4.630406964120148,10.8749936453993,0.3738458628611634
626,743,4.613778745331195,10.495530447573493,0.3760944401608762
627,744,5.427603981759565,9.35324318159437,0.2660436298009613
628,745,3.6953613837728767,10.64435006556391,0.5002888867864005
629,746,1.3426685828411828,7.882265316904402,0.8184355080521317
630,747,2.565408438943364,9.296013291201572,0.653088568684696
631,748,5.3938867911222435,8.71878661460119,0.270603090464754
632,749,5.629863285145614,8.982240293594222,0.2386927942110579
633,750,3.9494764587538707,10.566606938264204,0.4659257721095182
634,751,5.300698363574455,9.652320483342805,0.28320464361000725
635,753,5.303070694909086,9.617283663772914,0.28288384133682615
636,755,3.252260951681392,10.708108619366394,0.5602078465823693
637,757,5.0301614280583,10.361829847510464,0.3197884304639326
638,759,4.382541681758065,10.698568366857089,0.40736383940333865
639,760,4.614225752325642,10.316304298529117,0.3760339929299801
640,761,2.535250688387059,9.584187637569071,0.6571666984093518
641,762,4.959289760021781,9.948049864007574,0.3293721643540333
642,763,5.092447719164145,9.843604922201916,0.31136566780717984
643,764,4.953229705329663,10.055961886264347,0.33019164487619046
644,765,5.269768914745077,9.57327624851408,0.2873871274594843
645,766,4.891494810848496,10.041937976212179,0.3385398440484758
646,767,5.762739752779949,8.209339508471835,0.22072436280052782
647,768,4.398387142648451,10.406672576343428,0.40522111178387293
648,769,6.4931228669205066,5.635659193365944,0.12195714597505003
649,770,5.060301315730136,9.804133722909866,0.31571271627620434
650,771,6.599339296747377,5.07042014011083,0.10759386052658629
651,772,4.703573374599241,10.041907632080077,0.3639518187790602
652,773,4.58244063533394,10.356111785733223,0.380332185865939
653,774,4.972223614898732,10.14347831488513,0.3276231632828293
654,775,4.242663412120784,10.19827701446415,0.42627910061210106
655,776,4.707876895295783,10.581128173756575,0.3633698683567144
656,777,2.6879445390302017,9.48542100445388,0.6365184299014819
657,778,1.5609313816638113,7.733961426833541,0.7889205743702152
658,779,3.068484197982711,9.971439315200103,0.5850593500312113
659,780,3.4457359465858457,11.938046125102069,0.5340448830607907
660,781,4.578610442007186,10.230907577421824,0.38085012984282324
661,782,5.170824270777578,9.818243847817229,0.30076707411386033
662,783,5.196979473096165,9.846251807368148,0.29723019533271017
663,784,4.917253269836866,9.98387934816347,0.33505661551438215
664,785,2.87919274651581,9.683241185780783,0.6106565872458753
665,786,0.0,4.367915542369215,1.0
666,788,5.245699730648487,9.787043783340582,0.29064192111291864
667,789,4.872252414174746,10.29615520105213,0.3411419277052899
668,790,4.270121838444154,10.459313713606727,0.4225659912947288
669,791,4.502820112174094,10.255974735210309,0.39109899758767486
670,792,0.7490239968434357,7.55300101903423,0.898712040199926
671,793,4.592628281948539,10.49989981225683,0.37895454516937194
672,794,4.233284023852856,10.543834520655743,0.42754744328981875
673,796,0.42475813130411794,5.984895999883255,0.9425614069648041
674,798,6.344078462445944,6.358661502245147,0.14211191232761716
675,799,5.010992000837603,10.216325566681576,0.3223806467105454
676,800,1.2177101803269037,7.238033037432377,0.8353332065289315
677,801,4.98794578601693,10.500832142486118,0.3254971077186539
678,802,5.465466625845382,8.954858245961404,0.2609235936095302
679,803,5.817377732702697,8.195080295911843,0.21333585517287526
680,804,4.4492549946457975,10.707613114749066,0.3983424256937925
681,805,0.6735328704036494,5.704933001378046,0.9089204476906324
682,806,2.7557587340844885,9.689259008216421,0.6273481476522088
683,807,6.3639956097392725,6.769098069237887,0.13941858444642719
684,809,5.003260365521465,9.933428201428136,0.3234261693778966
685,810,3.7679311956118298,10.990371143015334,0.49047551870310896
686,811,5.850463302664734,8.27906435876321,0.20886180641822932
687,812,2.2415481380802627,9.297576673682894,0.6968830923219919
688,814,2.5596025185993474,9.894666611953422,0.653873683485938
689,815,5.670459963952,9.202668042596333,0.23320304383151533
690,816,4.595657640623821,10.000318035813198,0.3785448953303614
691,817,4.737275498244411,9.682216261456912,0.35939439557321506
692,818,5.23351740257999,9.996197659273172,0.29228929577764673
693,819,4.782367869609352,10.351371738782241,0.3532967080260204
694,820,1.9139515844064432,8.486162313193464,0.7411828566806662
695,821,2.9200932464916836,9.424705577986316,0.6051257521660679
696,822,1.5937250147863367,8.135254224969831,0.7844860032384349
697,824,5.252942367030723,9.347403871684168,0.28966252410318055
698,825,1.7078552848710462,8.759659685107746,0.7690525561699453
699,826,4.963029610951715,10.009542791670526,0.3288664370712683
700,827,3.076847626382763,10.836490657690508,0.5839283921404825
701,829,3.7441185229932428,10.88426417913465,0.49369562518446103
702,830,3.9506701122357075,9.918564733472117,0.4657643584213146
703,831,2.9099871390931495,9.943045137052609,0.6064923665926174
704,832,1.6554511533727556,7.5459075370383895,0.7761389880959255
705,833,3.9624365300331945,10.641628242297868,0.46417322588365856
706,834,4.715408361551165,9.924205787783027,0.3623514138685731
707,835,5.097680612350385,9.728059361855955,0.31065804151360366
708,836,5.390454272518156,9.166115856676392,0.2710672582455581
709,837,4.9407906707625795,10.041590034573751,0.3318737330849689
710,838,4.587153583852954,10.313363824301533,0.3796948699159221
711,839,5.433559305286023,9.469115783313145,0.26523831171704626
712,841,4.248502346665389,10.681858252549974,0.4254895214131414
713,842,5.091389890492099,10.061383766853705,0.3115087143697214
714,843,4.18176722850936,10.39608311640976,0.4345138837747307
715,844,5.074124901057697,10.169603367708175,0.31384339999147715
716,846,4.670866776530103,10.273448799107955,0.3683746204574909
717,847,4.733291910156403,10.303136790033287,0.3599330826003579
718,848,2.7556771984880983,9.850852026451735,0.6273591734327502
719,849,4.412943294240698,10.620316675325897,0.4032527330623198
720,850,3.422669685604424,11.234966395462298,0.5371640548428299
721,852,2.0826042641054783,10.190834887562263,0.7183765301630642
722,853,4.194365719427917,11.192680431065499,0.4328102328275273
723,857,4.750391388032629,10.35789512639532,0.3576207785419721
724,858,4.52841790476368,10.535804893480742,0.3876374954225759
725,859,4.4977062549292,10.541991391612257,0.3917905270569935
726,860,1.9680775670227766,9.050946885924438,0.7338635847020829
727,861,4.7799090528224735,10.013221699394675,0.35362920543186416
728,862,3.9575826220895585,10.882603526524079,0.46482960329578443
729,863,5.6206686016471785,9.254370385902341,0.23993615989291683
730,864,5.426750248756103,9.233135531710657,0.2661590772025119
731,865,3.3626613414509254,9.775619700069644,0.5452787785044259
732,867,5.293013438013872,9.7531316137542,0.28424384987646495
733,868,5.300053423477893,9.54091368131211,0.2832918566590541
734,869,4.832336046718673,9.900629065550426,0.34653968190180967
735,870,4.13775563682867,10.754236852044102,0.4404654211723006
736,871,4.1572984760677585,10.840723949319113,0.43782270969233467
737,872,2.0084681317296686,9.082976370744065,0.7284017064290572
738,874,1.1954674932185665,9.071431873195989,0.8383410092257333
739,875,2.4298740173086486,9.413636947683152,0.6714164261470956
740,876,4.672657875150698,10.133370588366539,0.3681324163013553
741,877,5.387823101219759,9.505855958105514,0.27142306256400756
742,878,6.021272956798033,7.830749533835001,0.18576379960639347
743,879,4.497502515914071,10.35192609729541,0.3918180779889544
744,880,4.373609890983895,10.400389856339661,0.4085716549989529
745,881,4.5269287049014295,10.691501817708417,0.3878388748395473
746,882,5.047427649050807,9.893133772945994,0.3174535783027757
747,883,1.681709274233207,8.376492412515788,0.7725881919914654
748,884,4.837207596348859,9.788862328686637,0.34588091886459615
749,885,5.550237872810204,9.179778545618742,0.24946026707932592
750,887,1.2122972988748368,8.556118317384408,0.8360651720216661
751,888,5.455010370676749,9.149196375147959,0.26233755732450204
752,889,4.286556408524069,10.533201884954682,0.42034360044930724
753,890,4.257953311936541,10.409885904906249,0.4242114996214625
754,892,4.9540585516613405,10.107655334668078,0.3300795628143644
755,893,3.854746114988048,10.773765610452331,0.4787358333246937
756,894,1.743351309326975,8.135655229711773,0.7642525498773484
757,895,4.031779273167993,11.134562306241165,0.4547962432920949
758,896,3.923753151385456,10.828195402948953,0.4694042472099648
759,897,0.6720466790306195,6.386798097859011,0.90912142027987
760,898,4.7702270459109295,10.328187158304402,0.3549384701963754
761,899,5.03876264375946,10.141023354738383,0.31862531740768557
762,900,2.911910703364767,9.710597000915639,0.6062322495584002
763,902,1.0934724685297041,8.603562041262016,0.8521334484586948
764,903,4.275883660773192,9.968819480516691,0.42178683971761216
765,904,0.8656986934669867,8.728710005899094,0.8829345190108923
766,905,3.062235213019425,10.130652381947712,0.5859043789494035
767,906,6.109387020953973,7.012026533791573,0.17384843531144492
768,907,4.066951747621427,10.563745040913213,0.45003998956254554
769,911,4.0740412187710975,10.423139363693757,0.4490813045646847
770,912,2.170648255172975,8.941410739264402,0.7064706416128117
771,913,6.4468648753669795,6.006507482364498,0.12821245636383743
772,914,2.402663363071057,9.52602951976152,0.6750960300905817
773,915,3.7075409373499855,10.865534977630439,0.4986418873066777
774,917,2.1016050666216204,8.579849211532887,0.7158071164599857
775,919,5.094604626286664,9.91924079062598,0.3110739966152837
776,920,4.593713176460297,10.533421958254568,0.37880783858566114
777,921,5.165524673876881,9.3674331309257,0.30148372052318306
778,922,2.6379459278133033,10.150967565545638,0.6432795715262345
779,923,5.904350399316036,8.121373744238479,0.20157483817373834
780,925,3.4759802710912115,10.395838057589454,0.5299550462363503
781,927,3.646369662851403,10.7758810829459,0.506913870071506
782,928,5.00932913260243,9.997162516068451,0.32260551070911797
783,929,4.226525512403445,10.572663809575308,0.4284613737364816
784,930,5.61826042768479,8.877252459250013,0.24026180904237257
785,933,4.763560167454747,10.244259090905839,0.3558400094259696
786,934,5.998815156859568,8.26774285567192,0.1888006912773567
787,935,4.413547514446091,10.584289890809275,0.4031710264252398
788,936,4.399673432245392,10.506540507009163,0.4050471712298515
789,937,1.9403284898495117,7.628782139365031,0.737615997742332
790,938,0.5864676425690704,7.103713179125537,0.9206939814279452
791,939,4.51375518398843,10.078898717733075,0.3896202851311862
792,940,3.269843567782833,10.279835305499576,0.5578302093900123
793,941,4.752625517872808,10.087315584912218,0.3573186647854118
794,942,4.0027481868314005,10.756353547220098,0.4587220180579305
795,944,4.130041619803445,10.418216501363766,0.4415085613782763
796,945,2.241140531864451,9.813938003315599,0.6969382115200088
797,946,4.712102760821263,10.35347767060221,0.36279841897823106
798,947,5.51314742401812,9.054380780924458,0.2544758819355273
799,948,5.2455207066565865,9.915300646924745,0.2906661299166035
800,949,4.8857185250584445,10.09820124473612,0.33932095147008323
801,950,4.37750949244132,10.448161334228132,0.40804432519734374
802,952,5.100596133900217,9.469699687419258,0.3102637854807127
803,953,5.226948527160158,9.527196118092128,0.2931775823909722
804,954,3.4386013866485783,10.599215652022085,0.5350096652615781
805,955,2.387961140365432,9.50555107371099,0.6770841615104759
806,956,2.6782451448242783,10.053577150105387,0.6378300458904954
807,957,4.409347173739086,10.346245206283864,0.4037390241695988
808,958,3.9499609667556888,11.67852732572235,0.4658602537453299
809,959,6.114902414457884,7.866761334164991,0.17310260746365902
810,960,4.374265774514254,10.743279493263245,0.4084829621066871
811,961,4.003494848115458,11.156954832877801,0.4586210495997201
812,962,2.4762309960806377,8.619055977126887,0.6651477300544502
813,963,4.509426463383796,10.370484344299996,0.39020564325113377
814,964,5.531327959748113,9.117961620012284,0.2520173901116021
815,965,4.778165220511607,10.518262756243379,0.3538650179261841
816,966,2.568717998669439,8.420065549009943,0.6526410282134917
817,967,4.723257880645569,10.26244074050593,0.3612899501800471
818,968,3.0211142261595834,10.958635603985742,0.5914650297183396
819,970,3.817766145298072,11.137008266826944,0.48373650846881616
820,971,0.9387079779676838,8.580541991218508,0.8730617225388128
821,972,5.112932945247056,9.796259511180978,0.3085955205692736
822,973,2.2489319226267277,9.529473332368644,0.6958846083275317
823,974,6.194416895346949,7.069534762781184,0.16235013547643798
824,975,4.401445730166172,10.989351421762628,0.4048075094282134
825,976,4.931929363727008,10.211741467462007,0.33307201740506753
826,977,5.239990933170157,9.732425878705186,0.2914139023203681
827,979,5.034594877599385,9.914808218569323,0.31918891020719103
828,980,4.744090074024976,9.82958141840513,0.3584728837383136
829,981,6.152888808694826,7.289870729902369,0.1679658369614646
830,983,6.335630726798531,6.49058390631153,0.1432542707997927
831,984,5.487470880106506,9.227056687644977,0.25794803337324423
832,985,5.80329624058713,8.371736140290892,0.2152400473126963
833,986,4.092620796746126,10.447201677235377,0.4465688516192947
834,987,6.587011957426991,4.822321705546296,0.10926084456820187
835,988,4.892331173371058,9.920733064089294,0.33842674559779784
836,989,5.676086848795986,8.971123658486144,0.23244213939016348
837,990,4.4313011975758805,10.465903400876297,0.40077025642223385
838,991,5.328195206860087,9.790263032828769,0.2794863392978875
839,992,4.255768324576989,10.863732376291715,0.42450696800801707
840,993,5.287031304607099,9.522469224589418,0.285052793369033
841,994,5.556934172544943,9.25446674646756,0.24855474931060312
842,996,2.7546682364689623,10.071329608845971,0.6274956119245271
843,997,1.5551889481547099,8.045025834637753,0.7896971040633569
844,998,5.148348431633774,9.913250156761944,0.3038064051650207
845,999,5.040185826692405,10.026746739269663,0.3184328652348476
846,1000,1.4468669901895532,8.982239619911507,0.8043451128989582
847,1001,6.511405193966933,5.3162967461455946,0.11948488925866431
848,1002,4.309163086163806,10.603914014666657,0.4172865765546969
849,1005,5.068612847987035,10.019976003540492,0.31458877612387065
850,1006,1.8992366730398338,8.166537096262228,0.7431727039448979
851,1007,4.787520036684905,10.585956063109546,0.35259999804899567
852,1008,3.1711640702767787,10.45396203207315,0.5711743011929534
853,1009,3.103088052595729,10.528681538067563,0.5803799888228366
854,1010,5.735476275459286,8.848723536396664,0.22441110982933204
855,1011,4.439401978875173,10.514768796764738,0.39967481540292105
856,1012,3.848387123874013,10.52635350491779,0.479595737999366
857,1013,6.453315559707605,6.216278280492627,0.1273401523269445
858,1014,4.434608043317356,10.970865512070878,0.4003230829539082
859,1015,4.296259108006035,11.010291468415062,0.4190315374990904
860,1016,5.381893950373,9.158838932502485,0.2722248414057349
861,1017,3.907725028402694,10.975357276217602,0.4715716756010314
862,1018,5.129804258237538,9.840009978146771,0.3063140704700032
863,1019,6.020563249999347,8.280934559961253,0.1858597708356173
864,1020,2.3110930737499005,9.484843331688044,0.6874787679237212
865,1021,1.6039386160540234,8.604483976554786,0.7831048527826749
866,1022,1.962964306256278,8.281436110283195,0.734555033511663
867,1023,5.227958823710587,9.80851917969738,0.2930409634350813
868,1024,4.433583965550877,10.893705785024952,0.40046156549663103
869,1025,4.270927646543453,10.70120000292453,0.42245702461447243
870,1026,4.159695450320383,10.757427742717542,0.4374985750414226
871,1027,4.95275897003809,10.055865994039403,0.3302553008037578
872,1028,4.519254790709081,10.776958997436765,0.38887659207624387
873,1029,5.135025777675419,9.676413536837908,0.3056079822096161
874,1030,4.746921509754134,10.019785707705484,0.35808999834409383
875,1031,2.4785037442049935,9.692115456447358,0.6648403940790668
876,1033,5.1219834337241075,9.906848762301378,0.3073716538882356
877,1034,5.13441705517133,10.000785729789245,0.3056902976771891
878,1035,3.9992541636214787,10.97295961011457,0.4591945028967588
879,1036,4.8381707660529205,10.430712668426974,0.3457506727113665
880,1037,2.333414647581454,9.311366889464725,0.6844602976444606
881,1039,4.537690518375844,10.57293527268919,0.38638359151729584
882,1040,4.442624314527318,10.218269867078527,0.3992390699456696
883,1041,4.875526593177113,10.293685469152148,0.34069917164865143
884,1042,5.603665096793051,9.016728655542625,0.2422354858469359
885,1043,3.807602057388932,10.696192599924672,0.4851109634020145
886,1045,4.925877674453581,9.855725605506692,0.33389036670019373
887,1046,3.625349674987043,10.195822768279271,0.5097563313207794
888,1049,5.352149034377767,9.136649294120943,0.27624714492108066
889,1050,4.655763485298111,10.204776150560734,0.3704169870059615
890,1051,5.117011090740893,9.98490139977607,0.30804404686672293
891,1053,5.0236033338328205,10.139967053753612,0.32067525917312584
892,1054,5.470056857328272,9.311672474124752,0.2603028722656596
893,1055,4.245812781710487,10.667061321633863,0.4258532221065502
894,1056,5.971996358112226,8.089066169063198,0.1924273059397102
895,1057,4.972147452130633,10.255977313474652,0.32763346251413034
896,1059,4.848488642746325,10.070800998331569,0.344355421445522
897,1061,4.280972501637272,10.347210219496608,0.42109869312812753
898,1062,4.118662107516136,11.424133956277418,0.44304737400371796
899,1063,4.1751826347195236,10.428889623956753,0.4354042959296088
900,1064,0.8988502687432254,7.3180077066198335,0.8784515445827837
901,1065,4.901238989541591,10.445610512472426,0.3372221720060442
902,1066,4.584302516652729,10.69241065693954,0.3800804100070016
903,1067,1.8907537450671579,8.848361167935913,0.7443198213551601
904,1068,2.838764214808552,9.751497210466066,0.616123599666836
905,1069,5.359909425591688,9.406592044711491,0.2751977336917729
906,1070,5.718925256664959,8.9449403713325,0.22664924763713906
907,1071,5.95762736381193,7.851275531834383,0.19437037601915927
908,1073,5.094958181876548,9.726510944684096,0.3110261864990175
909,1075,2.895726605254676,11.747971141010392,0.6084207699338267
910,1076,5.31800254798095,9.19289275497962,0.28086465778588876
911,1078,4.4716210098340925,10.386914920954414,0.3953179457614715
912,1079,4.9412726560648075,10.113262272577131,0.33180855585684
913,1081,4.830156821870789,10.357579464320946,0.3468343710435702
914,1082,2.090220553612344,8.95158397746198,0.7173466053159991
915,1084,5.175316680894,9.611151096660938,0.3001595808196598
916,1085,4.365235616443643,10.161222083711138,0.4097040795762193
917,1086,4.831279826451699,10.102379202576538,0.34668251096522035
918,1087,4.214258145599768,10.597450011491606,0.4301202478992586
919,1088,2.8558817552974216,9.969504168394014,0.6138088530629632
920,1090,0.0,5.36300590589759,1.0
921,1091,1.434863160784267,8.71425810574758,0.8059683497984079
922,1092,1.463607007823803,7.828100148861529,0.8020814174227973
923,1093,4.248602619324862,11.362352130259866,0.4254759618834808
924,1094,3.0876946819616817,9.865147661821714,0.5824615818192422
925,1095,4.657114064955616,10.283663307141122,0.3702343527263755
926,1096,2.504467516375721,11.056609806795485,0.6613294017437483
927,1097,5.912973919703803,8.41017258040664,0.20040870893081397
928,1098,4.969816758672827,10.17755570375267,0.3279486342392759
929,1099,4.52622699746102,10.780830929955249,0.3879337643428411
930,1100,4.573429742064449,10.345534520881156,0.3815506982221376
931,1101,4.4992785175127725,10.445974644602435,0.39157791535158604
932,1103,5.3608910657302395,8.34715023462961,0.2750649898446989
933,1104,5.216649369401253,9.95232070988079,0.2945703023591639
934,1105,1.9506076898777978,8.048098961035938,0.7362259765899661
935,1106,5.378917112407657,9.668752682679647,0.27262738904831463
936,1107,5.219888581608077,9.546306729394958,0.2941322747429975
937,1108,0.6917264699625743,6.231277567441223,0.906460189289688
938,1109,1.9554284708702165,10.920155918775787,0.7355740788224407
939,1110,4.855334727572831,10.024627487210314,0.34342964874983095
940,1111,4.294498501326328,10.683956097355129,0.41926961833408294
941,1112,1.9850079338988835,8.742949535517393,0.7315741489473215
942,1113,5.155661516678588,10.019874415014366,0.3028174816229777
943,1114,2.323560241289633,9.166385676763564,0.685792875389027
944,1115,1.4461342728309359,8.00948795245609,0.8044441957677011
945,1116,5.52335732874331,9.119745114081194,0.2530952313505985
946,1118,4.833941918230099,10.488302506084274,0.34632252537574526
947,1119,4.300214664109711,10.248771121670423,0.4184966411415578
948,1120,4.130103263127369,10.63377178588713,0.4415002255618782
949,1121,4.432043914604845,10.685536249751118,0.4006698213321838
950,1122,2.106327886876171,10.300715523614542,0.7151684655888497
951,1123,5.288090625844673,9.207356600006646,0.28490954497194704
952,1124,4.162059507027743,10.742728180954362,0.4371788917178585
953,1125,4.965940281886937,10.056171724524926,0.32847283697044316
954,1126,2.5267353727381208,10.256191560473445,0.6583181954945845
955,1127,3.0037203525727465,10.626327681039871,0.5938171439043413
956,1128,4.2406285203594,10.668301043844698,0.42655427208296604
957,1129,6.433773680421571,6.420254384379026,0.12998273399573368
958,1131,3.356769735675395,10.240038192307297,0.5460754802542558
959,1133,5.0175066477056856,9.901186364498123,0.3214996932392723
960,1134,4.549446138760012,10.59279788267595,0.3847939190770076
961,1135,5.944444283419608,8.223184926672399,0.1961530790065748
962,1136,0.3557128265009678,7.759539326337595,0.9518981679854888
963,1137,1.2326347571499778,6.7171607792590695,0.8333150069202953
964,1138,3.255157849504382,9.692748069465416,0.5598161089725244
965,1139,5.5472701438164105,9.013863454544463,0.24986158294675823
966,1140,5.12014336370993,9.912201759771897,0.3076204802788596
967,1142,4.685237142151111,10.41992980984841,0.3664313649390201
968,1143,3.585395382609028,9.923258659599076,0.5151592139751127
969,1144,5.6915345650987526,8.84938327185133,0.23035319741437707
970,1145,5.366788344770887,9.620385769621308,0.2742675209185815
971,1146,4.59622438058333,10.412129560189452,0.3784682570190686
972,1147,3.0153826458399786,10.65838418766062,0.5922400917716911
973,1148,2.8784146898876664,11.083732362775725,0.6107618011893614
974,1149,0.8392056501312477,8.469924575120375,0.8865170828802482
975,1150,4.980792060495683,10.39728524176576,0.32646448161597946
976,1152,3.7626229639300535,11.272273120918381,0.4911933327644195
977,1153,1.7882891777325984,9.954854412942359,0.758175755238256
978,1154,5.196556926199117,10.025565672028797,0.29728733490808057
979,1155,4.246633103609894,11.165456522194532,0.42574229277461906
980,1156,2.2385834445670807,9.660829149725389,0.6972839977117368
981,1158,0.9757587823932745,8.651562521932895,0.8680514686550456
982,1159,1.9491879330893058,8.882097606208239,0.736417965456978
983,1160,4.60464053166381,10.396832293355613,0.37733016962012883
984,1161,5.066195527668437,9.524215421660642,0.3149156621038738
985,1162,4.434152321821477,10.305011081160776,0.40038470861710346
986,1163,4.309195310891207,11.156811965518305,0.41728221891474504
987,1165,5.248113921100543,9.68141312168916,0.29031545837409034
988,1166,3.8030609477618778,10.717668845693321,0.48572504216489953
989,1167,1.6147868066024302,8.33207602066769,0.7816378889833826
990,1168,3.98739387597437,11.335939556867029,0.4607983291339424
991,1169,5.176688182037827,9.73471814495642,0.2999741173988521
992,1170,2.980657855212519,10.52698548711912,0.596935806744726
993,1171,3.9210723231140605,10.399961782933731,0.46976676647146826
994,1172,3.4187982110399275,11.04824349525007,0.5376875811406632
995,1173,1.3498810981012959,7.431354770360606,0.8174601842189804
996,1174,4.911717654145729,9.777972952352137,0.3358051779395587
997,1175,5.813221613540053,8.045566809563065,0.21389787298865187
998,1176,3.2949017768410975,10.894997056659456,0.5544416732650663
999,1177,5.538250337833626,9.167406009318062,0.2510813005387698
1000,1178,4.397998231730126,10.23921959482104,0.40527370288058956
1001,1179,5.329769888084057,9.601020107471905,0.27927340052799027
1002,1181,3.9788770405369536,12.229922258495325,0.46195003173498633
1003,1182,5.199531108352936,10.08189738740322,0.2968851464018329
1004,1183,2.789635306242207,10.154006541667275,0.6227671343691423
1005,1184,1.8072340121426893,9.681358334011742,0.7556139099112237
1006,1186,5.405930111059842,9.272589928785308,0.2689745133953415
1007,1188,1.4448200214122426,9.335557050465802,0.8046219175034862
1008,1190,4.346004594222339,9.882954641352462,0.41230462510463306
1009,1191,4.641125168881762,10.789438050835962,0.372396476596373
1010,1192,5.217109678991268,9.778789778914925,0.2945080562636509
1011,1193,5.440943097168175,9.45907830241811,0.2642398267306062
1012,1194,2.726841656666827,10.54248587067315,0.6312585053808784
1013,1195,1.5890088825808517,8.557477201460244,0.7851237497075121
1014,1198,5.625434288334004,8.458104848198934,0.2392917123403829
1015,1199,2.093467485755105,9.81210963085396,0.7169075337592326
1016,1200,3.984031731130361,10.779244026055778,0.46125298051125097
1017,1201,4.18115463724291,9.881912132764029,0.43459672240183944
1018,1202,4.036509712680519,10.651800234881081,0.4541565620946959
1019,1203,4.157963876147468,10.882974115765727,0.43773272990956585
1020,1204,2.0123873483731094,9.07917380170841,0.7278717241327602
1021,1205,4.003034759516892,11.223453516925481,0.45868326581131336
1022,1206,6.638030637875813,4.901338459927075,0.1023617624611793
1023,1207,6.629949638043429,5.054698992843191,0.10345452850020656
1024,1208,4.345901012608051,10.697054896173993,0.4123186320929648
1025,1209,4.754846113908527,10.220441748793405,0.3570183811590581
1026,1210,3.1291164054571303,9.732645790951066,0.5768602634610351
1027,1211,5.12853726221711,9.904313660297461,0.30648540201949265
1028,1212,5.0923855760507335,9.857715380329624,0.31137407120840543
1029,1213,5.021244244606015,10.185418474543,0.3209942707612411
1030,1214,3.970643568544048,10.949653185915732,0.4630634160641225
1031,1215,4.577955155605514,10.249372891491934,0.3809387419874138
1032,1216,3.2721385664492826,10.681827941048917,0.5575198645497292
1033,1217,1.215419577606037,9.580242390740793,0.8356429569204903
1034,1218,2.5739532564579526,10.637255983582989,0.6519330821628169
1035,1219,4.426582686886267,10.45797744591254,0.4014083245256056
1036,1220,2.0373795456565347,9.835920198287363,0.7244921145549269
1037,1221,6.216367141699584,6.980129780969164,0.1593818785453692
1038,1222,6.6021133284101925,5.37688654940575,0.1072187376884243
1039,1223,4.979676009636528,10.13469327190821,0.326615401366259
1040,1224,2.485875529242319,9.693030224684318,0.6638435327372912
1041,1225,4.164135669463354,10.799033892634371,0.43689813935451255
1042,1226,3.949504751741866,10.819407260628264,0.465921946145273
1043,1227,2.0227128535381587,8.644851543859343,0.7264754412947197
1044,1228,5.964691811352097,7.2703790639747155,0.19341507487864362
1045,1229,5.078151989731843,9.931107823896964,0.313298830528473
1046,1230,4.1316807806044515,10.463417804556249,0.4412869032551483
1047,1231,3.83059562874757,10.889088586936982,0.4820016211896839
1048,1234,3.327805962073848,10.778523688985342,0.5499921525485684
1049,1235,5.178617191967286,9.78513676145589,0.29971326396690284
1050,1236,5.178620702124578,8.815755098305186,0.29971278930030715
1051,1237,0.930545544086979,7.694348327812349,0.8741655006263824
1052,1238,5.135856058551562,9.493805701877683,0.3054957061592359
1053,1239,4.900987775049591,9.903652823482068,0.33725614288477984
1054,1240,5.415608152035725,9.440232360288224,0.2676657849307799
1055,1241,4.917123529594775,10.025458257405177,0.3350741598447117
1056,1242,4.457410437719865,10.889884512566788,0.39723959294915534
1057,1243,2.50410554088588,9.405096967626289,0.6613783504543612
1058,1245,4.183573674326054,10.143911408405682,0.4342696042696235
1059,1246,4.6927865813323955,10.636324484600902,0.36541048003342363
1060,1247,2.748485123858919,10.05752778699658,0.6283317331491136
1061,1248,2.3196590541702253,9.13065441327175,0.6863204196142965
1062,1249,5.346893789361735,9.709559983876215,0.2769577937763465
1063,1250,1.5818617926870537,9.125872887151854,0.7860902262915751
1064,1251,0.9343919394483617,6.695063908904291,0.8736453657036285
1065,1252,4.585565108394212,10.348771124239809,0.3799096740331287
1066,1253,4.889627957849408,10.257110574692913,0.3387922922107792
1067,1254,4.393968870472263,10.608138601182727,0.4058185796573368
1068,1255,5.308096287293749,9.557159834687013,0.28220424762344115
1069,1256,1.6288933428214403,8.261075798611955,0.7797303102148908
1070,1257,1.3750831749894394,8.298740490053824,0.8140521933382046
1071,1258,5.17327096815208,10.145488821459724,0.30043621557480704
1072,1259,4.488642703713641,10.523640749546113,0.39301616016759655
1073,1260,1.632780122042855,8.599845999693233,0.7792047143205143
1074,1261,4.849516147571405,10.590513964509718,0.344216475473356
1075,1262,2.92421840837193,9.611649828768073,0.6045679205979794
1076,1263,1.3184075955180483,7.735045433115984,0.8217162386015556
1077,1264,5.25313408229675,9.565525010328976,0.2896365991017918
1078,1265,4.602206615808916,10.441573444885588,0.3776592997578897
1079,1266,4.520555444734871,10.505532940408877,0.38870070906951354
1080,1267,4.21131343259291,10.844745837906588,0.4305184513932967
1081,1268,6.359738224321992,6.3793632631678,0.13999429615234874
1082,1269,1.8686338169351318,7.950081813153502,0.7473110237743871
1083,1270,4.958444217370561,9.938216873981414,0.3294865042021916
1084,1271,2.1005179821525046,9.635381067051405,0.715954119184159
1085,1272,2.224268270024817,9.705060652803795,0.699219789928913
1086,1273,5.3175692123318825,9.69266248758268,0.28092325628738896
1087,1274,5.391633334796056,9.310500778517282,0.27090781767608496
1088,1275,1.7966966589139923,8.950097382181717,0.7570388402401923
1089,1276,4.918786297620224,9.9001636745861,0.33484930939715823
1090,1277,3.1309280314939953,11.228753052219009,0.5766152834524265
1091,1278,4.736981174565104,10.219277848100418,0.3594341959602835
1092,1280,5.654398850324284,8.556456094308464,0.23537493343495156
1093,1281,3.085409507163969,9.529344047346004,0.5827705982112701
1094,1282,4.137213224404326,10.7253204174148,0.44053876975400624
1095,1283,4.968092990214449,9.921948459063152,0.3281817335672716
1096,1284,4.7873964983430035,10.115237852550706,0.3526167037175203
1097,1285,5.331417210140926,9.394132005115207,0.279050638786074
1098,1286,5.8609460382725675,8.188715823924607,0.20744426184380227
1099,1287,5.516985578943989,8.942651187920823,0.25395686133875583
1100,1288,4.3535696297024264,10.754868506627917,0.4112816311647561
1101,1290,5.038943772174639,10.005072980043561,0.31860082403002005
1102,1291,4.1880899101430575,11.189940096096661,0.43365888910721473
1103,1292,5.281123707231457,9.507346519060917,0.28585165760839076
1104,1293,5.058392777493957,9.832406428449953,0.31597080139091055
1105,1295,4.6848712975402265,10.134712627562815,0.3664808368576723
1106,1296,4.1022981207791975,11.070560681953967,0.4452602201044637
1107,1297,0.0,6.213079602040679,1.0
1108,1299,4.202468526376483,9.588394214751302,0.4317145178865736
1109,1300,4.598149763346285,10.43937045435044,0.37820789407647154
1110,1301,3.9731903582825447,11.472091217156017,0.462719022376151
1111,1302,5.682401932277884,8.32077781145658,0.23158817219479433
1112,1303,5.650188902481468,8.631676923054986,0.23594423031951145
1113,1304,4.888631485420912,9.800452303156968,0.3389270417778221
1114,1305,5.339740485392483,9.645794330212318,0.27792511066863396
1115,1306,5.053696599634806,9.651910640188698,0.31660584950180715
1116,1307,4.164858892466807,10.804465992949272,0.4368003403750287
1117,1308,4.144481883098562,10.843465697196542,0.43955585383579154
1118,1309,5.863400424953838,8.320266959692933,0.20711236350602671
1119,1310,5.0688986046799815,9.729476432256854,0.3145501342211416
1120,1311,4.568034228837615,10.512354376934143,0.3822803150690256
1121,1312,2.7307571843503764,8.78585476898187,0.6307290219300427
1122,1313,4.252576101362033,10.641061958527006,0.4249386414631159
1123,1317,4.950165828448591,9.950690054136013,0.33060596249441127
1124,1318,3.1221964498874337,11.623517784428033,0.577796025445318
1125,1320,5.48738652145871,9.14437320635824,0.2579594409053964
1126,1321,4.062850090067219,10.869408867635428,0.450594642720809
1127,1322,4.460077334444982,10.325734655213234,0.3968789576031278
1128,1323,1.7555355813575149,8.931115135539976,0.7626049123372651
1129,1324,2.99082146525743,10.534425078900696,0.5955614164314771
1130,1325,1.2186828177688733,8.311321248176407,0.8352016800858036
1131,1326,4.882647594385673,10.139281889500023,0.3397362229484916
1132,1327,4.7373890193623405,10.325935966200712,0.3593790444997144
1133,1328,1.5482001210489518,9.10330519736334,0.7906421793105063
1134,1330,4.45929307200227,10.634482959670185,0.39698501073774684
1135,1332,5.480293241822877,8.675379929985432,0.2589186409118484
1136,1333,5.100329438092506,9.677165352230373,0.31029984984495756
1137,1334,2.7047112902456476,9.542171181660338,0.6342511193343374
1138,1335,5.2179158936416625,8.505045416466638,0.2943990346068769
1139,1336,4.110817218287364,11.356719285106141,0.4441082116113093
1140,1337,4.974647369672368,9.931241771705027,0.3272954071934225
1141,1339,6.436583175983159,5.805316976286929,0.12960281549552558
1142,1340,1.3875563538957114,8.37223197029219,0.812365487906921
1143,1341,2.0368372378207877,9.126262367069053,0.7245654489934735
1144,1342,4.267585347598099,10.067812215934287,0.42290899229861006
1145,1343,1.3010860952040728,6.447889750288848,0.8240585659967694
1146,1345,5.114297909432963,9.801624855149921,0.30841094111898454
1147,1346,4.800460879275665,10.120555156726711,0.3508500520530919
1148,1347,3.1596683866561084,10.378677620280511,0.5727288232714874
1149,1348,6.53986546363822,5.423721421400266,0.11563630408313871
1150,1349,5.112006647111607,9.63083070504153,0.3087207807060672
1151,1350,5.037529542555651,9.889619384973539,0.3187920654767557
1152,1351,4.330258538781564,10.638987840231234,0.41443391046426925
1153,1352,3.6393950509787025,11.009861526520474,0.5078570230411843
1154,1353,2.012019928437092,8.643728440170642,0.7279214090772559
1155,1354,3.578576283455811,9.968124329709443,0.5160813374902664
1156,1355,3.1732758105478513,10.215992118138553,0.5708887377602917
1157,1356,1.9568801630284764,9.588438459132538,0.7353777714443228
1158,1357,4.227545444274844,10.657135887370979,0.4283234518290067
1159,1358,0.0,4.3939914983023405,1.0
1160,1359,4.784388067784356,9.191944085796447,0.3530235235187146
1161,1360,3.420938639684728,11.434841207383815,0.5373981382770926
1162,1361,3.5501757120647457,10.684140842887697,0.5199218498710181
1163,1362,1.0767832025549433,8.27825649672339,0.854390280961082
1164,1363,4.806122541736659,10.19355849871324,0.3500844447532357
1165,1364,3.5472696553897634,10.651581373011116,0.5203148260011725
1166,1365,5.128776705853948,9.669454978162822,0.30645302287334425
1167,1366,1.8084487833013267,9.191892198766077,0.7554496405516293
1168,1367,5.112366919877903,9.902495319955083,0.30867206224895033
1169,1368,4.538329102447305,10.255813095389081,0.3862972379718398
1170,1369,5.104800027629432,10.095021124085324,0.3096953072732815
1171,1370,6.101590927109641,7.226881978087301,0.17490267448566366
1172,1371,3.6783985484369177,10.84287319950209,0.5025827131402216
1173,1372,3.3943713131595157,10.595915415067434,0.5409907472087442
1174,1373,1.7402947589175521,8.8555882948499,0.7646658767618023
1175,1374,1.9260031935140751,8.799903875220886,0.7395531586950685
1176,1375,4.142390162552885,10.403809462540739,0.4398387100692853
1177,1376,4.793092664633216,10.133860540248111,0.35184643058254866
1178,1377,4.965531642773518,9.944879572459431,0.32852809584367965
1179,1378,4.55067614344129,10.524784591529848,0.38462758974011557
1180,1379,4.229311372202048,10.930283304573472,0.4280846514198686
1181,1380,4.068704619500103,10.725896125463315,0.4498029546783092
1182,1381,3.1239416038236003,11.2998219009286,0.5775600342321175
1183,1383,4.708625873990222,10.149004203630227,0.363268586523004
1184,1384,2.490061725309269,8.056639422335088,0.6632774477243526
1185,1385,5.231386191730732,9.75908957869259,0.29257749215017254
1186,1386,3.834193075353614,10.984784742134075,0.48151515075782664
1187,1387,4.697398810325301,10.477171724646277,0.36478678404131804
1188,1388,5.359684055786454,9.348473387391248,0.27522820968168626
1189,1389,5.303530231543464,9.787577545473848,0.282821699765467
1190,1390,5.889984489117502,8.28329274198152,0.2035174912006276
1191,1392,4.6851442847952205,10.238523070123765,0.36644392172247464
1192,1393,5.631530413644731,8.826387907623893,0.23846735411152614
1193,1394,5.149778376862221,9.919434840098802,0.30361303855003163
1194,1396,5.528376977135103,9.120217975606268,0.25241644142309133
1195,1397,0.9417049492855789,8.024720513167189,0.8726564523316522
1196,1398,2.8414423437007947,9.540727934078834,0.6157614454331666
1197,1399,3.97709685485822,11.076537463956235,0.46219076017122346
1198,1400,6.740255746206458,4.283694662368196,0.08853820980226919
1199,1401,5.540980305625413,8.308513005140949,0.2507121363075631
1200,1402,5.796842741922262,8.05137169110944,0.21611273192105554
1201,1403,4.555801028372479,10.004625801147517,0.38393456903440004
1202,1404,2.25624926001536,9.566674463386946,0.694895109755541
1203,1406,5.037081949861943,9.925187414725,0.31885259190976484
1204,1407,4.232252470765516,10.779643820608594,0.4276869366946795
1205,1408,4.661942225786215,10.238902365024707,0.36958145700850936
1206,1409,1.3521984770522286,8.584618179861573,0.8171468129691769
1207,1411,2.970495042451084,9.940831590813163,0.5983100892440503
1208,1412,5.4334037355452525,9.151403241235975,0.26525934888236496
1209,1413,4.790650953434465,10.286327740164015,0.35217661485806545
1210,1414,5.499408013855385,8.517469860235352,0.2563338154998784
1211,1415,2.2316099396526425,10.165320460903645,0.6982270009912256
1212,1416,5.229881422334056,9.24710060980166,0.2927809769821688
1213,1417,1.4487987347388085,8.828102872268682,0.804083889673703
1214,1418,4.8118099013409665,10.31873224855207,0.34931536251635503
1215,1419,2.1971651413373006,9.291167451194129,0.7028848535590856
1216,1420,5.616889282858322,9.229051553249239,0.24044722427959947
1217,1421,5.022108331907214,9.696014440333297,0.3208774231833311
1218,1422,3.9010730506130136,10.625778191376291,0.4724711998643281
1219,1423,4.723384625285973,10.375714709318762,0.3612728109347143
1220,1424,0.9520902512064238,7.36786926477655,0.871252083382322
1221,1425,5.770521453909948,8.473419019789148,0.21967206990396757
1222,1426,4.749797577117962,10.64802094275458,0.35770107756617836
1223,1427,6.501317539256518,6.1786968502689685,0.1208490083911507
1224,1428,4.4905485706509065,10.374050451170385,0.3927584362835293
1225,1429,3.8933760021041697,11.087209342964693,0.4735120454757218
1226,1430,3.9860416395024973,10.46949248884743,0.46098118745888317
1227,1431,4.046856725127432,10.475127141090077,0.45275737090030105
1228,1432,2.1970302676236515,8.781859982162924,0.7029030920712612
1229,1433,2.685954042626915,10.530618865568478,0.636787597939526
1230,1434,0.0,4.0179099994558,1.0
1231,1435,3.079403634096751,9.97617162253627,0.5835827519371325
1232,1436,5.747439880167059,8.831205509739224,0.22279331237850053
1233,1437,3.6271355148736655,11.28488188373778,0.5095148382852986
1234,1438,4.497363036663586,10.11695509118987,0.3918369392921645
1235,1439,5.4590179384025,9.097671461476324,0.26179562761275377
1236,1440,4.196262650760956,10.44539194134913,0.4325537172747358
1237,1441,4.553590326973608,9.939947941540353,0.3842335146427684
1238,1442,1.3778664710570667,7.910133794066968,0.8136758177061854
1239,1443,4.508777736779436,10.41284636611751,0.3902933683367125
1240,1444,4.847089776037379,10.108142404642232,0.3445445854183434
1241,1445,4.378881352279375,10.61025383607466,0.4078588132715391
1242,1446,4.122162303068764,10.917688894263978,0.44257405450004245
1243,1447,3.9495890517672505,10.670195092629953,0.46591054654042957
1244,1448,5.05478600608121,10.155466491364871,0.31645853278456665
1245,1449,2.9649105708867185,10.488267742044066,0.5990652582822917
1246,1450,1.6141783488199626,8.700935534949165,0.7817201686535539
1247,1451,4.637637827534858,10.277306305151484,0.37286805786966043
1248,1452,4.6006240127960085,10.42288444610611,0.37787330976427985
1249,1453,3.6021966251012167,11.071975200832846,0.5128872392702811
1250,1454,4.492414892360156,10.555762612781244,0.39250605996573834
1251,1455,3.2993744025094323,10.906794230676251,0.5538368553542862
1252,1456,0.0,5.82532745495172,1.0
1253,1457,1.1452369833723215,8.727894811309369,0.845133509711011
1254,1458,3.1766099896731785,9.292254356579107,0.5704378680917156
1255,1459,5.383741900245953,9.308594945047634,0.2719749494486907
1256,1460,5.380321520375411,9.519309036620257,0.27243747574996874
1257,1461,6.626321460220996,4.468351736054915,0.10394515460961658
1258,1462,4.736982051235234,9.9515159131401,0.3594340774111725
1259,1463,3.1080287519602185,10.131680661198907,0.5797118749029574
1260,1465,4.0944996028504255,10.673628840883577,0.44631478707935157
1261,1466,4.585784870413574,10.516882034822617,0.37987995636496774
1262,1467,4.549280337773047,10.219192328167583,0.3848163397788453
1263,1469,4.125729344464977,10.514503954437192,0.44209169566098333
1264,1470,4.027323079157378,11.120329207001102,0.45539883920585816
1265,1471,4.154090026580324,10.908430232246753,0.4382565773709049
1266,1472,2.380271619045872,8.30287974178852,0.6781239892457417
1267,1474,4.252221432326666,10.475635621671039,0.4249866021468163
1268,1475,4.251193366659669,10.655199880726187,0.4251256239597214
1269,1476,3.7780151712175876,11.457127833868238,0.48911189708339414
1270,1477,5.326197475377711,9.599615918392566,0.27975648571099443
1271,1478,3.850982343006061,10.8807273426458,0.47924479536972125
1272,1479,1.2923488940061192,8.404705183506927,0.8252400679078336
1273,1480,1.755586945706221,8.956348520631362,0.7625979665116189
1274,1481,5.071683990106346,9.932095077105728,0.3141734760522681
1275,1483,5.25744423080876,9.692078162445243,0.2890537524225711
1276,1484,5.044732777560279,9.930032587878499,0.317817996580894
1277,1485,5.321576133756992,9.481994582426239,0.2803814139726716
1278,1487,1.3167104932888178,7.778437671416245,0.8219457319463553
1279,1489,2.8583559114191086,9.620418684087227,0.6134742813712033
1280,1490,5.461360256425621,9.37894462108927,0.2614788839372978
1281,1491,5.12440052210224,9.72280585604179,0.3070447992727503
1282,1492,4.687459516609238,10.261940671766233,0.3661308408226713
1283,1493,2.065541171208171,8.1625111079237,0.7206839140048782
1284,1494,4.861397141163824,10.118025076152165,0.34260984924182636
1285,1495,3.406838204118485,11.61397649138878,0.539304892075123
1286,1496,5.401585974330491,9.602947270216205,0.2695619561852426
1287,1497,3.899633338064742,10.581793142576839,0.47266588728065595
1288,1498,0.6643979509284277,6.455718152017369,0.910155731687517
1289,1499,4.879149323585818,10.178317922310335,0.34020928217441593
1290,1500,4.928507538199307,10.017743087090142,0.3335347391976312
1291,1501,4.630870460317393,10.09166049289757,0.3737831858516258
1292,1503,4.18171422633296,10.801081715071158,0.43452105107822847
1293,1504,4.692428225287064,10.74867888991626,0.3654589392989032
1294,1505,4.2390093992870135,10.551837703362951,0.4267732203019583
1295,1506,3.232266505564744,10.048732447705348,0.5629116273197321
1296,1507,4.21949489529128,10.888460693814869,0.4294121001036309
1297,1508,4.026910848198508,10.56486615157593,0.4554545837921016
1298,1510,5.411726202326545,9.151561180905677,0.2681907277466929
1299,1511,0.36769714336179316,8.940695990272793,0.9502775697008595
1300,1512,5.630152696073662,8.806969486426937,0.23865365815858253
1301,1513,6.5344590996406815,5.637945479585137,0.11636738824273168
1302,1514,4.26227125837612,10.684061887118691,0.4236275984550993
1303,1515,6.690081937949801,4.887803613203728,0.09532304272502423
1304,1516,4.633492471638853,10.209981367222404,0.37342862020560835
1305,1518,5.237652390313201,9.413038691333348,0.2917301354929825
1306,1519,5.3209733412977425,9.643139957711435,0.2804629275405112
1307,1520,4.720605371119126,10.660313494936938,0.36164863999428
1308,1521,5.899944578589611,8.302865121230692,0.2021706222801289
1309,1522,4.761862885093716,10.032486650680895,0.3560695271293782
1310,1523,4.940012638966683,10.105149566855136,0.33197894367047487
1311,1524,5.519643729239801,9.196823910286714,0.2535974087425247
1312,1525,6.332345581019473,6.518364703067652,0.14369850985622998
1313,1526,5.091874699329288,10.038642944148645,0.3114431553245922
1314,1527,1.2749481669853442,9.67725319221511,0.8275931088603263
1315,1528,5.759629425854884,8.193746965476944,0.22114496169973363
1316,1529,6.854242328727615,3.62049777464492,0.07312419311280914
1317,1530,4.665452321491651,10.31994804732085,0.369106798740944
1318,1532,4.57637941692264,10.408222200427453,0.38115182375387113
1319,1533,2.202241484665337,9.302860059103999,0.702198396968765
1320,1534,5.475942674519655,9.490617876706603,0.2595069532863161
1321,1535,4.101910844601039,10.680006543612325,0.44531259014084457
1322,1536,4.675052438211689,10.485201696531744,0.36780860770766194
1323,1537,0.0,5.710544960732777,1.0
1324,1538,1.6265697406058834,7.430467217023722,0.7800445230155388
1325,1539,4.295747531262524,10.276480494171992,0.4191007162768729
1326,1540,4.3668869465415465,10.37486046790525,0.40948077584058734
1327,1541,6.8150093669637135,3.98955743609143,0.07842953268901304
1328,1544,1.4600471130210884,8.731952799487683,0.8025628098523981
1329,1546,3.3719977075699568,10.189485468804529,0.5440162535651335
1330,1547,4.446140850559036,10.581755519990624,0.3987635407747523
1331,1548,4.570861711818962,10.748848412974183,0.38189796419140754
1332,1549,4.572709145879637,10.188057255005273,0.381648141985898
1333,1550,2.3792161769909828,9.41591125839111,0.678266713074187
1334,1551,4.5939818316944585,11.191931096909947,0.378771509254862
1335,1552,4.78260473719103,10.012474420896327,0.35326467723102317
1336,1553,3.449957098175615,10.704725041281193,0.5334740711317518
1337,1554,1.604651638363912,9.091654936068185,0.7830084332081821
1338,1555,5.430973696098474,9.622122067517111,0.26558795482668074
1339,1556,5.048265908047259,8.578276459956786,0.3173402233984034
1340,1557,4.339520058174575,10.620632266416976,0.4131815067923974
1341,1558,5.188857002375467,9.899043995140543,0.29832856933848617
1342,1560,4.633161491394332,10.661957725185136,0.37347337753493687
1343,1562,4.205615359957352,10.893136815792142,0.43128898231684587
1344,1563,2.582809145582864,9.104240239209712,0.6507355304882937
1345,1565,5.019568785068208,9.93820735302591,0.32122083743871366
1346,1569,5.448649987178852,8.719603833820326,0.2631976502864939
1347,1570,2.125778905802023,8.5196052592412,0.712538170656598
1348,1571,2.415334686121668,8.54025188318743,0.6733825303026274
1349,1572,4.249401072097729,11.047562742245523,0.4253679898389251
1350,1573,4.598612489354128,10.463387707359612,0.37814532121701927
1351,1574,3.1643817327346877,10.534447544533826,0.5720914535608467
1352,1575,4.772531346504657,10.005150200607833,0.35462686748820005
1353,1576,5.216567394131787,9.732845341530428,0.2945813875951954
1354,1577,5.107285466714934,10.160204366344676,0.3093592098248168
1355,1578,5.265851426997443,9.174993942305079,0.2879168759630994
1356,1579,4.960900436682321,10.168498817254282,0.3291543580440469
1357,1580,4.70864534469619,10.145283860180683,0.3632659535658602
1358,1581,4.946431689283633,10.251223587776064,0.3311109173946842
1359,1582,4.233354605461343,10.565115721525771,0.427537898779692
1360,1583,3.5979143599009573,10.77008880788877,0.5134663153843776
1361,1584,0.0,6.940737178061049,1.0
1362,1585,4.689298736224233,9.926390652412362,0.3658821294286276
1363,1587,2.915496058082006,10.614458715156477,0.6057474142714145
1364,1588,3.998430622911646,11.489361519062358,0.45930586749744284
1365,1589,5.675657980773908,8.507415355986044,0.2325001337497072
1366,1590,5.522537903784638,9.118014465709688,0.25320603939229397
1367,1592,4.739700734243096,10.788232255741562,0.3590664391827981
1368,1593,4.667911318008845,10.34187528778343,0.3687742770307829
1369,1594,3.50521109989725,10.67929461125061,0.5260022609777922
1370,1595,6.098055002819105,7.696044655742622,0.17538082546467798
1371,1596,5.983015531024069,7.723057044539006,0.19093722077871617
1372,1597,3.7479814124375004,11.092671354411072,0.4931732598231495
1373,1599,4.960259475164774,9.926806235455613,0.32924103308342656
1374,1600,6.7297588576509915,4.466881619568529,0.08995766823152186
1375,1601,4.968159685961516,9.885109969354609,0.328172714528928
1376,1603,4.601260615206542,10.42107186709649,0.3777872241920706
1377,1604,1.8850519015639378,8.932734144160936,0.745090862200279
1378,1605,4.437563990960196,10.695172973353248,0.3999233602383733
1379,1606,5.158060766801912,9.804049024633496,0.3024930392138351
1380,1608,3.950808195187033,11.11729465801208,0.46574568593487636
1381,1610,5.162720978511963,9.86739150253918,0.3018628546825827
1382,1611,3.874640067075822,10.63352188171352,0.47604564205202043
1383,1613,4.633336863247203,10.22952273288275,0.3734496625975535
1384,1614,5.464323931528274,9.009798922982242,0.2610781162637345
1385,1615,0.4930234451614356,6.289949431705918,0.9333301214587874
1386,1616,4.8221902869607085,10.297271676478925,0.347911658381651
1387,1617,3.247083852531756,11.167981017023704,0.5609079280387168
1388,1618,4.665096696285136,10.45199999664312,0.3691548887244067
1389,1619,0.9373334849344381,7.361759626343955,0.8732475905426198
1390,1620,3.3424351386419757,10.65400681115614,0.5480138989086513
1391,1621,5.872288212053429,8.368558122275989,0.20591049837720735
1392,1623,5.033833859695427,9.971008236967076,0.3192918200621331
1393,1624,6.304024363309621,6.855371340470716,0.14752829150938607
1394,1625,0.3816384958973349,7.937116401548356,0.9483923281583596
1395,1626,5.365201782518781,9.319068689857499,0.2744820663193815
1396,1627,2.792710405114657,9.553604977497617,0.6223512992393113
1397,1628,2.3524376247650793,9.369525985357894,0.6818878853367473
1398,1629,2.0603609580346083,8.766833929816954,0.7213844165600577
1399,1631,5.251990078883978,9.559334590179372,0.2897912987805369
1400,1632,4.511831584438166,10.760035888981793,0.38988040693601433
1401,1633,2.456668420676859,8.872857985140687,0.6677931103886373
1402,1634,3.251467883737896,10.81272863825696,0.5603150904548194
1403,1635,1.0463258372458657,8.013813363492257,0.8585089265666205
1404,1636,4.46524473817503,10.8288547566762,0.39618018722529535
1405,1637,5.2463772180713475,9.308339391052698,0.29055030679997146
1406,1638,4.773975069181875,10.027466215627868,0.35443163779581527
1407,1639,4.174396973447518,10.329932107790764,0.43551053822314106
1408,1640,2.100065282766236,8.74415098378143,0.7160153361777816
1409,1641,4.89591620070616,10.249115357467726,0.3379419545815818
1410,1642,4.186266003566311,11.061446930783879,0.4339055297713365
1411,1643,4.236445467019758,10.375596153721009,0.4271199321156123
1412,1644,4.331337538098829,11.171476671206339,0.4142880010675984
1413,1645,4.169143433560063,10.470609759927191,0.43622095649968645
1414,1646,4.807000702626452,10.06068908581361,0.34996569405195227
1415,1647,1.7554806096257112,8.63838515048565,0.762612345977021
1416,1650,4.800455258820147,9.950547808028016,0.3508508120881174
1417,1652,2.0538757885211636,9.928979016478566,0.722261383909225
1418,1653,1.9392800467673954,8.107474008135126,0.7377577751235661
1419,1654,2.969968847166711,10.230879631222365,0.5983812448372423
1420,1656,5.5649880449433216,8.995693005117442,0.24746565162193132
1421,1657,4.194646294042579,10.204361296957257,0.43277229167956593
1422,1659,6.171278414873442,7.144281887511982,0.16547907325401526
1423,1660,2.713799186825745,9.003748173595344,0.6330221940831421
1424,1661,1.8223254876679635,9.11965670169845,0.7535731411604633
1425,1662,5.721276330745825,8.662862399629313,0.22633131990986557
1426,1663,5.518434680793067,9.458422279868778,0.2537609042393114
1427,1664,2.0485138496174176,8.463871530872588,0.7229864606149404
1428,1665,2.7799491931129126,10.349469624024646,0.6240769544034717
1429,1666,4.7068024095802725,10.466266983851124,0.3635151673944182
1430,1667,4.0648401327836385,10.794206019089128,0.4503255360332922
1431,1669,2.950266094075598,10.572582744332365,0.601045580921872
1432,1670,5.18544305707786,9.825429122387071,0.29879022551441775
1433,1672,3.279520168080155,10.84030583640035,0.5565216757434976
1434,1673,2.4862710596802122,9.420111424228633,0.6637900465055259
1435,1674,3.6438939449286227,11.380568982512774,0.5072486529602994
1436,1675,4.258550762063527,11.440448861253008,0.42413070847898954
1437,1676,3.212303562432613,10.702623400672591,0.5656111480159711
1438,1678,1.928802522018103,7.6393566474608186,0.7391746150513695
1439,1680,3.3910260239711567,11.105627043590903,0.5414431192532422
1440,1681,4.2302374777572425,11.106667894094361,0.4279594173250459
1441,1682,4.2073399605293265,9.997988077443276,0.4310557704649673
1442,1683,5.069998347119189,9.99708625949021,0.31440141980285546
1443,1684,5.001177813401132,9.876693057683596,0.32370778579650894
1444,1685,5.877577539497532,7.796881157652035,0.20519524067146572
1445,1686,4.793701840033529,10.360026233711011,0.3517640538713643
1446,1687,3.041694697719096,10.18799451782479,0.5886820027595622
1447,1689,6.371096303113337,6.621204676004651,0.1384583819054461
1448,1690,0.22124518855066408,8.32534934299543,0.9700817679295747
1449,1691,1.7162841710847996,8.865227631920328,0.7679127466423789
1450,1692,3.3062098122769115,10.765932780382013,0.5529125262104094
1451,1693,5.629336696298619,8.757950186632817,0.2387640030243808
1452,1696,3.309875065684821,10.888723471418292,0.5524168864960585
1453,1697,4.938164467401515,10.071257887529846,0.3322288656062009
1454,1698,5.561506946604506,8.537920076668126,0.247936388674533
1455,1700,5.137940133039417,9.838240242549308,0.30521388387605697
1456,1701,5.366682765830522,9.423197508103508,0.27428179799850483
1457,1703,6.955413431432398,1.6271039161195895,0.05944317003894733
1458,1704,5.744603029392831,8.25526432730846,0.22317693003079173
1459,1705,3.134950772842152,10.998935757555573,0.5760713018634851
1460,1706,5.18314281631891,9.711754140023281,0.2991012792249862
1461,1707,6.013337924671935,7.667333935515625,0.186836826930468
1462,1710,2.878361269454081,9.456877929026863,0.6107690250523514
1463,1711,3.4356951472722272,10.34556179286778,0.5354026660978153
1464,1712,5.657952373667939,8.555528521545444,0.2348944025960231
1465,1713,5.395114579800271,9.352876302768738,0.2704370607904216
1466,1714,1.1263567970449728,8.252374481137707,0.8476866128983607
1467,1715,4.211747375301274,10.614813977458976,0.43045977080123876
1468,1716,3.959608673451935,10.944303652909246,0.4645556272819183
1469,1718,3.2420119186055025,10.364212361147572,0.561593788360677
1470,1719,4.530397768504586,10.550425781636555,0.3873697652031923
1471,1720,1.6449163218341463,7.306626581734017,0.7775635774253463
1472,1721,4.735083267693455,9.918863364062242,0.35969084343183305
1473,1722,4.404399258409308,10.221579065507278,0.40440811387984665
1474,1723,0.8855543326828933,7.938791244232248,0.8802495086571773
1475,1724,5.417818264629794,9.399353813428974,0.2673669189444763
1476,1725,4.65027198835939,10.593677646884718,0.37115958340275984
1477,1726,5.519743238058977,9.046398638352889,0.25358395250438154
1478,1728,2.9667337478929654,9.144213410807158,0.5988187162754999
1479,1729,4.537848950895928,10.632861614400644,0.38636216722809696
1480,1730,4.6447519379896,10.238026390286095,0.37190604098263164
1481,1731,3.733439165854896,10.44791024838074,0.4951397582176856
1482,1732,4.6487330048689515,10.62258841002908,0.3713676948899344
1483,1733,2.1864817365267424,9.471939749271932,0.7043295339452147
1484,1734,1.950261735621658,11.194459970792312,0.736272758803802
1485,1735,5.359337348849477,9.55340339458481,0.27527509367798403
1486,1736,5.210671301614027,9.924673393947453,0.2953786960718706
1487,1737,4.536249430727755,10.233275165718718,0.38657846488368075
1488,1738,3.9393698287973384,10.70807285146368,0.467292457199803
1489,1739,5.199858513603148,9.756095440524817,0.29684087250678864
1490,1740,3.601864381897374,10.224452970614593,0.5129321673852901
1491,1741,6.459606305339695,6.097013365074865,0.12648947625597634
1492,1743,5.481214744688413,9.39655476137714,0.25879402922304623
1493,1744,4.905806074691862,10.17019895939256,0.33660458066177007
1494,1745,5.878054763652007,8.688282430220227,0.20513070727710472
1495,1746,0.0,5.27120801000693,1.0
1496,1747,2.789745209933633,10.872712536647912,0.6227522724678869
1497,1749,2.5042768891819454,9.45717249686285,0.6613551796088385
1498,1750,4.439665671672319,11.014916352412609,0.39963915712555015
1499,1751,4.602773543641293,10.267974698589505,0.3775826360411899
1500,1752,3.344374456646037,10.302009448686473,0.5477516515509396
1501,1753,4.72686724174144,10.457571106390045,0.36080186859237684
1502,1754,5.855384398910502,8.121669440347807,0.2081963433612188
1503,1755,2.7388699973967583,9.783403865530172,0.6296319538986173
1504,1756,5.0128675287921265,10.297574491367673,0.322127025463613
1505,1758,0.7540667364565175,8.253279513289167,0.8980301277253397
1506,1759,1.1975259261346318,8.680208020798586,0.8380626543648313
1507,1760,4.494098837599397,10.639073930087026,0.3922783457958097
1508,1761,4.5633975808900065,10.26772262352307,0.3829073131530704
1509,1762,4.096558665975183,11.535156105407754,0.4460363469974781
1510,1765,5.5257742935884115,9.63556368688788,0.2527683934400635
1511,1766,3.850426600354546,10.602225156246956,0.47931994655257126
1512,1767,4.334339921698632,10.928284429912175,0.41388199897601946
1513,1768,1.7766839776000025,9.077382269597326,0.7597450868610822
1514,1769,4.17617660522775,11.19759531655912,0.4352698846887087
1515,1770,4.355195749660762,10.320565987658053,0.4110617365102936
1516,1771,4.70947027515105,10.468979155148364,0.36315440103469715
1517,1772,4.691089638407185,10.420753287443006,0.3656399518360843
1518,1773,4.162245681564867,10.333132645725383,0.43715371597033703
1519,1774,5.027125427528293,9.675427524417522,0.320198978458299
1520,1775,5.496923037591283,9.003531614813607,0.25666985036258405
1521,1776,2.1391739575237376,9.807162801464006,0.7107268035094483
1522,1777,0.06534425314841562,8.780485158521532,0.9911637195684586
1523,1778,4.456176113988148,10.345998039262097,0.3974065063365039
1524,1781,3.9980306815263136,10.524625121865773,0.45935995020658255
1525,1782,5.758328590658371,8.290410807589971,0.22132086920556288
1526,1783,5.2881335587749145,9.558720058206307,0.2849037392982561
1527,1784,5.386068298341692,9.468875538190169,0.2716603585707039
1528,1785,3.687940947480683,10.755492534043611,0.5012923270713983
1529,1786,3.1215160723284257,10.110231149712996,0.5778880305815167
1530,1787,3.7381283900804956,11.295158867975422,0.4945056504229318
1531,1788,5.901544258037067,7.814915988311771,0.20195430308575105
1532,1789,0.648187798317158,7.700804091330587,0.912347775324253
1533,1790,5.494162712676937,9.121676910004785,0.257043119683911
1534,1791,5.889594710097446,8.223313937576442,0.2035701996877798
1535,1792,5.024752272982757,9.76896503039062,0.32051989205148235
1536,1793,2.161772791971473,9.784435168501254,0.7076708402229355
1537,1794,3.8873465002869567,10.797960528578857,0.4743273944368365
1538,1795,0.5413442222512934,7.253016418750565,0.9267958676191085
1539,1796,3.81174049091518,10.881038741422957,0.48455133715451326
1540,1797,0.7020906325037249,8.621862846633856,0.9050586789465569
1541,1798,4.9903380988939325,9.28315386164136,0.3251736034096649
1542,1799,4.739713274782105,10.205965134892157,0.3590647433684899
1543,1800,3.0306595606478544,10.139499195024946,0.59017424669937
1544,1801,4.685594435497297,10.583695787892378,0.36638304937872057
1545,1802,3.0939275175058762,11.312459432890599,0.5816187367319001
1546,1803,4.7642116650752415,10.12328192260507,0.35575190962533226
1547,1804,1.8100118148444126,8.786012466192334,0.7552382771283351
1548,1805,2.2228393109125264,9.194050161321194,0.6994130231947785
1549,1806,1.5251443201270478,8.158436932641154,0.7937599366143814
1550,1807,4.765812035789427,10.042265838271607,0.35553549695331277
1551,1808,2.990464401696982,9.585500011142004,0.5956097009186351
1552,1809,2.7541698173343967,8.920192258532634,0.627563011443739
1553,1810,3.873328083205272,11.082858821762805,0.476223057155006
1554,1811,5.03343085277192,10.211842897706148,0.3193463173135421
1555,1813,5.266714717932861,9.409227882813475,0.28780013607501725
1556,1814,5.021563943087097,10.136784614221842,0.3209510390262948
1557,1815,4.164626586966316,10.322043848165045,0.4368317542553506
1558,1816,4.649723727756797,10.595513063681114,0.37123372281365913
1559,1817,5.529020830103684,8.915597958530071,0.25232937538265265
1560,1818,0.0,4.171324557199181,1.0
1561,1819,5.274689326445976,9.083197944849076,0.2867217569711411
1562,1820,4.761762955190801,10.351902508826566,0.3560830403092389
1563,1822,3.3600550268705183,11.107173936797164,0.5456312215337001
1564,1823,4.693837125202667,10.360486045720002,0.36526841856977393
1565,1824,5.4376977951002035,9.177869686731206,0.26467867785791993
1566,1827,4.701730843378451,10.193605614122212,0.364200977990258
1567,1828,4.191004621362181,10.862648508225877,0.433264742652581
1568,1829,2.072007432677046,9.449119223913527,0.7198095035260734
1569,1831,0.9165099953454467,8.661210041140066,0.8760634800004684
1570,1832,4.594991264529934,10.444892568393808,0.37863500709619763
1571,1833,4.530657566239714,10.62864615965978,0.38733463364177
1572,1834,0.9971887071451415,8.698353021694786,0.865153573038973
1573,1835,5.2318975259097575,9.633716174010615,0.2925083461735579
1574,1836,1.6223102034771246,8.718954951644005,0.780620525690063
1575,1839,3.8184251481262907,11.888875974573274,0.4836473937645423
1576,1840,5.238336083047561,9.666394399853004,0.29163768205693064
1577,1841,4.889146697589575,10.127961328525075,0.33885737139389854
1578,1842,5.071753143311852,9.745419118549862,0.31416412470020344
1579,1843,3.8177040478538062,10.605412562152805,0.483744905694359
1580,1844,5.409608740741647,9.384060109859352,0.26847706485310485
1581,1845,4.824812337386296,10.51061013937218,0.34755708744771574
1582,1846,3.4966972238534404,11.99707834262783,0.5271535633901347
1583,1847,3.199270109471363,10.9666515239288,0.5673736173963362
1584,1848,6.076988744669797,5.270646174334802,0.17822954368673402
1585,1849,2.950266115921298,10.681313462323763,0.6010455779677525
1586,1850,5.2943113090415235,9.221901441431925,0.2840683432050786
1587,1852,3.1295556404476765,10.743441046335507,0.5768008672117123
1588,1853,1.9298067743854617,9.58178780746672,0.7390388134297354
1589,1854,1.7219091725478155,8.637789632567333,0.7671520968842105
1590,1855,2.261656715853706,9.256105854229887,0.6941638779500405
1591,1856,3.699207017478005,11.437389315771219,0.49976885485982353
1592,1857,4.761995370577891,10.775180119066356,0.35605161156932713
1593,1858,1.4430842775972792,8.80510164428194,0.804856636218099
1594,1859,4.961112448313863,10.086558240958102,0.3291256884343905
1595,1860,4.037526293980043,10.421849528309174,0.4540190932736253
1596,1861,0.0,5.059718239248414,1.0
1597,1863,4.510147600954955,9.98462846939344,0.3901081262775445
1598,1864,3.058957770053082,10.60245616596878,0.5863475763807555
1599,1865,2.832566107015504,9.532919554427322,0.6169617486388643
1600,1866,3.8437693765689236,11.197375648953813,0.4802201802140025
1601,1867,4.885430475059339,9.851458085552554,0.3393599034887806
1602,1868,4.748744647877375,10.422042485934401,0.3578434615953181
1603,1869,0.6593441369114299,8.549504258076208,0.9108391417159646
1604,1870,1.33586172736254,8.965547615785308,0.8193559758969422
1605,1871,4.553380207874583,11.383387497875095,0.38426192833170886
1606,1872,4.446427131183119,10.491025599428639,0.39872482802260295
1607,1873,3.3362771810207805,10.61832429504743,0.548846618509912
1608,1874,6.370837014751625,6.907688505207572,0.138493444586039
1609,1875,4.3735025247536665,10.603112964093985,0.4085861737679871
1610,1876,1.4724725292493406,8.646361973250436,0.800882563205121
1611,1877,0.0,6.700133396520536,1.0
1612,1878,2.9871415275667825,11.0001678452789,0.5960590418512872
1613,1879,3.2926667095218396,9.973090167876752,0.5547439137937243
1614,1880,6.3458035648920355,6.78226895901909,0.14187863260901395
1615,1883,5.073613652867001,9.87168317205324,0.3139125343401833
1616,1884,4.253664526316582,10.633348394597586,0.4247914574696706
1617,1885,5.270569708287464,9.902195277445081,0.287278838880652
1618,1886,3.770607056657383,11.741820567922323,0.49011367114261056
1619,1887,5.473286426661301,9.387504300813976,0.25986614862241997
1620,1888,2.500375252757296,9.666849179993747,0.6618827845921231
1621,1889,1.925623671455775,9.469993750939448,0.7396044801682742
1622,1890,5.19305876610494,9.777389735370582,0.29776037916365367
1623,1892,4.126446946379007,11.239102868333873,0.4419946568022458
1624,1894,4.9103075768662166,10.189483193468185,0.3359958578795929
1625,1896,6.850368006224815,3.7369021443211743,0.07364810452762349
1626,1897,4.1851355899142195,10.500636925773977,0.4340583917531061
1627,1898,4.651650413634109,10.238243042556356,0.37097318365535314
1628,1899,4.175327576476771,10.251178191364556,0.4353846959502445
1629,1900,1.3502087143776018,9.08081977997881,0.8174158817875974
1630,1901,3.2547524093122258,11.651198836552565,0.5598709352665517
1631,1903,4.732777198202583,10.006784311250051,0.36000268534193475
1632,1904,0.38751097689474023,7.864770969376373,0.9475982125870314
1633,1905,3.2078402225760083,9.708551743508309,0.5662147102381095
1634,1906,1.5418172944748405,8.520638537460691,0.7915053071731301
1635,1907,3.4295399442870473,11.342261526074363,0.5362350131990451
1636,1908,5.152225875980953,9.783489731264728,0.3032820715938412
1637,1909,3.159728258784492,11.054213563745797,0.5727207269678196
1638,1910,0.0,7.317441100732047,1.0
1639,1911,5.484696640114187,9.320360825029582,0.2583231843830943
1640,1912,4.26053967645528,10.759099730895477,0.42386175437096807
1641,1913,5.0902631633223265,8.94174620111845,0.31166107784106345
1642,1914,5.293078964546595,9.001357029113262,0.28423498894698834
1643,1915,4.827132334904149,10.197990568113505,0.34724336209804096
1644,1916,5.157135003781149,10.064185083506093,0.3026182269888951
1645,1917,5.110868546096352,10.11818229874339,0.308874682223732
1646,1918,4.174078957756793,10.994090455177066,0.4355535424000883
1647,1919,5.270977189467606,9.808551952795035,0.2872237365907822
1648,1920,4.464293915887127,10.570673636507774,0.3963087636795612
1649,1921,2.8685316894288486,11.376722405141654,0.6120982456255816
1650,1922,4.602038691456308,10.676716448587637,0.37768200759521947
1651,1923,5.059077510259161,9.902613186554998,0.31587820731503563
1652,1924,1.6744728339601755,7.899272048351303,0.7735667511224936
1653,1925,4.189656977140338,10.84368484567954,0.43344697998321674
1654,1926,4.587468118878075,10.206397439723206,0.37965233641751034
1655,1927,2.5624145445379503,9.554263159265986,0.6534934228114786
1656,1928,5.663140063588801,8.943306538173758,0.23419288898581314
1657,1929,3.777414779903353,10.752103015849027,0.489193085952585
1658,1930,4.395241511876531,10.676744067519323,0.40564648470184994
1659,1931,4.898826868301919,10.328239366428239,0.33754835493234087
1660,1933,0.9311417915438394,7.677533882232089,0.8740848721168875
1661,1935,6.189022012602485,7.038627864166161,0.16307966706534596
1662,1936,4.899878819867302,10.198728415046109,0.33740610311088365
1663,1938,3.259646042950714,11.186223009329906,0.5592091858842351
1664,1939,1.6397732264509806,8.916526189671604,0.7782590606683577
1665,1940,4.9413706075856005,9.944092187203632,0.33179531020684444
1666,1941,3.104709814923673,9.187420986713454,0.5801606834358659
1667,1943,3.7452662101215606,11.116901129931914,0.4935404273694297
1668,1945,2.8064410043695416,10.180051927338868,0.6204945571439704
1669,1946,4.610204876269591,10.542504512276086,0.3765777222818336
1670,1947,5.928631275261961,8.01458604070839,0.19829141815370463
1671,1948,1.2225435897655808,6.960066293176262,0.8346796010597007
1672,1949,2.4374786768518066,9.008215101755336,0.6703880739803469
1673,1951,4.672388096379031,10.342478907358597,0.3681688975642984
1674,1952,5.150082038455743,9.84698577494336,0.30357197542868025
1675,1954,4.997119206642412,10.2533552830955,0.3242566173425662
1676,1955,4.88822326188269,10.101865035613304,0.3389822444542425
1677,1956,3.7261173126300706,11.583165776401989,0.49612986745079896
1678,1958,3.618651883677244,11.296614053116574,0.510662050790109
1679,1959,5.368336497083504,9.142708446162203,0.2740581695628631
1680,1960,4.317152706038516,11.007119688442273,0.4162061675156035
1681,1961,5.360009243299679,9.584008919980274,0.2751842356836491
1682,1962,2.1007622381435342,8.728857401291567,0.7159210892797706
1683,1963,5.923750903019793,7.471623134079989,0.19895137424263806
1684,1964,4.4467589825941864,10.59700363903993,0.3986799528883945
1685,1965,3.7785720730266297,11.13890340789998,0.4890365891516262
1686,1966,2.3542610329327314,9.41656539672258,0.681641312070787
1687,1967,1.9886720645687215,8.510366291022976,0.7310786610570098
1688,1969,5.072819678829902,9.354256411515127,0.3140199007405803
1689,1970,5.215946311603932,9.803968907443124,0.29466537446661617
1690,1971,2.084060870443995,8.866523689729135,0.7181795582571147
1691,1972,4.15171743689286,10.602157360837586,0.4385774145802582
1692,1973,4.694424881946508,10.721631575239787,0.36518893823043463
1693,1974,3.8283798544658874,10.996339128920676,0.48230125278668873
1694,1975,4.796962959980066,10.328598436935712,0.3513230637462948
1695,1976,4.569834183063761,11.03400096958498,0.38203691339956214
1696,1977,4.79025240525427,10.169806286412246,0.35223050916882737
1697,1978,4.320162625067331,10.50624393110148,0.4157991464336664
1698,1979,3.2727465904692385,10.807284001840333,0.5574376435357826
1699,1980,4.53015021560512,10.302353596055365,0.38740324093726103
1700,1981,4.887082099966623,10.072038434210684,0.33913655988708186
1701,1982,2.287295328281703,10.449733643591594,0.69069685585745
1702,1983,5.222120252543779,8.981611526871301,0.2938304934957011
1703,1984,4.454729620563699,10.590194153984404,0.3976021107075843
1704,1987,4.641156828255853,10.575247597175283,0.37239219540722046
1705,1988,5.100528508830478,9.87824218053336,0.3102729301881908
1706,1989,1.9247760855755058,9.350218321550106,0.7397190963153264
1707,1990,4.510646572110008,9.998733012430781,0.3900406521104853
1708,1991,4.981413636951077,10.043846045511637,0.3263804279524228
1709,1992,4.069543854523045,11.133611536059371,0.44968946778920454
1710,1993,4.2887257870607485,11.04682965361328,0.42005024279062025
1711,1995,5.464309818933291,9.320777432795001,0.261080024661809
1712,1996,6.593690326185589,5.358544341884382,0.10835775154421118
1713,1997,2.7342800938872687,12.204169843552233,0.6302526308917638
1714,1998,4.8083784929316025,9.895830424142456,0.3497793801693141
1715,1999,4.801951603845808,10.208956843440005,0.35064846645507375
1716,2000,4.547307679557078,10.275729372325218,0.38508309561967335
1717,2001,3.902556145584557,10.567093668728297,0.47227064599090024
1718,2003,4.281858125072413,10.551935893811006,0.42097893329229513
1719,2004,2.5161876678618738,8.088034325018949,0.6597445256415366
1720,2005,4.837416845644265,10.455054490117188,0.3458526227962318
1721,2006,4.3727947364393955,10.65690904351591,0.4086818855671083
1722,2007,2.760586490622123,10.288901697660245,0.6266953066055011
1723,2008,2.862149507728545,11.744995491510073,0.6129612862841204
1724,2009,4.386333510567891,11.008577584104277,0.4068510833291983
1725,2010,3.602886428438739,11.632036637331368,0.5127939595182099
1726,2011,3.2914236553956346,9.862544164819111,0.5549120077625357
1727,2012,1.4746964846244466,9.099604089584894,0.8005818253067623
1728,2013,4.5937143448721836,10.584127477410906,0.3788076805853078
1729,2014,1.7349418129704366,10.416012989961407,0.7653897373806721
1730,2015,4.55354923840879,10.21126715200542,0.3842390709092152
1731,2016,3.887469166415471,11.011771877154358,0.4743108067147527
1732,2017,4.368469350785096,10.744312150376059,0.40926679271309935
1733,2018,5.501918495866981,9.38920727935802,0.25599433158195195
1734,2019,2.5594082568112775,9.509035313620966,0.6538999528448152
1735,2020,5.123106327573366,9.82829547832102,0.3072198087837493
1736,2021,5.387370715792971,7.86005846540896,0.2714842371019605
1737,2022,1.9550855382912657,9.104129854067317,0.7356204524251789
1738,2023,2.8791927435405764,9.590982906090694,0.610656587648206
1739,2024,6.0026965313643785,7.815113381874383,0.1882758262443683
1740,2025,4.013936482930372,11.328713616623034,0.4572090629453043
1741,2026,4.978173248284152,10.10188688636499,0.32681861465727496
1742,2028,2.9062327733898297,10.094278423271678,0.6070000566586703
1743,2029,5.650678225255664,9.072518511585368,0.2358780608700801
1744,2031,4.280992867415026,10.684495874282579,0.42109593913347965
1745,2032,5.190763989405928,9.851681628762105,0.29807069398803737
1746,2033,4.849737922474189,10.315476759228392,0.34418648560983695
1747,2034,0.7831236329400071,8.328844258034698,0.8941008627413904
1748,2036,4.588905052174462,10.29313458364989,0.37945802482993346
1749,2037,4.369564775419072,9.933905504740263,0.40911866217688464
1750,2038,5.24435753938981,9.533238635687905,0.2908234210579481
1751,2039,6.865223106957889,3.5369006408295935,0.07163929993362038
1752,2040,5.500367783209511,9.235980618024138,0.25620402916437013
1753,2041,4.502548827302703,9.90258859597803,0.3911356825153456
1754,2042,6.014635506354343,7.726706532924052,0.18666135938625197
1755,2043,5.49961905860932,9.15228265770099,0.2563052766377823
1756,2044,4.482885904666821,10.369230238228834,0.39379463246339574
1757,2045,5.133916143768921,9.793180601043316,0.3057580342172791
1758,2049,5.062723560138536,10.09825869941665,0.3153851644283358
1759,2050,2.836576810951424,10.965199202165056,0.6164193948281139
1760,2051,0.4949646775987876,8.73362234774675,0.9330676152187928
1761,2052,5.395084611824705,9.456369922219405,0.27044111325752174
1762,2055,4.28836162281943,10.427084181003378,0.4200994874786286
1763,2056,1.1560438849730286,8.315870899079377,0.8436721292752589
1764,2057,4.031027456944226,10.499230520409734,0.45489790883521614
1765,2058,5.051495506567655,9.723648418689013,0.31690349580825583
1766,2059,3.7364590715951125,11.28246969906963,0.49473138666683525
1767,2060,3.6385380078685,10.339056887106207,0.507972918057177
1768,2061,5.749751978813966,8.950465323297749,0.2224806551661968
1769,2062,5.094196226788926,9.934757367358873,0.3111292230861092
1770,2063,2.206075126163166,8.82294072015917,0.7016799867074698
1771,2065,5.010733022521428,8.978501977915188,0.3224156674647379
1772,2066,5.335444362196419,9.770360467136165,0.2785060607522265
1773,2069,3.62911841075365,10.231080976922012,0.5092466980400916
1774,2071,5.30483779196731,9.587121395169042,0.2826448828300886
1775,2072,2.774671235982591,9.697110484415056,0.6247906745404704
1776,2073,3.483131192682651,10.858972364062996,0.5289880515048869
1777,2074,0.0,7.1789515457492055,1.0
1778,2075,5.021822705419515,10.242840121320913,0.3209160474788488
1779,2076,5.083343225812213,9.978580388611288,0.3125968373832106
1780,2077,0.0,5.368369804559016,1.0
1781,2078,4.476826168362544,10.565309156169693,0.3946140699310513
1782,2079,3.6407948028758144,10.283693035201086,0.5076677393673872
1783,2081,5.591058179799854,8.920217321947192,0.24394027622346734
1784,2082,4.150546100276923,10.670124268013208,0.4387358104348201
1785,2083,4.759447615964483,10.142450580861055,0.3563961357340413
1786,2084,4.60804659405868,10.504104618123739,0.37686957942224186
1787,2085,4.0017194734675225,11.04772245221018,0.45886112745667523
1788,2086,4.954743385621722,10.035592091804325,0.329986955054211
1789,2087,4.824871386892607,10.093812073827618,0.34754910238442455
1790,2088,2.94997421253092,11.0611550990382,0.6010850510674058
1791,2089,4.690643936780205,10.17791726419184,0.365700222546591
1792,2090,4.347007174213687,10.674851063086326,0.4121690496327016
1793,2091,5.2441595292103385,9.547278561908016,0.29085019729900696
1794,2092,5.144843864885457,9.80563725973007,0.30428031577057696
1795,2093,1.9339275965626874,8.063412878297946,0.7384815687048814
1796,2095,3.9213516359581755,10.757693782759485,0.4697289959484335
1797,2096,1.5566248658873545,7.046177316387874,0.7895029298070003
1798,2097,2.9467803010792717,9.810095383716284,0.601516952816993
1799,2098,1.7116127833281793,8.430295503448296,0.7685444424722816
1800,2100,3.3577067899921293,11.517428721930305,0.5459487655957618
1801,2101,4.2269147238638665,10.749045942013378,0.42840874199848245
1802,2102,4.777010713606781,9.044776000253187,0.3540211379563269
1803,2103,6.35836797367308,6.482479149642136,0.14017959047299522
1804,2104,4.631701635142223,10.461863883376544,0.3736707889156144
1805,2105,4.962723631413508,9.990472303509726,0.32890781364037175
1806,2106,5.452734318196548,9.612049643405394,0.26264534013665364
1807,2107,3.223477491907915,10.726275167540265,0.564100135652852
1808,2108,2.179454891384473,8.874820590165328,0.7052797502417432
1809,2109,5.578639576793862,7.35373957442706,0.24561960154194165
1810,2110,5.450811517236811,9.35902014408483,0.26290535395080933
1811,2111,4.802200986492803,10.066719562240095,0.3506147432904887
1812,2112,5.399550306627779,9.276420217516348,0.2698372325840062
1813,2113,3.5114512533697493,11.643456155993272,0.5251584263119706
1814,2114,4.931256191075351,9.872205112881776,0.3331630482462246
1815,2116,4.774979222020294,10.338641129498777,0.35429584963314026
1816,2117,2.1364942548458754,9.95405657575309,0.7110891705607782
1817,2118,5.604618631411687,9.01115687986087,0.24210654261343825
1818,2119,4.349478141578524,10.679282416442906,0.4118349091456522
1819,2121,5.485693414538218,9.43207860780367,0.2581883939782254
1820,2122,4.624267802992133,10.52348907048733,0.3746760406767755
1821,2123,4.618353384347237,10.537262135223807,0.3754758273331038
1822,2124,3.9881578633979773,10.977864382244498,0.46069501772098875
1823,2125,5.944658323710264,8.112440174936534,0.1961241350682671
1824,2126,3.764450388851107,11.243460416954463,0.49094621632659996
1825,2127,5.2007828032035315,9.948655362835115,0.29671588397733994
1826,2128,5.870311107630867,7.939775306345551,0.2061778554633848
1827,2129,6.293481182708442,6.616479025521858,0.14895400985405524
1828,2130,4.934319950459388,10.142234306544593,0.3327487465167271
1829,2132,4.272752128411282,11.070083317181957,0.4222103061557002
1830,2133,5.198573447006051,9.817632543085693,0.29701464767871333
1831,2135,4.636640474607845,10.252302385570223,0.37300292650351397
1832,2136,4.31940055632721,10.514660239474512,0.4159021983895978
1833,2137,6.866317639636728,3.3206140613207022,0.07149129001345586
1834,2138,4.986337407217265,9.928813037451008,0.3257146032967533
1835,2140,4.995121645350689,10.301715792016974,0.3245267407413718
1836,2141,5.266410773390577,9.712496331601521,0.28784123745856444
1837,2142,5.079073477767551,10.408428579844328,0.3131742208450578
1838,2143,2.1867166281508394,9.551185765681955,0.7042977703522202
1839,2144,4.264618468710362,10.475461183908006,0.42331019320910057
1840,2145,6.341601338763709,6.771744254524416,0.14244688531246597
1841,2146,5.241365374529288,9.650039433526352,0.2912280413042753
1842,2148,4.680918326376785,10.41091341367568,0.3670153836625555
1843,2150,2.3126136323343363,9.700152722840294,0.6872731479737287
1844,2151,4.190276800392644,11.547842515778086,0.43336316339933256
1845,2152,5.246292993109645,9.54930114786871,0.2905616962542093
1846,2153,4.723058607939982,10.19535952657812,0.3613168971482055
1847,2154,4.725716448427517,10.59990394791668,0.3609574864462908
1848,2155,0.7311856306524129,8.036818146823379,0.9011242616044066
1849,2156,5.7867398365101375,8.684654099793292,0.21747891335390637
1850,2158,5.798767861130207,8.731566132485318,0.21585240461810343
1851,2159,3.3443386537563278,11.62194447396527,0.5477564930535734
1852,2160,3.673784449130907,11.432746185635887,0.5032066620483878
1853,2161,2.163572200866071,8.91554944501814,0.7074275122967969
1854,2162,4.3193892872021955,10.483736006001298,0.4159037222749289
1855,2163,4.984960060401768,9.92446910073714,0.3259008572077985
1856,2164,2.111587043438791,8.307095797044795,0.7144572877884832
1857,2165,5.435134166965115,8.099459566179407,0.2650253485448184
1858,2166,4.535000639639994,10.36774189736569,0.3867473346422318
1859,2167,4.626853266270482,10.849703529646593,0.37432641729794447
1860,2168,5.359011793124283,8.730003426121593,0.27531911746806964
1861,2169,5.47085136737225,9.069675175298073,0.2601954333828811
1862,2170,2.2507650069361183,9.067344551822117,0.6956367265899343
1863,2171,4.953237449868697,9.386218998469925,0.33019059760859737
1864,2172,4.75759978103723,10.370703131118825,0.35664601214737046
1865,2173,5.299685606462548,9.824598168114715,0.2833415952992326
1866,2174,5.352222216680491,9.651810872656181,0.27623724872794453
1867,2175,4.049619568818754,10.91966800336981,0.45238376097335636
1868,2176,3.422258491304591,10.343318319631132,0.5372196592452082
1869,2177,1.34602178003465,9.18636199530468,0.8179820666350812
1870,2178,5.359816390379821,9.436116915932088,0.2752103145260843
1871,2179,5.464561137807317,9.309961585304977,0.261046039667848
1872,2180,4.7417296253424706,10.141698756527727,0.35879207916098543
1873,2181,6.327794452359516,6.264713912517557,0.14431394345875448
1874,2182,5.217731181429812,9.807498743283569,0.29442401260914025
1875,2183,4.711774770447929,10.320795833881597,0.3628427719974789
1876,2184,4.3261985307492,10.814465875930658,0.41498293149978094
1877,2185,5.81549583907209,8.18140123900838,0.21359033722846787
1878,2186,3.532686288376159,10.618897160313782,0.5222868849713105
1879,2187,4.0085460234284405,11.037432370907272,0.4579379963942145
1880,2188,5.242934507141312,9.458492724758422,0.29101585285424236
1881,2189,5.922750784050576,8.229797803091305,0.1990866169189425
1882,2190,3.66764726425741,9.991643435987733,0.5040365726218435
1883,2191,4.953049700825981,10.085060590654761,0.33021598627113846
1884,2192,5.026003388433097,9.324541410187624,0.3203507079773094
1885,2193,5.271321035804364,9.559107743089665,0.2871772394236931
1886,2194,4.702447115981071,10.151772234932618,0.36410411888976746
1887,2195,4.373405676810146,10.50193548091631,0.408599270184993
1888,2197,1.057685547697636,9.087986662393924,0.8569727916758448
1889,2198,4.456244852187746,10.445573157719654,0.39739721110427234
1890,2199,4.181945606980801,10.760532232634858,0.43448976226257524
1891,2200,1.8342971610788188,9.041660811128153,0.7519542526064403
1892,2201,4.348693688476482,10.677881506652163,0.411940988062482
1893,2202,1.8221254164590392,9.236116132775667,0.7536001961075038
1894,2204,4.740482099321224,10.24808289776541,0.35896077784890734
1895,2205,3.290724957883927,9.821816476315565,0.5550064902434395
1896,2206,2.4570289766358178,9.697764883890184,0.6677443536363429
1897,2208,2.1113708705160157,8.901964953725516,0.7144865201153567
1898,2209,2.5224734280257897,10.068902333039757,0.6588945237384217
1899,2210,4.707697402678086,10.111157309480138,0.3633941405310671
1900,2211,1.6933450168728523,8.757129599480972,0.7710147302096064
1901,2213,4.505223213275117,10.283995946130279,0.3907740344239556
1902,2214,0.9626045927161748,6.4504153924703544,0.8698302648496021
1903,2215,5.127906278807265,9.669786716195985,0.30657072775340805
1904,2216,4.763862226081997,10.141778143770402,0.35579916306827863
1905,2217,4.848336958019905,10.259929561035406,0.3443759332536038
1906,2218,4.652927182467745,10.50062739021101,0.37080053056167356
1907,2219,5.7408405508289775,8.347737680721504,0.22368571717129757
1908,2220,6.754536247959845,4.34157948938852,0.08660710626804645
1909,2221,1.4696147694410477,7.42040293533096,0.8012690083147577
1910,2223,6.299587438690493,6.411625549252624,0.14812828168907605
1911,2224,4.358240096284441,10.644490483830067,0.41065005990215264
1912,2225,6.379521648656916,6.602706308925319,0.1373190511706283
1913,2226,5.641175172991266,8.732212859821264,0.237163126208161
1914,2227,5.4132398197431435,8.659236629942749,0.26798604642714735
1915,2228,4.385724581916211,10.536122959152284,0.4069334266734067
1916,2230,5.143339398051044,10.30550203522949,0.3044837596881107
1917,2231,4.952474628120973,10.288003490853203,0.33029375139117806
1918,2232,4.481103702414823,10.198098535370026,0.3940356335939559
1919,2233,5.53331422466685,8.724996143270591,0.25174879428277797
1920,2234,4.688533561153191,10.216751951981477,0.36598560144309217
1921,2235,2.8795293275579805,9.773426914291608,0.6106110725397877
1922,2237,5.294982229238881,9.448423805077205,0.2839776169556321
1923,2238,2.7985373166782885,9.712278535069247,0.6215633458670523
1924,2239,4.163168098251821,10.90658246165987,0.437028980708582
1925,2240,4.049538093401752,10.767585284138761,0.4523947786160443
1926,2241,1.6978169919734172,8.560277464163065,0.7704100002728864
1927,2242,4.923150491315585,10.234783387164674,0.33425915437216797
1928,2244,4.011717860432837,11.14359748747571,0.45750907969682214
1929,2245,3.607407361902766,11.37937462718562,0.5121826091090202
1930,2246,3.449907687603889,10.553045518250581,0.5334807527548023
1931,2247,6.683251590584616,4.958217289001625,0.09624668729750908
1932,2248,5.772517122619309,8.39847620024948,0.21940220243261838
1933,2250,4.702020272788406,10.077923849095763,0.3641618394385373
1934,2252,5.242151341277585,9.972865987907873,0.29112175770222626
1935,2253,5.252793843874375,9.474621660176787,0.2896826083829272
1936,2254,5.368158450218488,9.274500445106327,0.27408224623301297
1937,2255,4.6141109765389,10.173621040968193,0.37604951366806405
1938,2256,5.442328560411093,9.265028304282685,0.2640524752627699
1939,2257,5.160324279039292,9.952865352284082,0.30218695217593916
1940,2258,4.516004348523326,11.011277553007568,0.38931613828414996
1941,2259,4.474393748421065,10.576433780730149,0.3949429977815444
1942,2260,1.9256605617661067,9.26183530002525,0.7395994916174593
1943,2262,5.192877146790325,9.796636473052894,0.29778493892397534
1944,2263,4.2835788451911965,10.619277239086445,0.4207462461808634
1945,2264,4.037322080201104,10.641284358856977,0.4540467084062765
1946,2265,5.74855274477015,8.69687510088248,0.2226428234947588
1947,2267,5.474610808923858,9.266952051987062,0.2596870569271804
1948,2268,5.356044747115188,9.496585178100428,0.27572034097781123
1949,2269,1.1813962655466055,8.911519625439677,0.8402438133398625
1950,2270,3.8972576853308656,10.181065225929505,0.4729871386953261
1951,2271,5.296689406573989,9.348234554817822,0.2837467611886357
1952,2273,5.081671190225956,10.145499289746766,0.3128229410513958
1953,2274,4.534067452672172,10.532297774453262,0.38687352633232586
1954,2275,2.5342736339440384,8.957710255794279,0.6572988221484632
1955,2277,4.295477373062887,10.707307866773137,0.41913724884856596
1956,2278,5.349301419164292,9.40470212167714,0.2766322182117683
1957,2279,4.406913518269942,10.241981213015027,0.40406811909628293
1958,2280,5.2918747342194825,9.555579936675105,0.28439783290589565
1959,2282,5.3465678368458285,9.559687742657438,0.2770018712230865
1960,2283,2.086481573052551,9.119213891458802,0.7178522149015791
1961,2284,5.072775228119749,9.749911795698946,0.31402591165847077
1962,2285,4.447612778547431,10.301412989333283,0.3985644969743594
1963,2286,4.26863190236804,10.415254735638065,0.42276747026738937
1964,2287,4.331794643180484,10.582024831991209,0.41422618830681873
1965,2288,4.2977359965306805,10.525020776276843,0.4188318229023033
1966,2289,5.321140486419903,9.465499130139413,0.2804403250758565
1967,2292,4.604772061533187,10.563470205566672,0.3773123832846067
1968,2293,4.878506163783099,10.024577094840083,0.3402962544803999
1969,2294,6.078328091277509,7.608865376572215,0.17804842841414995
1970,2295,5.518382178944944,8.587375490559868,0.2537680038851232
1971,2297,5.220496545631483,9.248947998961754,0.2940500618421798
1972,2298,1.9165346594602353,9.20113349788139,0.7408335562532945
1973,2299,6.008009401879634,7.736257034237876,0.18755738488943177
1974,2300,1.8440312425480623,9.158418765148301,0.7506379459771436
1975,2301,5.003303237302948,9.433762346654165,0.3234203719731436
1976,2302,4.262759845491687,11.1266208643089,0.42356152848627454
1977,2303,6.6795044861083355,4.46069439091842,0.09675339545260112
1978,2304,1.967904662241099,8.193367481803374,0.7338869660258449
1979,2305,2.660836703504441,10.771791457846028,0.6401841300213329
1980,2306,4.235088790551282,10.687418824413676,0.42730339084614655
1981,2307,2.226789526049323,8.717204424513524,0.6988788490779763
1982,2308,6.450520502321968,6.132636067317518,0.12771811840187447
1983,2312,4.085030235951095,10.550217728764858,0.44759529726043196
1984,2313,4.649474726677171,10.254265834705247,0.37126739438019046
1985,2314,4.607693322632379,10.28632741107787,0.3769173511120362
1986,2315,1.9480094351531232,8.897795269012107,0.7365773297124458
1987,2316,3.898409689461491,11.363706043207365,0.47283135710680013
1988,2317,2.536162530095551,9.976190022871403,0.6570433931658577
1989,2318,5.248124700357256,9.397316491227587,0.29031400073197844
1990,2319,0.14903553449548404,7.649994264179036,0.9798464331044437
1991,2320,4.267692738581919,11.429155029158142,0.42289447018223203
1992,2321,3.2577453838945356,11.001252722201833,0.5594662055243096
1993,2322,1.6744728528715167,7.896685466919385,0.7735667485651774
1994,2323,4.11045978864591,10.659263653623572,0.444156545602353
1995,2324,4.062737104569278,10.796902177412937,0.4506099213642459
1996,2325,4.357377609509943,10.255858841139599,0.4107666910462971
1997,2326,1.0070978070782184,7.784065988037133,0.863813599259887
1998,2327,5.097236185186105,9.967610225833669,0.3107181398828673
1999,2329,5.247372944950177,9.57156934111425,0.2904156580510665
2000,2330,5.393833625801534,9.71765778417981,0.2706102798297002
2001,2331,4.808387606558188,10.095064356904096,0.349778147764682
2002,2332,2.027453470879629,9.005384477398858,0.7258343837842343
2003,2333,0.7408709773907691,8.410619846117623,0.8998145452065093
2004,2334,4.588077056440616,10.31186171595024,0.3795699918683165
2005,2335,1.8312931040635045,8.948888549623568,0.75236048098829
2006,2336,4.455431655567413,10.439645970136622,0.39750717690902226
2007,2338,5.459004965345619,9.258921960283594,0.26179738191497826
2008,2339,4.930252726660877,9.999674361198643,0.33329874331567827
2009,2340,4.181215607706504,10.966427775883476,0.4345884775740482
2010,2341,4.691469727272462,9.99127004248798,0.3655885537155048
2011,2342,1.528802274581939,7.961357801337195,0.7932652839125468
2012,2343,4.572853210800211,10.049133904618746,0.3816286605781658
2013,2344,2.859278445505492,8.765648557086372,0.6133495302339239
2014,2345,2.9300035763656225,9.778780533725612,0.603785612066275
2015,2346,4.371853468565527,10.654728556451381,0.40880917001055916
2016,2347,2.4580680444373555,10.008451974316854,0.6676038440423174
2017,2349,4.678238722446439,10.246694879705373,0.3673777373605956
2018,2350,5.620464197096648,8.599774157338373,0.23996380082295965
2019,2351,4.288060927184143,11.151466417300107,0.42014014952356626
2020,2352,4.068524506323131,10.81090609019973,0.44982731076877563
2021,2353,5.1987978148331075,9.604969846042096,0.29698430718289065
2022,2354,4.16020500036554,10.890388181731474,0.43742967032714436
2023,2355,3.69130400902528,11.974051076512058,0.5008375517317964
2024,2356,5.274546481962614,9.57616055825918,0.2867410733433127
2025,2357,3.585739398623636,11.048854443192612,0.5151126938630668
2026,2358,4.684653809883714,10.120010276098558,0.36651024697150403
2027,2359,5.032572246016901,10.349196304207256,0.31946242377588896
2028,2360,1.7073123263333878,8.415738380191765,0.7691259786006914
2029,2361,4.3389568000240795,10.779935025686175,0.4132576742705354
2030,2362,6.7579268352797985,3.9962622225856568,0.08614860871174741
2031,2364,3.980457079678564,11.18375412922306,0.461736368432165
2032,2365,4.734172371866867,10.336702148700056,0.35981402076694424
2033,2367,5.5439468482208545,6.3602016148924765,0.25031098087273257
2034,2368,4.611986161006033,10.26207298107421,0.37633684522377187
2035,2369,5.097943368668687,10.00303701523058,0.3106225098730721
2036,2371,4.357030697210014,10.614702071689681,0.4108136028131262
2037,2372,4.8847183469562685,10.022686012095464,0.339456202142736
2038,2373,4.527190370538145,10.573051489878482,0.3878034906881658
2039,2374,2.2473937681030547,9.420181440210126,0.6960926077163586
2040,2375,4.823591370144299,9.754914545374092,0.3477221946825251
2041,2376,4.764193105416117,10.624560935588095,0.3557544193847194
2042,2377,2.6807771176562167,9.509250270201484,0.63748765584225
2043,2378,4.1121325428061155,11.149186910082001,0.4439303447638641
2044,2379,4.476733154860605,10.23929153015359,0.3946266478296033
2045,2380,4.789014560190524,10.169812727626574,0.3523978987338931
2046,2382,5.0655574505854295,9.974931405242678,0.3150019470910109
2047,2383,5.408666743301588,9.114764821607139,0.26860444795330274
2048,2384,3.698620414323552,11.03179232450989,0.4998481792032054
2049,2385,5.119796321558385,9.83604096887865,0.30766740960507977
2050,2387,4.778000078524123,10.1453187563176,0.35388734951377016
2051,2388,4.2095297620213845,11.072262074361692,0.4307596510796974
2052,2390,4.901562079706535,9.439351436591771,0.33717848162526
2053,2391,1.5927969770247887,8.915896995917784,0.784611498618931
2054,2392,5.060893679926961,9.506498280097865,0.31563261288671635
2055,2393,5.029407392233028,10.233261923676558,0.31989039615619314
2056,2395,5.696316964939131,8.732323888292273,0.22970648979910507
2057,2396,4.705633745248598,10.15539553775575,0.36367320188509583
2058,2397,3.0465322550143297,10.08184957311329,0.5880278363898396
2059,2398,4.738712423888657,10.244239336846817,0.3592000850204111
2060,2399,5.164332914404997,9.595570726898154,0.30164487809088214
2061,2402,4.417264537076409,10.28533482714213,0.40266838613555317
2062,2403,1.5949603601189843,9.166940632016534,0.7843189517034778
2063,2404,3.9870234186678903,10.653501202055773,0.4608484248116837
2064,2405,5.580161068745005,8.486067779382672,0.24541385537595378
2065,2406,4.473134016987598,10.688391000099134,0.3951133469657222
2066,2408,5.969371911003359,8.031806545423535,0.19278220096894907
2067,2409,4.976824111044688,10.093911417055098,0.3270010538835902
2068,2410,4.577898590726983,10.618679226307817,0.38094639106296657
2069,2411,4.8228832833232165,9.892548562704707,0.347817946847704
2070,2412,5.128074572673525,9.67215784625507,0.30654796994800765
2071,2413,5.493877999917171,9.083500212465385,0.2570816204191176
2072,2414,0.9262438233057888,7.883712755730644,0.8747472076523154
2073,2415,5.251754092899297,9.523429670156636,0.2898232103601798
2074,2417,3.5640004246383126,10.902783205049959,0.5180523811526592
2075,2418,3.5866614576710374,12.019369524272081,0.5149880069636883
2076,2419,2.0925845512675725,8.811630303204643,0.7170269299778532
2077,2420,4.816207539198995,10.040240227855111,0.3487206849513419
2078,2421,1.3485899416529281,8.224690279404905,0.8176347829007168
2079,2422,5.103210710855147,10.416984576406449,0.30991022515871874
2080,2423,3.757372312596085,11.289978977697325,0.49190336043173116
2081,2424,3.037737812928463,11.280703676798169,0.5892170787908991
2082,2425,2.7799870891143272,10.559250986773725,0.6240718298564825
2083,2426,0.9297725680650895,6.988277943901258,0.874270027536817
2084,2429,4.888072420914046,9.809914514173489,0.3390026421638387
2085,2430,5.288338781720915,9.63230662256481,0.2848759876993859
2086,2432,2.2145922198814674,9.673289590073367,0.7005282491799829
2087,2433,1.482913216899176,8.201478775043395,0.7994707046326076
2088,2434,4.327820129907903,10.90547036376038,0.41476364817763006
2089,2435,4.882099175703068,10.158757927363554,0.3398103837360115
2090,2436,4.8547326234293084,9.212768407238531,0.3435110692390831
2091,2437,4.30282159115437,11.045003602837001,0.41814411529083223
2092,2438,0.7859606679602158,7.88581277029191,0.8937172201741438
2093,2439,1.0248732733100923,8.378385187178704,0.8614098836022992
2094,2440,5.292582324600346,9.76781881010277,0.2843021478726339
2095,2441,1.1180944063158569,7.048773168899272,0.8488039078095385
2096,2443,5.478352774675645,9.579458868032436,0.2591810436642709
2097,2444,6.799576190086428,3.7690945658999717,0.0805165085478928
2098,2445,4.020985237270033,10.546875775915487,0.4562558839427557
2099,2446,1.0970801986318983,7.863949569618869,0.8516455874247352
2100,2447,5.364387268960325,9.571266475153838,0.274592210209181
2101,2448,5.154117518250122,9.92401645829364,0.30302627126311327
2102,2450,4.087840062530486,11.311740790772788,0.4472153339978157
2103,2451,4.756900342757259,10.42229376787936,0.35674059479983944
2104,2453,6.430269358451807,5.515406783008958,0.13045661150072127
2105,2454,2.4589876771722614,10.432450694595307,0.6674794852449004
2106,2455,4.381056425048097,10.298946377639098,0.4075646856012789
2107,2456,5.735787354526041,8.369011508719149,0.22436904366838006
2108,2457,2.640044740368177,9.155805941295561,0.6429957562645315
2109,2458,4.3684060276532195,10.821806896222984,0.4092753556841964
2110,2459,1.694005418800362,8.825879819760402,0.7709254263099083
2111,2460,5.028554352675745,9.949296816534355,0.3200057497853827
2112,2461,4.484238167781772,10.218811927979932,0.39361177053560237
2113,2462,3.61500984954369,11.542894152854604,0.5111545506412012
2114,2463,3.601129821185541,10.137761947782028,0.5130314995243996
2115,2464,5.035186273124242,9.971491889144753,0.3191089378079087
2116,2465,3.7861082246413216,10.567538584187865,0.4880175010783295
2117,2466,1.9484408087794485,9.137406565124238,0.7365189965285877
2118,2467,4.840751810432792,10.286065474512633,0.34540164688510144
2119,2468,5.289985549177475,9.653674040331701,0.2846533009541774
2120,2470,4.829924884748806,10.319925115446177,0.34686573510932317
2121,2472,2.7489882507915624,8.673171461105337,0.6282636970104282
2122,2473,1.5175410287875648,8.140119713076356,0.7947881037636146
2123,2474,3.7285711871650866,10.918838877335471,0.4957980383688142
2124,2476,5.26659331859125,9.655091109752295,0.28781655249382987
2125,2478,4.540727949305328,10.621468318029558,0.38597285009488796
2126,2480,5.408993540748898,9.225006025431753,0.26856025624937147
2127,2481,6.7156588037125955,4.794245563828734,0.09186437042332046
2128,2482,5.68233497011382,8.882936258811899,0.23159722725979942
2129,2483,5.004179531978647,9.97390736457948,0.32330187363362545
2130,2484,5.061609757135917,9.803598593218691,0.31553578020864437
2131,2485,1.9652384163861742,8.043606792021508,0.7342475133569168
2132,2486,4.4324601276379925,10.436993998846354,0.40061353826362084
2133,2487,2.4597320638653395,10.662012070572898,0.6673788243718684
2134,2488,0.0,7.569774742338642,1.0
2135,2489,5.600039747410946,8.755347383558913,0.2427257294760097
2136,2490,1.776397013451989,8.904579906606127,0.7597838920438409
2137,2491,0.7402710505425146,8.073372597215432,0.8998956712675501
2138,2492,4.967243943544838,9.96148869122857,0.32829654725188295
2139,2493,2.482481663362401,10.650451403494765,0.6643024736420695
2140,2494,5.037925395714103,9.970183863521616,0.31873853560459015
2141,2495,1.799803839198995,8.551575329617295,0.7566186668503873
2142,2497,4.685522405135433,9.999650686737203,0.366392789798824
2143,2498,2.203489232102412,9.031848657953658,0.7020296683395358
2144,2499,5.454703643412708,7.787362899482046,0.26237903500601917
2145,2500,2.2023309915888407,8.543703568715143,0.7021862932528521
2146,2501,5.1786039691693695,8.337490433349915,0.29971505204075555
2147,2502,3.2381859420763863,10.140669245315097,0.5621111621144023
2148,2503,4.646903112362894,10.42656621783075,0.37161514501085585
2149,2504,3.486979866116278,10.80770145082775,0.5284676085261951
2150,2505,2.191304067823884,8.247500482581845,0.7036774265352707
2151,2506,4.091714345286421,11.33083001274416,0.44669142795783423
2152,2507,4.272240402438297,10.55191936939461,0.4222795051132754
2153,2508,4.86000349232822,9.476589938079847,0.34279830761943636
2154,2509,6.048898036103374,8.176789935154414,0.18202815437480543
2155,2510,4.660547284849922,10.94732116923574,0.3697700901124876
2156,2511,3.557196779248643,10.449795073774775,0.5189724149080888
2157,2513,1.3819653230207063,8.88226017513804,0.8131215439383632
2158,2514,5.28408432927588,9.760413506605506,0.28545130278947645
2159,2515,2.498244322982372,10.993339015772941,0.6621709429559257
2160,2516,4.845894084964049,10.10415597037473,0.3447062746430934
2161,2517,6.507270460517709,5.9087191149722464,0.12004401515737237
2162,2518,0.0,4.586017510411681,1.0
2163,2519,5.051733646885925,9.97452026242997,0.3168712929054311
2164,2521,4.999862662037385,10.074900535494805,0.32388562922879366
2165,2522,5.047048645720962,10.013571845804268,0.3175048296301019
2166,2524,5.213086052312687,9.875992637591093,0.2950521575728054
2167,2525,0.6615794927673472,8.031657880054377,0.9105368621694785
2168,2526,5.420709381528821,9.465110388835978,0.26697596306925725
2169,2529,5.207026130353297,9.715122322727382,0.2958716201459686
2170,2530,6.640795051027629,5.113665858283355,0.10198794030144621
2171,2532,5.055728978220537,9.565393538292831,0.3163310178791121
2172,2533,4.529394310335361,10.39602187157649,0.38750545942812215
2173,2534,1.7896630509937042,9.011542572731544,0.757989971044121
2174,2535,2.3775579954815464,9.068730517928145,0.6784909433028269
2175,2536,2.867748197565386,9.481369976204553,0.6122041945573976
2176,2537,6.29065691755165,7.05064349413296,0.14933592559623632
2177,2538,1.38401047676222,8.301657227563028,0.812844984774934
2178,2539,2.247063213590532,8.412628690689615,0.6961373074754013
2179,2540,2.2208878231329567,9.659181599436629,0.6996769162297151
2180,2541,4.621200980252537,10.511783635252485,0.37509075665339475
2181,2542,4.604308496155156,10.586829466209014,0.377375069649226
2182,2543,2.6410130074645983,8.881246773914079,0.6428648208083226
2183,2544,1.3361624615912018,8.380743544036985,0.8193153086331542
2184,2545,4.39949974219854,10.815072672570638,0.4050706587423444
2185,2546,4.4215147907844585,10.6996870831554,0.40209363882634114
2186,2549,5.545036133562804,9.004949623773983,0.2501636805320343
2187,2550,6.253569943521056,6.515010788323669,0.15435107057229563
2188,2551,0.4603023397307118,6.984250389723211,0.9377548849182336
2189,2553,4.985315775431969,9.639500929185644,0.3258527550777851
2190,2554,4.918076064900136,10.136411628336091,0.33494535174493906
2191,2556,4.503193457377543,10.538632146651189,0.39104851138947844
2192,2557,3.212303566444121,10.698283564039082,0.5656111474735086
2193,2558,2.856366137740542,9.361211819983382,0.6137433516776492
2194,2559,4.582010820537064,10.521835161333488,0.3803903082546086
2195,2560,4.865771427447014,10.26624967365705,0.3420183294306147
2196,2561,0.8182789080954865,7.439710238052788,0.8893469348142282
2197,2562,3.8015110917697954,11.177303279125859,0.4859346239033798
2198,2564,1.5953875208138382,7.975344345825854,0.78426118821997
2199,2565,5.172744713318844,9.97466432341813,0.3005073792205888
2200,2566,3.416396558826379,10.598243825002237,0.5380123483762722
2201,2567,3.4128301318392955,10.264723237530482,0.5384946241308808
2202,2568,1.7849003441499267,9.688126444819687,0.7586340156426453
2203,2569,3.222904428289479,9.424591018500568,0.5641776290909684
2204,2570,4.828886257166496,10.231920594617648,0.34700618517400417
2205,2571,5.972454046828822,7.982814821303876,0.19236541425596862
2206,2573,3.598661244408321,11.27819536172949,0.5133653167404411
2207,2574,4.276248213632119,10.586408514877295,0.4217375424781704
2208,2575,5.712796849352454,7.53022990903375,0.22747797125096642
2209,2576,3.444756516454639,11.27921411565848,0.534177328056111
2210,2578,5.427499685747204,9.517626833332544,0.26605773339490735
2211,2579,4.622871389621782,10.402693463331977,0.3748648728929882
2212,2580,3.7635104162363144,12.037486704634617,0.4910733256165847
2213,2581,5.128957682903785,9.942852601644944,0.30642854996429747
2214,2582,3.002096257198419,10.837058455857226,0.5940367647812151
2215,2583,5.005291869290729,9.668636401264747,0.32315145605364787
2216,2584,4.963199622900717,10.252604427053793,0.3288434469353999
2217,2585,2.785585009458724,10.380157284926732,0.6233148421855977
2218,2586,4.38814660314757,10.707800539629014,0.406605905005008
2219,2588,4.008629099159294,11.458241865184831,0.4579267623465438
2220,2589,6.661359388439581,4.984927074786408,0.09920709510840184
2221,2590,3.6794164617530782,10.667234368474897,0.5024450641950854
2222,2591,5.114771257667673,9.789126898545938,0.30834693185203077
2223,2592,6.71353939755247,4.926280455609595,0.09215097048800662
2224,2593,4.815834316104276,9.905143899834776,0.3487711546371913
2225,2594,2.726006919180707,10.533389889054046,0.6313713840834221
2226,2595,5.4856203734085724,8.984832171510346,0.25819827108100785
2227,2596,4.935495296805141,10.182040357595643,0.33258980844008135
2228,2597,5.060331659004637,9.889816371578426,0.31570861305870956
2229,2598,2.706946656595612,9.467700041439997,0.6339488383687771
2230,2599,4.36334170489467,7.949137488828889,0.4099601867739135
2231,2600,5.170187398837184,9.532380073983381,0.3008531961336731
2232,2601,4.361536053000204,10.57622049633277,0.4102043589196262
2233,2602,3.818005823221111,10.929386058217544,0.4837040976409441
2234,2603,2.5945831800133012,9.044656205186222,0.6491433679793479
2235,2604,4.12795304068838,10.829173144505244,0.4417909928068253
2236,2605,3.9502208819488374,11.19097967052824,0.4658251063004603
2237,2606,3.890642878904212,11.385081869828742,0.4738816364020107
2238,2607,0.8437198185947821,8.050026671353603,0.8859066472789964
2239,2608,3.9843233631375123,11.092498871224052,0.46121354410982557
2240,2609,4.612092628995891,10.516206737884414,0.37632244792071873
2241,2610,1.9785864735537617,8.327861873181025,0.7324425011230001
2242,2611,2.55514518393264,8.933410438375432,0.6544764336467334
2243,2612,3.4840449608684554,11.136544055321362,0.5288644857504379
2244,2613,5.248927859374229,9.625576938046018,0.2902053922780878
2245,2615,5.410239965848868,9.114537121739296,0.2683917064352779
2246,2616,4.396921741207764,10.773141920653446,0.40541927302148445
2247,2617,4.889045652828486,10.16082703396571,0.33887103533222673
2248,2618,4.486159185630216,10.552980877405425,0.3933519978455038
2249,2619,4.1087091019884845,10.803456448972769,0.4443932849865745
2250,2620,5.014520361365102,9.78074142768446,0.3219035185534027
2251,2621,6.427259484690294,5.8531427543518,0.1308636264613155
2252,2622,5.6291398318014325,8.41642409897854,0.23879062433873272
2253,2623,4.838777552055154,10.237427056186984,0.34566861911033303
2254,2624,6.887730903401612,2.443082535104426,0.0685956474058142
2255,2626,4.323205175402166,10.550899443324163,0.41538771273153774
2256,2627,3.278105218348583,11.54198012039111,0.5567130145686014
2257,2628,4.525132501095799,10.719617418385008,0.388081769352439
2258,2629,0.36445828037394024,7.417577647558797,0.9507155500933357
2259,2630,3.6990444715432567,11.388628994925433,0.4997908353920546
2260,2632,5.4647736077088584,9.216731502248368,0.261017308087903
2261,2633,5.414017975211671,9.003385921162579,0.2678808191178134
2262,2634,6.212815680642393,7.0390804369742375,0.1598621305083346
2263,2635,5.234539518607333,9.683191464107473,0.2921510785142148
2264,2636,2.967684675744132,10.071297803364375,0.598690125546274
2265,2637,3.0341023586762104,10.413234671456587,0.5897086888670903
2266,2638,3.7931302777758913,10.768114177585796,0.4870679327886543
2267,2639,4.253662471703374,10.77018722881247,0.42479173530800535
2268,2640,4.4670061711431,10.499256701993417,0.39594199465414637
2269,2641,1.613180044466711,8.439535310078238,0.7818551659455318
2270,2642,4.993250243556123,10.207509135375076,0.3247798040217695
2271,2643,6.224603348780834,6.729680436999752,0.1582681243595669
2272,2644,5.435043820728694,7.329649482992124,0.26503756575815374
2273,2645,3.7541185332670843,11.021752066716815,0.4923433579101337
2274,2646,5.66009072128367,8.84708994348545,0.23460524114291406
2275,2648,5.352698574842409,9.388061761015392,0.2761728324388027
2276,2649,2.6136699057188135,9.40946099240302,0.6465623351764976
2277,2650,4.070841356831125,10.69131305070502,0.44951401097850796
2278,2651,3.165208609357864,11.74813280464221,0.5719796378559817
2279,2652,4.632437473885002,9.373073073741656,0.37357128395274003
2280,2654,4.0645658059452305,10.405638233334763,0.45036263231578494
2281,2655,4.740458830549316,10.441064517171496,0.3589639244055512
2282,2657,2.2814782939953604,9.838796330875702,0.6914834735591975
2283,2658,4.198939652511343,10.79234687826122,0.43219171546061425
2284,2659,4.314209886643404,10.004827679776463,0.41660411494298516
2285,2660,3.1244146945985682,10.073745239896635,0.5774960597805663
2286,2662,5.134321112216565,9.905146223749158,0.30570327171565287
2287,2663,5.2359830583482525,10.026735002123626,0.2919558735596816
2288,2664,3.8927610012499096,11.729876175832464,0.47359520994316984
2289,2666,5.296623333560732,9.776681003003288,0.28375569601681055
2290,2667,3.015485280096102,11.285102213939968,0.592226212891372
2291,2668,5.344132201578544,9.627595453862465,0.2773312338711191
2292,2669,5.030086091529681,10.025037026987407,0.3197986179656874
2293,2670,5.016229851690714,9.82306997390711,0.3216723500085913
2294,2671,5.145367351639948,9.75414368144168,0.30420952644264065
2295,2672,4.184703207935162,10.934924459086304,0.4341168612930642
2296,2673,2.248852969925076,9.59133780390345,0.6958952848320291
2297,2675,4.249602588613365,11.180191389933242,0.42534073944798867
2298,2676,3.5749353640776453,9.910775065255013,0.5165736865967905
2299,2677,4.908158578641908,10.520685199036812,0.33628645957816533
2300,2678,2.7216766804894945,9.373555632373307,0.6319569474890387
2301,2679,3.002096264323572,10.873260043903649,0.5940367638177051
2302,2680,4.997623007498941,10.216469972943942,0.3241884900714529
2303,2681,5.539439333823148,9.285082866582515,0.2509205166673629
2304,2682,1.6187600177571033,7.908277655014494,0.7811006051935337
2305,2683,3.7963422981851895,10.176544739339842,0.48663358222650266
2306,2685,4.8797254661191705,10.015400605809429,0.3401313723851391
2307,2687,5.067587470638738,10.013738186981163,0.31472743440460915
2308,2690,5.048671061078686,10.211517730659335,0.31728543593614195
2309,2692,2.09278877586158,9.262165646697715,0.7169993133827173
2310,2693,4.407130190563331,10.51943701986428,0.4040388192412248
2311,2694,0.8392585285592703,8.054385428381119,0.8865099323108214
2312,2696,4.429117364165185,10.401020588250953,0.4010655687642213
2313,2697,3.550148261198137,11.095062320206393,0.519925561958061
2314,2698,4.34632039664382,11.11167179934639,0.4122619202205351
2315,2699,5.156239776593314,9.726736783619133,0.3027392855074412
2316,2700,2.428434168743367,9.57928517911548,0.6716111319565397
2317,2701,0.0,6.418287157282517,1.0
2318,2702,1.5432393726616422,8.588089241395908,0.7913130043913443
2319,2703,5.349713305058549,9.489493981152734,0.27657652028743546
2320,2704,5.198139689508375,9.683227797372936,0.2970733032253617
2321,2705,4.997509555796636,10.011787655443014,0.32420383175811546
2322,2706,3.6866983862968565,10.941676687392155,0.5014603543812934
2323,2707,1.3815580572119832,7.821347358856711,0.8131766171042909
2324,2708,1.3363169491513283,7.584847600370722,0.8192944178074321
2325,2709,4.966979687901623,10.03754730950391,0.3283322816410076
2326,2710,4.558949315792356,10.437632619276146,0.383508836866983
2327,2711,1.2327709515804028,6.66303044273603,0.8332965898120958
2328,2712,4.516598514999211,10.736407499946498,0.3892357911786131
2329,2714,4.703107123806186,10.01858166731821,0.36401486828319185
2330,2715,1.981368864041073,9.121612535085514,0.7320662479495175
2331,2716,5.476117148626608,9.3289689281171,0.2594833597480507
2332,2717,1.55834594692563,9.024302578973028,0.7892701938896568
2333,2718,5.684492722457712,8.57736452175528,0.23130544177150045
2334,2720,4.123119214312111,10.569454825002415,0.4424446546571044
2335,2721,2.796108090726973,8.933420889228369,0.6218918418051518
2336,2722,5.378231540806899,9.489350292792793,0.27272009655705964
2337,2723,4.004921552847693,11.12275506726764,0.4584281211859787
2338,2724,4.275671773923482,11.130022991246733,0.4218154924534471
2339,2725,1.4065157501635932,8.27173760722997,0.8098016734295373
2340,2728,2.232214597395675,9.194070223190371,0.6981452351874233
2341,2729,4.65063933162854,10.36837002525108,0.37110990882566314
2342,2730,2.49021638130589,9.523976747128225,0.663256534121538
2343,2731,2.0512041656033615,8.885459447592957,0.722622658362166
2344,2732,3.8535992999496775,11.3811624885383,0.47889091320997657
2345,2733,5.050546770739885,10.062877171124828,0.3170317901176357
2346,2735,4.468705842822498,10.927348882207475,0.3957121538513661
2347,2736,5.84303830667039,7.934924625979719,0.20986586329619336
2348,2737,4.5941388982855855,10.656666810657455,0.3787502696755761
2349,2738,4.1742362759646126,10.460827646623859,0.4355322687955354
2350,2739,4.695112808590229,10.150449020344986,0.36509591225726384
2351,2740,6.103372399205618,7.279255961150289,0.1746617720916113
2352,2741,5.171320129160797,10.061000795059542,0.3007000208763169
2353,2742,5.408310495209129,9.619736830941816,0.2686526221675066
2354,2743,5.089408525847503,10.082211976398709,0.31177664755119067
2355,2745,1.0277310003408835,7.564652424559232,0.8610234429250522
2356,2746,4.234954210585561,10.654497987825927,0.427321589635792
2357,2747,5.618886077854998,8.881782621811297,0.240177204504259
2358,2748,2.641315440168367,9.69871428365219,0.6428239238655403
2359,2749,5.138859883042814,9.858703340419485,0.3050895092208219
2360,2750,4.431047218262012,10.45287320715757,0.4008046011783986
2361,2751,1.5789216561208512,8.337517335576855,0.7864878109291559
2362,2752,4.588835316526152,10.709220001331833,0.3794674549437514
2363,2753,6.819512124490862,3.803540320758115,0.07782064014976027
2364,2754,6.78376355874657,4.147441449702289,0.08265479673923859
2365,2755,4.343440973921227,10.154368765562637,0.41265129473216955
2366,2756,2.49077866149457,9.449987855280753,0.66318049888984
2367,2757,4.910046226632982,9.9766780190029,0.33603119938003767
2368,2758,4.331292276155967,10.85274661021658,0.41429412168572066
2369,2759,4.958305686546804,9.858622086915876,0.3295052372528908
2370,2760,2.669671273621349,9.201827109439202,0.6389894612435323
2371,2761,4.123624966178244,10.99477779490949,0.4423762635576182
2372,2762,4.169993115837123,10.788618200623475,0.4361060568640481
2373,2763,1.780162659507579,9.315363638663861,0.7592746765742334
2374,2764,3.6046646725932328,10.11100370315267,0.5125534936276722
2375,2765,5.318856570003973,9.677159810919196,0.2807491713012089
2376,2766,5.84816394910697,8.754140194395653,0.20917274015560808
2377,2767,4.45263041884558,10.784041307374391,0.39788597859450525
2378,2768,4.470594798615386,9.841853297929728,0.3954567168036608
2379,2772,1.9855923246526435,8.910056297738944,0.7314951237793378
2380,2775,3.778759429821189,10.262677991070396,0.4890112535314651
2381,2776,4.7405574526451595,10.341660980221835,0.35895058807597924
2382,2777,2.2670746640153108,10.498634555033476,0.6934312273034601
2383,2778,4.88011896541432,10.15770971134741,0.3400781608178776
2384,2779,0.5192542762557955,7.738617758526715,0.9297830156562968
2385,2780,2.9745238498495503,9.892474434518583,0.5977652873638197
2386,2781,2.315011922301031,9.213487958427311,0.6869488354032917
2387,2782,2.1900415547800534,9.45466427102369,0.7038481518671285
2388,2783,4.250450233840696,10.40078042199547,0.42522611527563575
2389,2784,3.2384496785650407,10.963677047279015,0.5620754979287778
2390,2785,5.3450493738314915,9.101748601812794,0.2772072077962834
2391,2786,6.342006724127561,6.709888296616729,0.1423920664326832
2392,2787,4.626639103554465,9.333223022537794,0.37435537779141587
2393,2788,4.907892626159075,9.77386182967845,0.3363224234251227
2394,2790,0.516594585982866,7.308672871564594,0.9301426764983798
2395,2791,5.3106152035965835,9.528487685402457,0.281863623165084
2396,2792,1.6473357490177736,8.53834063342019,0.7772364065411727
2397,2793,3.501444366072508,11.829981341173651,0.5265116235427113
2398,2794,0.0,6.95958560385406,1.0
2399,2795,4.31182668293877,10.561654337912154,0.4169263874496707
2400,2796,1.3999489219603247,8.03291044755343,0.8106896832047511
2401,2797,5.086091906778971,9.961934754322172,0.31222514263319257
2402,2798,0.8336310093068611,7.820497912411949,0.88727092254106
2403,2800,4.496796127117727,10.856297746313516,0.3919136005360409
2404,2801,4.551738883940586,11.007079236539381,0.38448387896793174
2405,2803,5.083992328725396,9.752642113294245,0.3125090614106734
2406,2804,3.1187188239409744,10.164254947490742,0.5782662929381475
2407,2806,3.576743360571907,10.550690574650249,0.516329197398846
2408,2807,6.272116633179325,6.994705075314512,0.1518430650017826
2409,2808,2.2298107692479974,9.691845734764545,0.6984702966671814
2410,2812,5.24116180825715,9.81459487811541,0.29125556887679077
2411,2813,5.921572630386443,8.368338662545087,0.19924593461967563
2412,2814,5.063563043670586,10.137088040534241,0.3152716439341922
2413,2815,5.006666372656898,9.693697431569644,0.3229655866525548
2414,2816,5.399200181200106,9.59107522168022,0.2698845788511386
2415,2817,6.611492176211295,5.043396898191952,0.10595046809619171
2416,2818,4.025225747457847,11.365539068555163,0.4556824542165452
2417,2820,4.430227480251694,10.737045774552776,0.4009154515530003
2418,2821,5.2041592258419715,9.856848352662379,0.2962593018625992
2419,2822,1.0031067817263284,7.824337904197784,0.8643532920028524
2420,2823,1.577378839165476,9.485899279942421,0.786696440802716
2421,2824,5.120295950671084,9.816550662031924,0.30759984646465277
2422,2825,4.169971641410944,10.805188489269746,0.43610896077744027
2423,2826,4.37634699679266,10.993184383512792,0.40820152551806166
2424,2827,5.1349989587781035,9.992462189431377,0.30561160883760746
2425,2828,2.8319343612587584,9.858526294245364,0.6170471774623503
2426,2829,4.837525023094447,10.491619332235132,0.3458379943286908
2427,2830,4.565169047725847,10.976618417600028,0.3826677637362133
2428,2831,4.79026774136664,10.519292566037016,0.35222843531867065
2429,2832,5.740470036711303,8.646279428780588,0.22373582053142296
2430,2834,4.20329483807784,10.776392519489802,0.4316027785741591
2431,2835,4.214361854931337,10.826765850219026,0.43010622364015466
2432,2836,5.100293072014168,9.635532496020343,0.31030476750566843
2433,2837,4.762316370233394,10.305127785571386,0.35600820388100274
2434,2838,1.2905717582073835,7.649650520539763,0.8254803839192034
2435,2839,4.378202202286852,10.668761196571518,0.4079506524081099
2436,2840,5.0719893818952055,9.768605439518346,0.3141321789625038
2437,2841,3.2528428625945986,9.4785362306753,0.5601291567547637
2438,2843,4.1642041282899225,10.57724730906476,0.43688888190094277
2439,2846,5.182046836002931,9.89265417019701,0.2992494849041827
2440,2847,4.5683578869004595,10.56909631600147,0.38223654789334555
2441,2848,5.210789318892301,9.835343378617917,0.2953627369979452
2442,2849,4.689959111327646,10.261101468170367,0.36579282915626066
2443,2850,1.9769693101806995,9.984557508802258,0.7326611846089914
2444,2851,5.091377063245978,10.021295299969776,0.31151044895445423
2445,2852,2.632964150302361,9.658142645261972,0.6439532403037206
2446,2853,0.0,4.7768812959981775,1.0
2447,2854,4.56832546243034,10.357257737538156,0.38224093254382385
2448,2855,4.727552129710107,10.230943992596194,0.3607092535288672
2449,2856,2.9593338654163728,9.827039690239491,0.5998193771381332
2450,2857,4.539690838657618,10.676000362595568,0.386113095029678
2451,2858,4.041075303421367,12.043859123431817,0.4535391728343098
2452,2859,5.327626627159508,9.47023133518159,0.279563226391089
2453,2860,5.372413915168448,9.730863692900966,0.27350679422533547
2454,2861,2.974255297824792,9.956890136102485,0.5978016027379635
2455,2862,1.8981902202929912,7.83287604131765,0.743314212179883
2456,2863,4.584866695259766,10.484863605622404,0.3800041180586655
2457,2864,2.952947907422477,9.397703492928198,0.6006829284519716
2458,2865,4.488083906454524,10.429509247375277,0.3930917244146117
2459,2866,4.977362302464111,9.898869821063006,0.32692827609398
2460,2867,5.0661740057445055,10.044442759280551,0.3149185724402251
2461,2868,1.26576323120956,7.680799526314803,0.8288351563909054
2462,2869,1.0617065154377736,9.090285915010519,0.8564290499258652
2463,2870,4.515754436337569,10.396099824439714,0.38934993305645527
2464,2871,4.7520972005216375,10.06404998554589,0.35739010733845755
2465,2872,4.114436318723278,11.508269482619353,0.4436188130059106
2466,2873,4.745091679379132,11.237556638265254,0.3583374400632447
2467,2874,4.911540422307315,10.364514477899368,0.3358291443964416
2468,2875,4.970765193560112,9.956874858167577,0.32782038062505103
2469,2876,5.246908341906042,9.693900154725663,0.29047848473573307
2470,2878,4.985945439717215,9.884296013973525,0.3257676077245891
2471,2879,2.8556957581051723,8.976638948832464,0.6138340048287421
2472,2880,5.1412224961647865,9.594801510212646,0.30477002110838497
2473,2881,3.8153174596804806,11.349021028311597,0.4840676358711996
2474,2882,5.08694320030798,9.880120500652199,0.31211002511344993
2475,2884,4.701664944200226,10.539616593193877,0.3642098893113146
2476,2885,3.933622316328642,10.769616914623498,0.4680696737033237
2477,2886,5.4329107520678726,9.393130437399847,0.26532601335619943
2478,2887,5.582443978669115,8.589883898657552,0.24510514525505653
2479,2888,4.611351749144516,10.757461039899136,0.37642263457551073
2480,2889,4.66356634266733,10.669606164071897,0.3693618332233459
2481,2890,0.41981952009209866,8.075489378431186,0.9432292385109484
2482,2892,4.037983759302724,10.610334935374503,0.4539572317986806
2483,2893,5.465331830930747,8.303316606891446,0.2609418214659838
2484,2894,2.0429157060321765,8.828814625681009,0.723743478473923
2485,2895,5.353989013552193,9.572241084659964,0.2759983308144064
2486,2898,4.258228989546989,10.744591988194124,0.42417422067867494
2487,2899,3.7628176154391335,10.805739894004475,0.49116701070489965
2488,2900,4.921915732010444,10.260571838239308,0.3344261266606247
2489,2901,5.213436437617412,9.97281374782618,0.2950047761633858
2490,2902,0.0,4.188624020183779,1.0
2491,2903,5.335959292888949,9.54103308283651,0.27843642843136013
2492,2904,4.26050893051677,10.850452138995893,0.42386591203934304
2493,2905,4.8609352265848855,9.976779409498466,0.342672312374516
2494,2906,5.143046280429428,9.972566365756867,0.3045233969841119
2495,2907,4.906885730418128,9.965418011898574,0.3364585825011493
2496,2908,2.7021431897871113,10.32679647764498,0.6345983947982784
2497,2909,6.4364193009483275,6.363697188758491,0.1296249757574267
2498,2911,4.366875043704551,10.619800386584764,0.4094823854206277
2499,2912,4.973844059226933,9.99751305022571,0.32740403612446756
2500,2913,5.5003118788785486,9.06271356224807,0.2562115889163287
2501,2914,3.845239683924224,11.067817170409523,0.4800213555662942
2502,2915,5.086287354120104,10.000836764821026,0.31219871295601903
2503,2916,4.542147518567978,10.575220271555798,0.385780886586356
2504,2917,3.3123214193825863,11.516854296164983,0.5520860744312378
2505,2918,4.391614091275053,10.266501937969267,0.40613700841485356
2506,2919,4.288383912970927,10.415005878189035,0.42009647325748445
2507,2921,2.1923756694700827,8.993947349208373,0.7035325175004209
2508,2922,4.783633377269004,10.419422564146899,0.3531255777424813
2509,2923,5.028361808137639,9.869267038758323,0.3200317869264057
2510,2924,4.55285973829743,10.841455238734556,0.3843323096570469
2511,2925,2.8016205551687663,10.005638754831693,0.6211464100444437
2512,2926,3.710113310514274,10.931115946867651,0.49829403405931405
2513,2927,1.71047113728642,8.772357940698726,0.7686988233717867
2514,2928,5.1655040941016015,9.84263926967687,0.30148650345598627
2515,2929,0.0,7.648226163079882,1.0
2516,2930,4.661212802735175,10.371954387773727,0.369680094399277
2517,2931,3.419831060041777,11.61483086938987,0.5375479124937043
2518,2932,4.579605632340182,10.146946437102047,0.3807155536491809
2519,2933,6.1786994995260045,7.570848593663715,0.16447554529345676
2520,2936,4.564633769014701,10.363158957484377,0.3827401476502199
2521,2938,4.994875591536954,8.41759271619565,0.3245600137591913
2522,2939,2.4124507368137333,9.22974817806542,0.6737725169289551
2523,2940,3.1495761326244565,9.945643194524255,0.574093564354494
2524,2941,3.1605042921636377,10.434615703880466,0.5726157866213932
2525,2942,5.754910461406713,5.775167879022728,0.22178309116332717
2526,2943,5.035238192446033,9.822899077819123,0.3191019169351455
2527,2944,3.8262428439647533,10.548968071686925,0.4825902334263523
2528,2945,3.443602852826275,9.572614783574092,0.5343333340528547
2529,2946,4.684587379386176,10.562388717005927,0.3665192301410586
2530,2947,4.66000656996843,10.149004343659822,0.3698432091412646
2531,2948,2.1844203552738524,8.212621002419596,0.7046082874996472
2532,2949,5.261896942716739,9.723799543314252,0.28845162738166813
2533,2950,5.041095654418082,8.409509687273967,0.3183098323353789
2534,2951,4.592736729972248,10.464286894716066,0.3789398801130958
2535,2952,4.794667083598336,10.449523994525302,0.35163352727702096
2536,2953,2.178498554021441,9.011742506854386,0.705409072480804
2537,2955,5.4479089750662295,9.346984330090924,0.2632978548265233
2538,2956,3.974563572337167,11.735582414468908,0.46253332732425995
2539,2957,4.4956507226432105,10.144451890048781,0.3920684896755859
2540,2958,4.676236633026084,10.977391163563688,0.36764847308278825
2541,2959,4.937181819669901,10.2805834274468,0.33236174570664745
2542,2960,3.130170074286549,9.537317137770719,0.5767177794198208
2543,2962,1.06777448007565,7.960901276450837,0.8556084997687278
2544,2963,2.042165675690931,9.466177789980108,0.7238449025182433
2545,2965,4.173683994114285,10.440612767279415,0.4356069519860474
2546,2966,2.407018382786625,9.549656193828994,0.6745071156315819
2547,2967,6.327557707164861,6.356509572442635,0.14434595770377212
2548,2968,5.076352594049132,10.180889416602684,0.3135421566680132
2549,2969,5.041792676907756,9.834427851282904,0.3182155763619904
2550,2970,2.4919169596293864,10.056685050584525,0.6630265707163694
2551,2971,4.968493340036686,10.174169870704251,0.32812759562660254
2552,2972,4.572021325114946,10.091491861680488,0.38174115364140876
2553,2973,4.883106162177044,10.282288441378112,0.3396742123904671
2554,2974,2.4406269307781105,9.618625062995754,0.6699623463421516
2555,2975,2.0315898960805727,9.530094497200901,0.7252750291157125
2556,2979,2.8899132677104866,10.490786123384186,0.6092068877377443
2557,2981,4.903935278272854,10.23467278987711,0.33685756207929624
2558,2982,4.6442889868484,10.154691015328236,0.37196864428609977
2559,2983,2.7235447250379874,9.447519127635049,0.6317043381975742
2560,2984,2.6791779902965773,8.652757224664759,0.6377039003796758
2561,2985,4.963131057146121,10.091509727819892,0.32885271884848205
2562,2986,5.481089248865522,9.07197090872603,0.2588109995950471
2563,2987,4.780647421290916,10.109869758272406,0.35352935838281846
2564,2988,2.8177224313097287,10.087834965156327,0.6189690082654021
2565,2989,2.1886038085009405,9.850689700820915,0.7040425733915859
2566,2991,4.67594103802104,10.179533279340028,0.3676884453868989
2567,2992,4.9608425495426545,10.112471598859383,0.3291621859244622
2568,2993,4.617051870069832,10.200312300605482,0.37565182666872526
2569,2994,4.61482902632549,10.215054343271913,0.3759524142450481
2570,2995,0.0,6.707213136821384,1.0
2571,2996,4.938270046819556,10.259120259404924,0.3322145884616831
2572,2997,5.067224883848951,9.89383016374607,0.31477646577922835
2573,2998,5.173783477664719,9.885567558193625,0.3003669106618375
2574,2999,4.165060368829516,10.442424287045522,0.4367730954138355
2575,3000,4.896414101773735,9.955676177774544,0.33787462511880156
2576,3001,4.187326352046508,10.493655000828777,0.433762142463735
2577,3003,4.785421720520465,10.517740427184808,0.35288374618551366
2578,3004,6.156169606035667,7.399044702173972,0.16752218592949264
2579,3005,5.391457513373744,9.473903556044423,0.27093159340720996
2580,3006,4.207406837646234,10.3959763744903,0.431046726900599
2581,3007,3.6436527454868526,11.888612151465942,0.5072812695379589
2582,3009,5.897770004583157,8.076713118840713,0.20246468250446914
2583,3010,4.487417329324834,10.075275678632476,0.39318186336583394
2584,3011,5.312808072298553,9.591936178393382,0.2815670890114815
2585,3012,4.749695474693234,10.347133726451325,0.3577148845287523
2586,3013,5.894759738504456,6.731557535420023,0.2028717505167784
2587,3014,6.060870409776682,7.4810341671087,0.18040917112667995
2588,3015,4.657711480407309,10.460812101146931,0.37015356627292395
2589,3016,3.239544476402707,9.50504902783415,0.5619274521520895
2590,3018,3.568970890061667,10.242806718880962,0.5173802420701864
2591,3019,5.002707898934207,10.399565141514808,0.3235008775497534
2592,3021,5.440532128377077,9.268259089502575,0.26429540063820756
2593,3022,3.4692747894933706,9.34799161739941,0.5308618056370964
2594,3023,3.8796013311440625,11.612151661497887,0.4753747472374094
2595,3024,5.301396475458853,9.330486222287186,0.2831102403214866
2596,3025,4.451795574026445,10.903687898047217,0.39799887181132637
2597,3026,5.1419000679127675,9.888920227021327,0.30467839539243946
2598,3027,0.24074310151282274,7.770244398084596,0.967445131676772
2599,3028,4.883575269702357,10.282383928167075,0.3396107765801779
2600,3029,4.658875964241615,10.378046105162609,0.3699960970966439
2601,3030,5.27097598874078,9.561216779800173,0.28722389896097467
2602,3031,3.2423591147454465,10.02465358543672,0.5615468382111309
2603,3033,5.75965421519092,8.103593396729492,0.22114160952239031
2604,3034,3.3450898707511105,9.76376686448091,0.5476549085421435
2605,3036,5.465102504170417,6.623551304966422,0.2609728325414357
2606,3037,4.730706798742105,10.26475238146357,0.36028265839781376
2607,3038,4.0955635063247655,10.64816736822899,0.44617091904202
2608,3039,4.297079749287505,10.523410616313441,0.41892056497821245
2609,3040,3.399668320067452,9.874400973822695,0.5402744510353068
2610,3041,0.6312444485445009,6.072328573538772,0.9146389667118239
2611,3042,4.90463957757359,10.18871603663377,0.33676232208757256
2612,3044,5.0598223778514235,9.991578415784366,0.3157774814116475
2613,3045,4.177492603119161,11.316276102532115,0.43509192678337594
2614,3046,5.365252638842302,9.623384534650004,0.274475189192248
2615,3047,6.499497072355319,5.836178570747732,0.1210951839196826
2616,3048,4.782958538245112,10.59621412295787,0.35321683392147085
2617,3049,3.895227079032712,10.097699886537221,0.47326173065761823
2618,3050,1.3063798677913212,6.061473988150011,0.8233427071894847
2619,3051,3.882997619376386,10.7507767220423,0.4749154787661791
2620,3053,4.847923501109644,10.336050031395574,0.34443184362107143
2621,3054,4.845901083079941,10.222223812741062,0.3447053283117553
2622,3055,5.345793980209313,9.407238259783533,0.2771065172160329
2623,3056,4.914747910948128,9.904254006271302,0.3353954066498821
2624,3057,1.57293925213246,9.489742139218041,0.7872967910115531
2625,3058,4.856739357323249,9.666932636964024,0.343239705460572
2626,3059,4.952981338770101,9.850233136247091,0.3302252306387382
2627,3060,4.415227346502341,10.560919389328827,0.402943868467015
2628,3061,4.9058692738745115,7.075880035106442,0.33659603445190417
2629,3062,4.487112164883145,10.820197665552062,0.39322312971221596
2630,3064,4.774436765480562,10.315598050390502,0.3543692041804194
2631,3065,5.079833852282777,8.47162359529262,0.3130713979933792
2632,3067,4.176641286692757,10.602514205183626,0.43520704739945515
2633,3068,4.418249179935635,10.64310716616449,0.4025352362408062
2634,3069,4.295499007041614,10.779316423215917,0.41913432335942696
2635,3071,1.4313024879183838,8.696251492452472,0.8064498474428368
2636,3072,3.7853042577864677,11.21649506018514,0.4881262187733809
2637,3073,3.7403719452912094,11.40549485134039,0.4942022621056687
2638,3074,5.0224177021089975,10.274526627343779,0.3208355881063594
2639,3075,4.861111930128265,10.1241516028327,0.3426484173571684
2640,3079,2.016074325684844,9.302032418113901,0.7273731467690061
2641,3080,5.426496754658279,9.62652667645981,0.2661933563445663
2642,3081,5.150709714245087,9.483401559935398,0.30348709697300125
2643,3082,6.712067704955558,4.2538466525129435,0.09234998245721224
2644,3083,5.003183572008611,10.262356834178526,0.32343655390265896
2645,3084,4.46271790419894,11.17818805243968,0.3965218823635956
2646,3086,4.5760642691467615,10.457080875153926,0.3811944401124775
2647,3088,4.3186432348611,11.222291400849759,0.41600460838785996
2648,3089,4.303950089719002,10.377295299421199,0.41799151227980635
2649,3090,4.624570186091603,10.462874556748613,0.3746351504418132
2650,3091,3.944291220666603,10.72774126581172,0.4666269541666356
2651,3092,3.8501550458868863,11.469661476835359,0.4793566679368257
2652,3093,6.367030601150721,6.0544034670321745,0.13900817291172088
2653,3094,4.645758337245559,10.107011713767651,0.3717699490445763
2654,3095,3.8235798785295962,11.001692988451353,0.4829503371574502
2655,3096,2.8738681203004157,9.289265771596948,0.6113766182840371
2656,3097,5.420931632397839,9.743660044177087,0.26694590884244807
2657,3098,4.585603237710116,11.279566488188282,0.379904517935817
2658,3099,5.67476767075479,9.125295953930095,0.23262052733630265
2659,3100,3.3819521490889897,11.56389533204549,0.5426701483980613
2660,3101,2.280037995359162,11.463292438259298,0.6916782402301962
2661,3103,4.538349826960105,10.837498698880811,0.3862944354666754
2662,3104,4.21252639224834,10.910306988656355,0.43035442699710097
2663,3105,5.097816161033357,9.883981540485035,0.3106397117276292
2664,3106,3.3188899543983634,10.853581496385306,0.5511978338495913
2665,3107,4.509518915494553,10.441540338190944,0.39019314126759613
2666,3110,5.234116958443638,9.505381047397089,0.2922082198835886
2667,3111,4.275462238343961,10.803267205999806,0.4218438272350358
2668,3113,4.361489535834028,10.50050260246139,0.410210649277315
2669,3114,4.889032207922555,10.421775850458296,0.3388728534409885
2670,3115,4.438984568972922,10.595239166419699,0.3997312603200099
2671,3116,5.829119161434106,8.741978731627254,0.21174810182137493
2672,3117,4.747950193569614,10.210467582786345,0.3579508929410782
2673,3118,3.862573289112736,10.650091224830064,0.47767739127019265
2674,3119,0.0,8.329534745332346,1.0
2675,3120,6.176503065938409,7.6143182960773315,0.16477256151438088
2676,3121,2.5216766735504237,9.313784250135278,0.6590022661280001
2677,3122,4.743379917633401,9.357739903584598,0.35856891576444994
2678,3123,5.079510700293559,10.208736859550015,0.31311509673444904
2679,3124,5.051691706302218,9.981326824513136,0.3168769643874855
2680,3125,4.94441856031937,9.665665820209561,0.3313831459567382
2681,3126,3.102436974675876,9.803943677069771,0.580468031868788
2682,3127,4.733982116927706,10.403339986154641,0.3598397482933129
2683,3128,3.5919384880076763,10.990028020554618,0.5142744121538374
2684,3129,3.956468669804682,11.766950251109913,0.4649802392630235
2685,3130,2.0298311772498066,9.444868784302505,0.7255128546633332
2686,3132,4.788558159863758,9.853157312165923,0.35245961619307337
2687,3133,3.3421106029557226,10.64198273412245,0.5480577847623509
2688,3134,2.4273988156129356,9.529361471136825,0.6717511392282639
2689,3135,5.013322241877617,10.086876514584368,0.3220655361643144
2690,3136,4.965049227655114,10.379294083786306,0.3285933311943838
2691,3137,4.685908708308823,10.307365270692303,0.3663405513385587
2692,3139,2.7806824380183466,10.899218169620168,0.6239778001963725
2693,3140,3.465711793715102,11.187471654788466,0.5313436174010425
2694,3141,4.836370796594329,9.89898325157407,0.34599407644066155
2695,3142,5.035963795511495,9.867718026845385,0.3190037961079958
2696,3143,5.320925540941495,9.542666987035147,0.2804693914196158
2697,3144,6.478751581522641,5.554174579570487,0.12390052587180746
2698,3146,1.9345263499776302,8.393659929780643,0.7384006013232242
2699,3147,3.7634200301096956,11.648573750869565,0.4910855482241353
2700,3148,5.111687858932049,9.857722110456844,0.3087638893440439
2701,3149,4.802731047788312,10.760802793531413,0.3505430649097996
2702,3150,1.2904095173187442,7.875497118612772,0.8255023232010896
2703,3151,5.274599403178415,9.670419086668343,0.2867339169878404
2704,3152,1.5717591458599773,8.14662634494049,0.7874563727568521
2705,3153,2.833068767824627,10.045690940168047,0.6168937755324724
2706,3154,4.467294619322104,10.48158519594635,0.3959029887909398
2707,3156,2.4537447507419365,9.453710641900255,0.6681884682998459
2708,3157,4.983736753713275,10.004018910676164,0.32606628079797634
2709,3158,2.770170392371724,10.403015950775554,0.6253993082673539
2710,3159,4.30317278192909,10.81772611276645,0.418096624960453
2711,3160,4.945489813277829,9.801401249527792,0.33123828407374195
2712,3161,4.087014741171886,10.516277329466082,0.4473269393895579
2713,3163,5.580948369155431,8.805004666451989,0.24530739142732477
2714,3164,4.361769638381949,9.776134718249383,0.4101727719653287
2715,3165,5.254374987762549,9.865761799187943,0.2894687956889969
2716,3168,3.863539371402255,11.456026852614501,0.4775467512579677
2717,3169,1.720451467797548,7.370340529546592,0.7673492173246338
2718,3170,5.24749715039753,9.611278651750467,0.29039886217214744
2719,3171,5.553332130755717,9.000125528579856,0.2490418411334057
2720,3172,1.938346396763777,8.17156954065691,0.7378840294284114
2721,3173,4.50811231951984,10.544477703439798,0.39038335044265876
2722,3174,3.2067778177357193,12.046549074788127,0.5663583756202709
2723,3175,4.290007334105255,10.397703727197104,0.4198769435557855
2724,3176,4.3016039808978395,11.1642616743997,0.41830876857194915
2725,3177,4.910890418150984,9.902975312755988,0.33591704224101504
2726,3178,5.005800030326282,10.054066787742173,0.32308273917039987
2727,3179,5.2031601220175405,9.27249130267128,0.29639440726433736
2728,3180,4.239308098483958,10.532172660119063,0.4267328282285669
2729,3181,3.2658437772283486,9.893820927290747,0.558371087421422
2730,3182,4.341424843857329,10.129182260226806,0.41292392912268905
2731,3183,1.8380670367241105,7.77742258278552,0.7514444651838468
2732,3184,6.4170089454104655,5.877957979665155,0.1322497719184435
2733,3185,0.24768109684701056,6.7724209946095915,0.9665069302366797
2734,3186,0.6093695343032327,7.697795187364315,0.9175970367384678
2735,3187,4.7357406831337805,10.257654372720866,0.3596019433846086
2736,3189,3.8071686722298796,10.821124239422485,0.485169568598581
2737,3190,1.32843906561922,8.14910438264682,0.8203597171221035
2738,3191,5.366530720181068,9.66190564596356,0.27430235861297725
2739,3192,5.119526611993668,9.611938460801799,0.3077038815094032
2740,3193,3.7097111573752595,10.73695258998812,0.4983484158563588
2741,3194,6.88169965764472,3.3360786439274843,0.06941123219394225
2742,3195,4.721262800883633,10.540879443486478,0.3615597380100453
2743,3196,1.081966618616317,8.172860670116727,0.8536893452903105
2744,3197,5.58474463407679,9.071281819128082,0.2447940354729555
2745,3199,1.6880032602115937,8.470887785307184,0.7717370777395219
2746,3200,5.335074024161388,9.417915273878428,0.2785561403012967
2747,3201,4.409775055222901,9.88859125878951,0.40368116321625885
2748,3202,2.055167257875515,8.746309983252672,0.7220867429142797
2749,3203,5.263053226868809,9.778726405361807,0.28829526702044345
2750,3204,1.6364417145554209,9.195883343254021,0.7787095696565517
2751,3205,5.210894347798663,9.978185333030495,0.2953485342972436
2752,3206,6.3865478235583275,6.111621301598312,0.13636892550848453
2753,3207,4.49636631494399,10.510955480870665,0.3919717225699924
2754,3208,5.660349507584767,8.982061235037445,0.2345702463542654
2755,3209,5.428442983281948,9.403501054688348,0.2659301744873406
2756,3210,4.5754277207663705,10.738050897754627,0.38128051837837496
2757,3211,5.99193326981945,7.055134047677033,0.18973130538425534
2758,3212,4.4467636137195745,10.40118541238482,0.3986793266371073
2759,3213,5.231763382056288,9.413364528064395,0.29252648598923126
2760,3214,0.0,5.563828951400094,1.0
2761,3216,2.1007036243101576,10.514387946533851,0.7159290154284972
2762,3217,5.130593802125754,10.108613358420472,0.30620730314352623
2763,3218,5.006969490283041,10.084901312422849,0.3229245970900564
2764,3219,6.2269536641098515,6.766187495235189,0.15795029923571732
2765,3220,5.194254971416226,9.596661302973622,0.29759862040025925
2766,3221,3.6196930198494695,10.85442424178901,0.5105212614973719
2767,3222,5.140544657151338,9.575969103561718,0.3048616829657279
2768,3223,1.4405587483551048,8.47553215351346,0.805198154921683
2769,3224,4.63007768776583,10.225728444046235,0.3738903897792325
2770,3225,4.73809618282749,9.734620372430383,0.3592834171968083
2771,3226,1.8595612846269958,8.89248508671465,0.7485378713675003
2772,3227,4.4505433764805185,10.604324735137338,0.3981682022135939
2773,3228,4.673321962121387,9.005448147528009,0.3680426140858397
2774,3230,5.076144200382341,9.497011739441001,0.313570337032639
2775,3231,5.054316415092877,9.753069577143354,0.3165220339719107
2776,3232,4.612201532249683,10.807764570995399,0.37630772130523144
2777,3233,2.6501402601661233,9.355732140057363,0.64163057356309
2778,3234,3.3624948780756854,10.990333415715599,0.5453012887787703
2779,3235,4.470581632728928,10.33329343049311,0.39545849718157106
2780,3236,5.288327438268064,9.579462089215685,0.28487752163581676
2781,3237,5.060096200537485,9.862261109913458,0.3157404533039567
2782,3239,3.0233442896864666,10.575097737147665,0.5911634658354541
2783,3241,3.8784932456029964,11.033784235361903,0.4755245898648974
2784,3242,5.5347761942787255,8.692936109810319,0.25155109711966894
2785,3243,5.591215056316498,8.713684477474413,0.24391906234730534
2786,3244,4.1935370357528665,11.042125907894013,0.43292229289385253
2787,3245,2.0904754464584085,8.772893517627963,0.717312137025992
2788,3246,5.509447411520055,8.654080074371336,0.25497622200305936
2789,3247,4.509862276126283,10.089397469877198,0.39014670978074106
2790,3251,5.850542317080171,7.959356378410627,0.2088511215683872
2791,3252,2.976099805318,10.756044137135316,0.5975521762821885
2792,3253,4.405263516841311,10.886232705810908,0.4042912431605019
2793,3254,1.2919524743142907,8.348136016778344,0.8252936743903749
2794,3255,0.5604395352128386,5.967487668242713,0.9242136735909203
2795,3256,5.0319171190225465,10.074343942034409,0.31955101436437183
2796,3257,4.866883958355317,10.327642360061393,0.3418678856712807
2797,3258,5.055666917563199,10.251944908390659,0.3163394101300841
2798,3259,6.632777001841775,5.532568503279959,0.10307219373929913
2799,3260,5.096278338910238,9.950360928505958,0.31084766616706316
2800,3261,1.996919885805802,8.617009324785135,0.7299633363285362
2801,3262,5.106676268632424,9.85735574328281,0.30944158960323725
2802,3263,5.456153802346019,9.496588038736363,0.26218293496068024
2803,3264,5.113976457565849,9.69489066031409,0.3084544099583423
2804,3265,1.804535636702254,8.856806056521943,0.7559788020165343
2805,3266,4.49701203902359,11.191224107869264,0.3918844035055938
2806,3267,4.880562475069981,9.933949823541177,0.34001818652017446
2807,3268,3.0077844743443345,9.635373709299895,0.5932675665819084
2808,3269,5.4662803063439735,8.891467850772667,0.2608135623715742
2809,3270,5.6082900641823255,9.025600713082584,0.2416100672849464
2810,3271,4.654323035287996,8.928630925529834,0.37061177414673857
2811,3272,4.208852771429263,11.079149797803243,0.4308511982079186
2812,3273,2.4831696481698082,10.557613323604333,0.664209439803622
2813,3275,5.469638848096325,9.607804715664324,0.26035939822805854
2814,3276,5.10992627102198,10.272588639450772,0.3090021028674708
2815,3277,0.6711769235103424,6.465964999446085,0.9092390343517087
2816,3278,3.546754997934987,10.886077959071702,0.5203844213730296
2817,3279,2.3522094450312157,9.690857568743073,0.6819187413037232
2818,3280,0.500886189313358,8.3675555404959,0.9322668693908505
2819,3281,2.570483569217096,9.483732611714697,0.6524022761315705
2820,3282,0.0,8.520672811763728,1.0
2821,3283,1.9843972327321975,9.097167759252454,0.7316567319826872
2822,3284,4.439772135141662,10.966505304314673,0.39962476043379075
2823,3285,4.5330460090001505,10.21420451594988,0.3870116526754414
2824,3286,4.252445404464014,10.7208574001423,0.4249563151587629
2825,3287,5.054108519433298,10.226427290100492,0.31655014699272016
2826,3288,4.5126236956862655,10.611008680299403,0.38977329243421893
2827,3289,4.469903096609586,10.807703509980977,0.3955502533061659
2828,3290,2.2761149171944104,8.684002658715043,0.6922087447068463
2829,3291,2.639894864587929,10.119495913067244,0.6430160234549936
2830,3292,2.631324417447574,10.220944463228289,0.6441749757837297
2831,3294,4.911560246027701,10.342418502609924,0.33582646370236235
2832,3295,5.388625101466166,9.198941484240708,0.2713146108067072
2833,3296,3.142276098555441,9.498182676918447,0.5750807230576032
2834,3297,6.5360264620094854,4.9262900220748005,0.11615543917665024
2835,3298,5.043831227896815,10.03962210398128,0.3179399100662503
2836,3299,4.902427790938205,10.292254655075162,0.3370614144487724
2837,3300,0.9371644953727822,8.073909238974817,0.8732704424245352
2838,3301,5.251460947034895,9.405272482043435,0.2898628514753567
2839,3302,4.516952046170876,10.475684824283938,0.38918798436433943
2840,3303,1.832109791987394,9.388598675005596,0.7522500430664708
2841,3304,6.243412559126348,7.439053125472464,0.1557246190121063
2842,3305,4.484139147535539,10.374128057785045,0.39362516070569314
2843,3306,4.000554615355242,10.348924428140224,0.4590186472452891
2844,3307,4.050484537286993,10.841155102748603,0.4522667942382337
2845,3308,3.12717012162331,10.246668853509146,0.5771234527841413
2846,3309,2.6816427373410954,8.88953149814055,0.6373706010453227
2847,3310,2.5584464369759674,8.738775002025022,0.6540300164598988
2848,3311,5.065086097033028,9.487214765924909,0.315065686623881
2849,3312,4.64958145974753,10.31807410144867,0.3712529612312054
2850,3313,4.696829334280544,10.453547315368569,0.3648637923440848
2851,3314,4.438706106448769,10.285398721273838,0.39976891585717705
2852,3315,0.9821090722311956,7.797725985408809,0.8671927406242578
2853,3316,4.58074104327476,10.989558538997628,0.38056201590194877
2854,3317,0.8516048255303799,7.445081438222951,0.8848403846907724
2855,3318,2.2165469543088827,8.633212609238122,0.700263917111934
2856,3320,1.4141045174645144,8.796773243819118,0.8087754703164902
2857,3321,6.53197213736015,5.218353951532273,0.11670369166766384
2858,3323,5.258294029808878,9.693588764785098,0.28893883700287176
2859,3324,4.82101505458426,10.170823106058418,0.3480705810466165
2860,3325,2.4448076762311226,10.301224215216273,0.669396998397141
2861,3326,5.445361423292374,9.519186350903272,0.26364235156193677
2862,3327,4.693963140499013,10.333155711396756,0.36525137795114987
2863,3328,4.695628182634548,10.21273626998828,0.3650262199834477
2864,3329,3.3224979823067193,11.564010755116028,0.5507099325443204
2865,3330,4.692375525336218,10.18849291031751,0.3654660657334704
2866,3331,4.494641650053392,10.636600265824534,0.39220494311945897
2867,3332,2.7509023714022396,9.960788428852867,0.6280048570102629
2868,3333,4.050537703958748,10.56831011209784,0.4522596046905902
2869,3334,5.13454468190586,9.906907050726055,0.3056730391492768
2870,3336,3.426975468473563,9.982245050388451,0.5365817985146012
2871,3337,4.559690883843659,10.43114321320379,0.38340855714926236
2872,3338,2.2629696545987787,9.384424008820343,0.6939863337226307
2873,3339,0.40632288805785277,8.047716488390785,0.9450543420172208
2874,3340,3.0979535539691745,9.845776934358437,0.5810743095557792
2875,3341,4.794182561904434,10.396630442964101,0.351699047492743
2876,3342,5.205204569746694,9.50669230545062,0.296117943572551
2877,3343,2.2414780621232557,8.851393266682738,0.696892568454594
2878,3344,5.063258639801706,10.028346694351125,0.3153128074309079
2879,3345,1.4613805510169366,7.982477150571523,0.8023824935812393
2880,3346,4.896874614237287,9.982273873421928,0.33781235158939227
2881,3347,1.0283791570244083,8.512673472999502,0.8609357949079237
2882,3348,3.78156433129994,10.646389759477408,0.4886319562734064
2883,3349,5.125649244472579,9.949517347270232,0.3068759388066219
2884,3350,2.7291102824427678,9.295268283226326,0.6309517268566077
2885,3352,4.9236576813795265,10.127085856016237,0.3341905687900985
2886,3353,6.219764544090646,7.04163805062587,0.15892245941025365
2887,3354,4.639857679789145,10.514909659849174,0.3725678748223324
2888,3355,4.226635324113108,10.276655652484493,0.42844652427360613
2889,3356,4.421563642076601,11.13911193203207,0.4020870328327608
2890,3357,5.184825473897674,9.73712902866956,0.2988737391809912
2891,3358,6.587220544048712,5.645772908769261,0.10923263811093918
2892,3359,5.166074672032268,9.60332043563097,0.30140934614894704
2893,3360,4.9053675100995235,10.303676009677032,0.3366638862554302
2894,3361,1.0625546398207377,8.595268452692975,0.8563143609589307
2895,3362,4.6448889015276915,10.627898010142236,0.37188751987062624
2896,3363,4.506581628386245,11.040849997020077,0.3905903405827067
2897,3364,4.821660104789842,10.301322029907055,0.3479833531079024
2898,3365,4.5651292303294415,10.395502523930471,0.38267314810689235
2899,3366,4.955658332956313,10.200631972451376,0.3298632298474942
2900,3367,4.755296661407813,10.12473641139773,0.35695745515777094
2901,3370,0.0,5.969851460696485,1.0
2902,3371,4.864575279787192,9.888101292466018,0.3421800803979984
2903,3372,6.655289053181342,4.859669405569052,0.10002796583644345
2904,3373,4.756989709008265,10.368551832270956,0.3567285101065885
2905,3374,3.3803834137723063,11.186973315516084,0.5428822831232007
2906,3375,5.019796523455193,9.610168410412289,0.32119004115357047
2907,3376,5.076614829020254,9.90091656938364,0.3135066955274821
2908,3377,4.602660563336256,10.616067923747877,0.37759791398240805
2909,3378,2.4121423113608538,9.16525790964177,0.6738142242507555
2910,3379,2.9443657587516703,10.22007129121683,0.6018434631387509
2911,3380,1.2452117564046188,7.369147560579444,0.8316142622174845
2912,3381,4.55463020947804,10.22946136944913,0.38409289487925
2913,3382,5.445614820511415,9.557624181959678,0.26360808552046966
2914,3383,0.6861764544155236,8.272373403226918,0.9072106989582547
2915,3384,2.262255569261401,8.815390591850516,0.6940828970467045
2916,3386,2.4567945803029323,7.317882460459231,0.6677760502527966
2917,3387,5.350360765655385,9.367565552453678,0.2764889663997352
2918,3388,5.186596425807744,8.853988686243628,0.29863425939578936
2919,3390,4.3035802457858,10.772802242169917,0.4180415250131719
2920,3391,4.735499138138596,10.250405308395885,0.35963460669027747
2921,3392,6.031812487290343,7.951625608503029,0.18433857485349436
2922,3393,5.197383637085506,9.555706312324123,0.29717554161523574
2923,3394,4.858542804415812,10.308610901416042,0.3429958314626989
2924,3397,4.591446659023044,10.351087827531813,0.37911433200648365
2925,3398,4.138338533863995,11.03377218430089,0.44038659799476504
2926,3399,4.983897353515168,9.900487434968436,0.3260445634346521
2927,3400,3.4924301656550254,10.337944456649065,0.5277305831132504
2928,3401,5.06336678112015,10.097768462835363,0.3152981838493385
2929,3402,1.0433363732734975,8.32778129404827,0.8589131815810567
2930,3404,5.326587682019277,9.472402698252202,0.2797037193980443
2931,3405,4.311736481438267,10.662443213093443,0.4169385850908616
2932,3406,3.7499954949570204,11.458445882376942,0.49290090231507117
2933,3407,5.363450190167859,9.538692817484561,0.2747189281774448
2934,3408,6.328906706462091,5.850592129649757,0.14416353713091468
2935,3411,3.5050575649398525,11.39795386768948,0.5260230229862971
2936,3412,5.053676476338722,10.311747462715362,0.31660857070648607
2937,3413,3.355013864804412,11.628375358984776,0.5463129206819907
2938,3415,5.337103890455113,9.5239186991317,0.27828164840727887
2939,3416,4.291162119570594,10.856539410718428,0.4197207858568547
2940,3417,4.93906196610513,10.160207517725649,0.3321074999183252
2941,3418,1.6477996007967848,8.600458344014479,0.777173681447526
2942,3419,5.2895544371790235,9.610773195586042,0.2847115987589907
2943,3420,4.2784593650795,10.920700076227588,0.4214385360112775
2944,3421,3.99546039650862,10.527515928006828,0.45970752108100577
2945,3422,5.7126470772723845,8.785563628377371,0.22749822441840722
2946,3423,3.3455407904832857,10.690845270985811,0.5475939322050727
2947,3424,4.45339099445879,10.31490013081521,0.39778312854903225
2948,3426,5.1536882410137785,9.961458984059268,0.30308432095930604
2949,3427,4.63250592499485,10.518734968910817,0.37356202754267603
2950,3428,1.1943339212671908,8.914117633055515,0.8384942982935405
2951,3429,1.6868666011596791,8.994616267731981,0.7718907842654036
2952,3430,0.8445863156970943,8.612734269011208,0.8857894738319029
2953,3431,4.230049581702532,10.414829314511168,0.4279848258675176
2954,3432,4.262153745673364,10.683453979379378,0.4236434892969988
2955,3433,4.876946663966546,9.887220129447488,0.3405071403203635
2956,3434,5.1336119313613455,9.877472376244095,0.3057991718233359
2957,3435,3.962015598112683,11.39991036234375,0.46423014707126137
2958,3436,0.6569901054066836,6.998565314202676,0.9111574693655801
2959,3437,5.118796122224863,9.88430961260002,0.3078026631487751
2960,3438,5.867964036107079,7.8948129319242355,0.20649524193851937
2961,3440,1.2311284121561972,8.215866246326136,0.8335187048149129
2962,3443,0.517020942472212,6.727860882830068,0.9300850217648394
2963,3444,4.8091026546799025,10.255348235482192,0.34968145424656705
2964,3445,3.9976759327794644,10.144804753574501,0.4594079216693947
2965,3446,5.589136411406297,8.909558240179727,0.2442001504072211
2966,3447,4.221687534072134,10.482654748094342,0.42911559704147645
2967,3448,3.187329230838084,11.240687856597866,0.5689883416776438
2968,3449,2.525772068385643,9.140036901608706,0.6584484598558603
2969,3451,4.460547985312189,10.266423427393304,0.3968153130919793
2970,3452,1.578978088366568,8.588819555258615,0.7864801797890859
2971,3453,4.560642860186901,10.228142157630874,0.38327982463603016
2972,3454,5.5551258213833705,8.862864132271355,0.24879928646899813
2973,3455,4.889307891633832,9.858862758488502,0.3388355736732066
2974,3456,3.9290165690982195,10.892695067259382,0.4686924931888012
2975,3458,4.786630924398846,10.184566431660425,0.35272022967023553
2976,3459,2.3032711066208287,9.410193110199854,0.6885365058539687
2977,3461,4.27109896656945,10.93247582334914,0.4224338575918147
2978,3462,4.849111523710769,10.111293283458005,0.3442711913776568
2979,3463,4.264542967365845,10.807268837566014,0.423320402998347
2980,3464,4.416703369429614,10.398116203184951,0.4027442709220076
2981,3465,0.0,4.4709229874265315,1.0
2982,3466,1.599766646199933,9.192202797435794,0.7836690140333812
2983,3467,5.142945541635286,9.686944318483174,0.3045370195475737
2984,3468,5.184496582696519,9.154833226990387,0.29891821401611207
2985,3469,5.602322792467756,8.886594656049276,0.24241700108157846
2986,3470,4.2916907230018335,10.549661216977551,0.4196493046181772
2987,3471,3.327495108515672,10.163573266102894,0.5500341882147646
2988,3472,5.729110315761518,8.533257499491274,0.22527195684180926
2989,3473,4.2066201696981915,10.696687279937134,0.4311531053234975
2990,3474,4.205654119416217,10.633196132334374,0.43128374100745126
2991,3475,4.226238054053281,10.542234429900661,0.42850024574851087
2992,3476,1.6238244337265582,7.829567872107922,0.780415761499224
2993,3477,4.948282173560732,9.952577078273245,0.3308606827188135
2994,3478,4.72383573049905,10.158381092860818,0.3612118095156939
2995,3479,5.112361160826874,10.039131566765992,0.308672841025774
2996,3480,4.468608857986576,10.716828860547867,0.3957252687798644
2997,3481,4.596786361088439,10.455759115573413,0.37839226231255746
2998,3483,1.2635259070801306,8.43976421894794,0.8291377021003037
2999,3484,1.0966766674183308,8.300007012354058,0.8517001555741004
3000,3485,3.3018563779429426,11.924022222032633,0.5535012262836642
3001,3486,4.92828108771795,10.508431140622978,0.33356536132368997
3002,3487,5.569255804226064,8.924756465445899,0.24688853709357378
3003,3488,5.10505878609219,9.95680925146094,0.3096603162491164
3004,3489,1.2035077585634468,8.150191917153753,0.8372537515724856
3005,3490,4.708071700346599,10.241156293101222,0.36334352553426946
3006,3492,5.609922377510087,8.790396147784845,0.24138933512226507
3007,3493,3.2140774276948774,10.734191859854121,0.565371274268091
3008,3496,3.306589025236584,11.79039214280913,0.5528612465355567
3009,3497,1.848132995501481,7.916136814439231,0.7500832799183704
3010,3498,3.829580324797706,10.94414389481144,0.48213891727911773
3011,3499,2.225041727481332,9.077069002274676,0.6991151979157162
3012,3500,0.8113495661624577,8.882929073678293,0.890283966084403
3013,3502,4.356746158220478,10.598175978198025,0.41085208004997725
3014,3503,2.590973813467402,9.653518544621678,0.649631450304007
3015,3504,4.243570669932291,10.135291725947997,0.42615641523335823
3016,3505,5.083222695627408,9.974866022953902,0.3126131362689133
3017,3506,5.0131414310612845,9.829240451197299,0.3220899865941715
3018,3507,1.6966696804408636,8.482131711516603,0.7705651472973838
3019,3508,1.2896413879438748,7.279992250965984,0.8256061947159823
3020,3509,4.889950806551388,10.003445896821479,0.33874863448220777
3021,3510,4.197660086138942,10.622965224635264,0.43236474685591725
3022,3511,5.4172767180932375,9.189129502009976,0.2674401504351305
3023,3512,2.3992943156738997,9.87776788990032,0.6755516148766045
3024,3513,2.0473303706639268,8.562115613152834,0.7231464984363862
3025,3514,4.568911853922152,10.61360810398319,0.3821616368228589
3026,3515,2.863633133179138,10.205757128421759,0.6127606606758204
3027,3517,5.098861639818766,9.614660046604802,0.31049833519812603
3028,3519,4.780055280696876,10.238247924871743,0.3536094315352646
3029,3520,4.189700711789059,10.582799655795437,0.4334410658958708
3030,3521,4.375755935123588,10.562714299299437,0.4082814527711652
3031,3522,4.674070064590383,10.823184404127616,0.36794145074110657
3032,3523,4.658876799795948,10.56959290727169,0.3699959841074819
3033,3524,4.1289887974757695,10.619107594362788,0.4416509309499478
3034,3525,5.5471130092434695,9.332519121643191,0.24988283171899292
3035,3526,0.9334814733112834,7.2225855688947815,0.8737684849332933
3036,3527,5.088173584469838,10.015121364340555,0.3119436444606936
3037,3528,5.020163310424798,10.244157584423808,0.3211404418029634
3038,3530,4.917576413753771,9.467047429693075,0.3350129178649036
3039,3531,5.338837542315426,9.550440646293868,0.27804721258055676
3040,3532,4.9495473071361324,9.974408312661122,0.3306896030214114
3041,3533,4.4679840728970746,10.45642248897735,0.39580975633606524
3042,3534,2.6050380656377823,10.23874705889131,0.6477295894631596
3043,3535,4.3043077493354716,10.763222212000766,0.4179431471900259
3044,3536,4.641068401329807,10.243018507903384,0.3724041530787614
3045,3537,5.091577106421077,9.960308689184705,0.31148339779833223
3046,3538,2.339828657365548,9.248346784373787,0.6835929529827324
3047,3539,4.677327423838856,9.788617910156333,0.3675009691624067
3048,3540,4.445660274329194,10.272604639848335,0.39882852745882946
3049,3541,4.680631756143969,10.229524060488608,0.36705413557750577
3050,3542,5.12191255320911,9.690243178062833,0.3073812388184701
3051,3544,4.7756528474942845,10.063918440912952,0.3542047575583637
3052,3545,4.010177492569235,11.552921568972812,0.4577173783880569
3053,3546,3.7642828543132203,10.930203211787365,0.4909688714506148
3054,3547,4.4293971433165815,9.980200494958385,0.4010277351840436
3055,3549,5.890090792965284,8.059751492298192,0.20350311609394725
3056,3550,2.0778135583984483,9.05247846636868,0.7190243609523481
3057,3551,2.2996467956135906,9.151091079014863,0.6890266090671516
3058,3552,4.89715756886287,10.094950956225368,0.3377740886006736
3059,3553,1.1310617574173936,9.072333047226394,0.8470503771581561
3060,3554,3.9557550054398174,10.456121850917324,0.46507674566042034
3061,3555,5.233026400507278,9.763309259313163,0.2923556923128875
3062,3556,5.35212078767989,9.378748678105186,0.276250964625671
3063,3557,5.008394713726947,9.915820696189872,0.32273186898588235
3064,3558,4.884982266751549,10.14952681370908,0.33942051316918176
3065,3559,4.892110580752352,10.393891704133246,0.3384565755850745
3066,3560,5.980976054246803,7.940854809340577,0.19121301226563717
3067,3561,4.604964018249985,10.482406949154946,0.3772864256326538
3068,3562,5.608410831521349,9.164305981783892,0.24159373632968767
3069,3563,5.193348317957508,9.13058894606249,0.2977212240544362
3070,3564,2.849089802581685,9.226943533537126,0.6147273056579863
3071,3565,2.412143673553456,9.412944285878384,0.673814040046097
3072,3566,3.160624761501585,10.798843713342128,0.5725994959638034
3073,3568,4.8320379110807785,9.965859276232305,0.34657999776703335
3074,3569,4.387627178564364,10.809817046570451,0.40667614501937954
3075,3570,4.848838149100427,10.291035185517439,0.34430815889359667
3076,3571,4.081879334089286,10.912794375237427,0.4480213829699124
3077,3572,5.696131193875342,8.70844291697957,0.22973161098630385
3078,3573,5.590395090180688,8.756154363946916,0.24402994357053903
3079,3574,3.3363635849127107,10.84280952341813,0.548834934406373
3080,3575,1.2981173569181705,8.10348012530591,0.8244600183473304
3081,3576,5.355776735825076,8.70929944678506,0.27575658323025337
3082,3578,5.8558758197813505,7.331787495748685,0.20812989019333475
3083,3579,6.0520978738248985,7.741702065354447,0.18159545123596021
3084,3582,3.413427459620382,10.544751628628202,0.5384138495328263
3085,3583,4.972084330999364,10.079764269878968,0.32764199816937434
3086,3584,5.686249343411021,9.016155563689143,0.2310678999126915
3087,3585,3.812596193378137,10.933716354989834,0.4844356234296739
3088,3587,0.8414988179001766,7.528427531113625,0.8862069856259909
3089,3588,4.844004492358299,9.746922685552246,0.3449617978048295
3090,3589,4.122621188027658,11.435800340614048,0.44251200105253585
3091,3590,5.465383961008362,8.91457687462207,0.2609347720934296
3092,3591,3.4196216661886742,10.241021148441924,0.5375762281101129
3093,3593,1.0469454210843971,7.785040354808996,0.8584251423578443
3094,3594,6.757083724685888,4.121415160591396,0.08626261968109274
3095,3596,4.734076653113924,10.30940877600683,0.35982696448736057
3096,3597,3.1677532163992304,11.690365173429656,0.5716355393266968
3097,3598,4.778674699465313,10.268092821561616,0.3537961228253603
3098,3599,5.506576141997487,9.203658206663896,0.25536449398526917
3099,3600,5.029131406238729,10.157395500893424,0.31992771680067683
3100,3601,3.106961418522255,11.162746823257162,0.5798562067625684
3101,3602,4.746689662592368,10.327255654052777,0.35812135024483366
3102,3603,1.9078728536631329,8.005082843757657,0.7420048627015129
3103,3604,4.831584182393279,10.265391675273559,0.3466413539495499
3104,3606,1.349916783488565,8.597919430598312,0.8174553586058005
3105,3607,2.1738321768761493,9.442162512882714,0.7060400907428306
3106,3608,4.702538267007634,10.210653744120098,0.3640917928474068
3107,3609,5.190476097851534,9.59234016045431,0.2981096245807969
3108,3610,5.922246642709293,8.4154433081216,0.19915479023264754
3109,3611,4.827622899862363,10.482984723602055,0.34717702467230244
3110,3612,4.9699869360917255,10.248543616674695,0.32792562172747797
3111,3613,3.768967500304874,10.748975323618676,0.4903353827548189
3112,3614,5.091999527734686,10.07586849853095,0.31142627520518196
3113,3615,4.709521039853561,10.243739535632368,0.36314753629716023
3114,3616,6.569951450694404,5.350934750730875,0.11156787869178335
3115,3618,3.7490365309659195,10.874689812609176,0.49303057974408504
3116,3619,4.317172131211386,10.812839033242486,0.4162035407157452
3117,3621,2.5259234799643884,9.55194695183597,0.6584279849846066
3118,3622,3.742257520936864,10.115513468020124,0.49394728214374234
3119,3623,4.540785212862991,10.780906087170651,0.3859651065393397
3120,3624,5.924655656997284,7.942205193260451,0.19882902744882744
3121,3625,4.959122200320778,10.038402215913512,0.32939482288077043
3122,3626,5.23336116128514,9.884055282826274,0.2923104237549325
3123,3627,5.653624976150455,9.087222404811964,0.2354795817994091
3124,3628,3.8896513572940217,10.300101320239301,0.47401571648678376
3125,3629,1.6829491802465404,9.516988072099757,0.7724205237312178
3126,3630,1.8681068614512817,7.5551784406625915,0.7473822821667612
3127,3632,5.173438614889898,9.848535733849724,0.3004135452783782
3128,3633,4.4303996951160896,10.330680727790343,0.40089216352439855
3129,3634,4.334280235750644,10.366928876227707,0.4138900701031475
3130,3635,0.0,4.126209782269236,1.0
3131,3636,5.018464199304972,10.04937126824273,0.3213702068031851
3132,3637,1.9769693041366603,10.128698173218105,0.7326611854263062
3133,3638,6.775354577773479,3.7472474063252337,0.08379191454901698
3134,3639,0.6930729781811484,8.682489558512051,0.9062781055768989
3135,3640,3.4542585652061657,11.915702632619737,0.5328923984196521
3136,3641,5.158974652444856,10.297657350061563,0.30236945757605777
3137,3642,5.24236433328535,9.600704009959612,0.29109295551963776
3138,3643,3.0115805532713376,11.849400212989185,0.5927542357789213
3139,3644,5.045608999940666,10.041352195596026,0.3176995080176242
3140,3645,4.3149783033029365,11.113568963389234,0.41650020457956766
3141,3646,4.379614655769502,10.570609096890305,0.4077596511422319
3142,3647,5.2919524763422015,9.688824208873854,0.2843873201038574
3143,3648,5.876939127382354,8.408262979029027,0.20528157096386027
3144,3649,5.0309218695634605,10.09869625477187,0.31968559855343354
3145,3651,3.9407740450043462,10.693557139759358,0.4671025698326086
3146,3652,2.3521161865095124,9.207207988949033,0.681931352335462
3147,3653,4.179216683695639,11.011520773370194,0.43485878524871435
3148,3654,3.1759485967971246,11.894228150941867,0.5705273059940046
3149,3656,4.386806421137621,10.026333866216525,0.40678713324618665
3150,3657,2.435398138391268,10.75753552332301,0.6706694180986151
3151,3658,4.623059740543928,10.406810905626859,0.37483940284034495
3152,3659,4.74349187165334,10.193453967314976,0.35855377660426435
3153,3661,5.014615754070144,9.709700048921551,0.3218906189233318
3154,3662,3.4812728069555035,11.182495200219332,0.5292393546668919
3155,3663,4.71891315856344,10.230954679723315,0.3618774721252074
3156,3665,5.966429283297288,7.9112829972518846,0.19318012247487568
3157,3666,2.964910546593245,10.460372762076341,0.5990652615674154
3158,3667,1.1889028811061582,7.445636804248523,0.8392287193265402
3159,3668,0.9053780660569302,8.72530011142792,0.8775688128216118
3160,3669,5.637792002442554,8.724435966238808,0.23762062081978744
3161,3670,3.2653033761358907,9.876910302045056,0.5584441640175785
3162,3671,1.930253674281743,8.008946996474265,0.7389783806813589
3163,3672,1.784452614777323,9.950425889105937,0.7586945605582751
3164,3673,5.3714262258340275,9.269948386249826,0.27364035608452997
3165,3674,5.328284335739715,9.771299848134337,0.27947428670355834
3166,3675,4.421563131648956,11.067590249744132,0.40208710185614993
3167,3676,6.656117290865804,5.246927706818435,0.09991596607990388
3168,3677,3.7792955393242345,11.522842884301284,0.4889387572723041
3169,3678,4.072443918606924,10.484814708857112,0.4492973020167013
3170,3680,1.6477996117484435,8.665123539176395,0.7771736799665706
3171,3681,4.866455316132305,10.188887725953052,0.34192584949678695
3172,3682,4.908936674408651,10.089843601224068,0.33618124034209995
3173,3683,4.091423467873905,10.78651814302065,0.44673076231800146
3174,3684,4.569736989784901,10.564845797773454,0.3820500565150878
3175,3685,4.464624737979505,10.670672605884722,0.39626402773660746
3176,3686,5.532077696600696,9.060639175719599,0.25191600575475226
3177,3688,4.524018042299133,10.265636401261828,0.3882324738135393
3178,3689,4.753320945753947,10.702819316755118,0.35722462444549546
3179,3690,4.58476589571527,10.861776052905045,0.3800177488371904
3180,3691,5.813410537423101,8.244491309311037,0.21387232545646057
3181,3693,2.597329413638302,8.674961107250827,0.6487720041750066
3182,3694,2.373128397507542,10.211982712666554,0.6790899427252917
3183,3695,5.292865905277679,9.61899456516476,0.28426380022507275
3184,3697,4.937771299476059,10.183975839015135,0.33228203236346926
3185,3698,4.396044419383665,11.27126902609002,0.4055379102587766
3186,3699,4.264243877521179,11.054399432985193,0.42336084789769707
3187,3700,4.658351378214884,10.00414548242645,0.37006703507541505
3188,3701,5.6969631901631,8.576441204700934,0.22961910296666313
3189,3702,1.5282215102637626,8.506661022066545,0.7933438186900181
3190,3703,5.438201646440463,9.078681677312886,0.26461054376006393
3191,3704,1.805836034093027,9.457271112490721,0.7558029537136818
3192,3705,5.563228586525074,8.453236850297419,0.2477035771814439
3193,3706,2.3913553005744745,10.055892474146523,0.6766251808045742
3194,3708,3.5534865457818006,10.935377260878015,0.5194741371223598
3195,3709,2.881707245633889,8.805340576133116,0.6103165601083436
3196,3710,5.733000183523207,8.679630494437431,0.22474594329466796
3197,3711,4.560204638697812,10.523680823430421,0.38333908383300846
3198,3712,5.3229559952965015,9.471525102529384,0.2801948200040771
3199,3713,0.9708423932507256,8.762995637392205,0.868716295186546
3200,3714,4.72442103319028,10.246553402950141,0.36113266102951713
3201,3715,3.452472190322427,10.984700794627685,0.5331339638009677
3202,3718,5.811160204855348,8.121165506982443,0.21417663025259515
3203,3719,1.6996931858311393,7.729632513101668,0.7701562889781361
3204,3720,4.898087438444058,10.43634073222558,0.3376483455094567
3205,3721,5.239414201737667,9.869835864111174,0.29149189174446627
3206,3722,2.096391402660169,8.973439218290707,0.7165121424510943
3207,3723,1.7963347657557858,8.31840188603336,0.7570877778173791
3208,3724,0.21014469453175144,8.370815023598553,0.9715828498664509
3209,3725,1.8254244459031916,8.994217954204057,0.7531540796103999
3210,3726,4.755071159347291,10.289677752711789,0.35698794903211584
3211,3727,1.8590903941806023,9.70528002900991,0.7486015482761248
3212,3728,4.565123240127532,10.251301722549206,0.38267395814146105
3213,3729,4.9667331680350575,9.864765981413683,0.3283656176815615
3214,3730,3.8984857451870623,10.878405779246886,0.47282107235049503
3215,3731,5.473989885426592,9.347741561530142,0.25977102229343707
3216,3732,4.33084250857018,10.747187482286275,0.41435494222196584
3217,3733,5.033192357777119,10.104023108101913,0.3193785681780641
3218,3734,4.394760448088995,10.47922175300584,0.4057115373166908
3219,3736,4.934693749303374,10.27408468483173,0.3326981989742684
3220,3737,1.036298187239466,7.3132173934950195,0.8598649314676887
3221,3738,4.188390083228668,10.870912242293347,0.43361829772488725
3222,3739,4.347598702215739,10.97614055275999,0.41208905931898
3223,3740,1.6966696788381894,8.61802922397139,0.770565147514108
3224,3742,5.230377637080552,9.349926825530552,0.29271387555483536
3225,3744,1.8452473480947769,8.518922724961026,0.7504734961728018
3226,3745,4.283522211821988,10.427575427375274,0.4207539045181769
3227,3746,0.15629277800256217,7.230416472563914,0.9788650608230454
3228,3747,5.510424233920048,9.21085306220916,0.2548441296423349
3229,3748,4.822797318308346,10.996959272048764,0.3478295716033955
3230,3749,4.209627787613787,10.769603545049836,0.4307463954132508
3231,3750,1.3660035984240468,8.292083201120914,0.815279993502195
3232,3751,4.096898122492258,11.220863821304974,0.445990443450729
3233,3752,4.919828769926648,10.401943911662267,0.33470833942355166
3234,3753,5.176500600861139,9.88540739549024,0.29999948336144294
3235,3754,4.132302608470137,10.93243421931709,0.4412028155942356
3236,3755,0.5544347324333392,5.950584280599924,0.9250256825854257
3237,3756,4.801137853046869,10.240737467331012,0.35075850719950585
3238,3757,2.158562692404332,9.297340443973837,0.708104931036155
3239,3758,4.206086977298073,10.69110368569758,0.43122520711278134
3240,3759,4.933078169100565,10.108168243442826,0.33291666837354744
3241,3760,3.7067338982972298,11.070181575112258,0.4987510204445706
3242,3761,3.1295123530774127,10.151227258096858,0.5768067208151184
3243,3762,4.6792270473092605,10.312512941382476,0.36724408956106347
3244,3763,3.9648716284045857,11.178252725620027,0.463843935838226
3245,3764,5.242516779871542,9.972661165132028,0.2910723406878581
3246,3765,4.191332221107187,10.892848318509294,0.4332204424566694
3247,3766,2.0801441559563854,8.92024850462058,0.7187092021954147
3248,3767,4.545502052927615,10.213914308783195,0.3853272643488859
3249,3768,4.659870349156785,10.969173193712166,0.36986162981690646
3250,3770,5.116427273656176,9.826607741999167,0.308122994459399
3251,3771,5.115927196029968,9.920915157885752,0.30819061825077776
3252,3772,5.031077885654154,10.169274739545768,0.3196645010297374
3253,3773,6.582486189538161,4.260983794935158,0.10987284872016521
3254,3774,5.0770753351576765,10.073852597370907,0.3134444228535338
3255,3775,2.7992001737331025,10.444808454018009,0.6214737099688646
3256,3776,2.7871969795161498,9.242597293828048,0.6230968609739629
3257,3777,5.0314301903217835,10.089385283393746,0.31961686007142026
3258,3778,5.257054249402926,9.762771049636871,0.28910648827766167
3259,3779,4.047780596641584,10.664887164176886,0.45263243890722715
3260,3780,5.079250005786713,9.253310840516319,0.3131503495632513
3261,3782,3.585882233724407,9.358081653258523,0.515093378759671
3262,3783,5.91241255403526,7.4756072765197885,0.20048462049507376
3263,3784,4.840297784289068,9.89825303607319,0.34546304329160843
3264,3785,4.902911864887182,10.117013549372986,0.33699595478006905
3265,3786,2.328274204270226,8.290727765557692,0.6851554222568315
3266,3788,2.041801129981427,9.056755645642374,0.723894198790893
3267,3790,1.1807157538110657,9.06007146451396,0.8403358366202959
3268,3791,5.487269319452819,9.26728417572074,0.2579752897328187
3269,3792,1.5376144353548793,8.34893181337083,0.7920736454738816
3270,3793,5.848782693971787,8.74796455143947,0.20908906939838517
3271,3795,5.37971142382445,9.471287612402314,0.2725199770252127
3272,3796,1.297186772355377,7.990361488604881,0.8245858581230706
3273,3797,1.8688756818556969,10.325166669388986,0.7472783172063007
3274,3798,3.2415167825516304,9.854442252431538,0.561660743920087
3275,3799,6.558781529872641,5.823837948168261,0.11307834897835986
3276,3800,4.843951245493109,9.268059803477069,0.34496899819675764
3277,3801,2.652211159111697,9.59903279776342,0.6413505329635455
3278,3802,4.768179564710956,10.341095451740014,0.355215344094072
3279,3803,5.642733238444424,9.004129081239876,0.23695243433226598
3280,3804,4.6030892145279525,10.165033921890114,0.3775399489440972
3281,3805,4.917307418959077,10.301381308507562,0.33504929311331516
3282,3806,5.633674722624333,8.579293211414114,0.23817738652351803
3283,3807,5.599621359369704,9.12211466560553,0.2427823066634974
3284,3809,4.595784551701325,10.119685228087892,0.37852773357830727
3285,3811,4.95958626138636,10.345217669602555,0.3293320694860147
3286,3812,1.985606563147151,8.515340476638265,0.7314931983563001
3287,3813,4.029959726198142,10.223008844699963,0.45504229442144895
3288,3814,4.896070998265369,10.182004777150606,0.33792102183574135
3289,3815,5.179740199678301,9.472676377085943,0.2995614034652796
3290,3816,4.63783428575144,10.42954816518509,0.3728414914952487
3291,3817,1.415953211180829,7.172095782368461,0.8085254777720459
3292,3818,4.688822741811437,10.0719532002922,0.36594649652921646
3293,3819,3.6923681599232516,10.51186504101343,0.5006936502362113
3294,3820,4.216065024750103,10.336311091184509,0.4298759097959215
3295,3821,4.635856579050966,10.664282881254454,0.37310893002541345
3296,3822,5.02167046214934,9.945722120201378,0.32093663481689705
3297,3823,5.231790650761697,9.645203352042422,0.2925227985352259
3298,3824,1.932940532343743,8.106972227720929,0.7386150460318427
3299,3825,5.561581135668696,9.179053469951658,0.24792635634047838
3300,3826,4.735972093597322,10.466421782976582,0.35957065053708
3301,3827,4.319257147697851,10.592455816629327,0.4159215910493079
3302,3828,5.0743691499041885,9.759692056658132,0.3138103710532203
3303,3829,0.548991907096836,8.680601912399645,0.9257616972874991
3304,3830,3.00258601411652,9.275584875417143,0.5939705366239846
3305,3831,6.173233399321836,6.852499269865348,0.16521470737648244
3306,3832,5.7644464324041245,8.516097950280127,0.22049357433728292
3307,3833,1.0749752937744925,8.157758432668299,0.8546347582977871
3308,3834,3.6209544511424547,10.904672482969952,0.5103506824469904
3309,3835,4.066990265189407,10.866097660337003,0.4500347809632302
3310,3837,6.259768783558524,5.14219432524176,0.15351282258135251
3311,3839,4.232191620907917,10.568125582875005,0.4276951652133335
3312,3842,6.446753310873894,5.7845684491619185,0.12822754284963547
3313,3843,2.8258594101744166,10.511452300777574,0.6178686723728088
3314,3845,5.497335918158971,9.324953152187842,0.25661401793195643
3315,3847,4.8718134670752145,10.181427726100969,0.34120128502409286
3316,3848,5.3708899429319015,9.53756509171562,0.273712875791857
3317,3849,4.856546788859353,9.869180846101889,0.343265745836998
3318,3850,4.947531103565557,10.083313094014587,0.3309622473519881
3319,3851,4.962829284125772,10.920901086327465,0.3288935265845262
3320,3852,5.121284343695763,9.941113057452398,0.30746618944782517
3321,3853,5.3521544734974125,9.47580110076603,0.27624640940748657
3322,3855,3.9969934300930476,10.498016933173627,0.459500214179323
3323,3856,4.794237564327173,9.863689147739846,0.3516916097027566
3324,3857,4.590517872462854,10.720690052730205,0.3792399286444656
3325,3858,4.443111128383945,10.27448058131931,0.3991732397686019
3326,3859,4.618890650017953,10.155653174340063,0.37540317472933304
3327,3860,5.13112964923968,10.17521097997642,0.3061348423663508
3328,3861,6.580950010127799,5.273431826848345,0.11008058102115711
3329,3862,1.3951966334253298,8.501044674737493,0.8113323189709207
3330,3863,5.5871686958617595,8.90532022523509,0.24446623786745342
3331,3864,3.9274589276187366,10.923654695334676,0.46890312773218257
3332,3865,2.0304702485610786,9.737778679543247,0.7254264352300996
3333,3866,5.058196033305995,10.090241253347724,0.3159974064362564
3334,3867,4.473381642593094,10.329562174653248,0.39507986139986495
3335,3868,5.5673423205315595,8.994028493809665,0.24714729096573781
3336,3869,4.402890962289811,10.572867505445913,0.4046120756185387
3337,3870,4.501682516420953,10.757450091880465,0.39125283078046774
3338,3872,4.999860709954118,10.111607463758109,0.3238858932023544
3339,3873,2.3658358636884014,9.005581283242776,0.6800760871951973
3340,3874,5.171591775252782,9.649962215806212,0.3006632871020176
3341,3875,4.614920572618267,10.231462890735486,0.3759400347521857
3342,3876,3.9249068119402235,11.247872896374103,0.4692482416288531
3343,3877,5.258635525810169,9.689909794987413,0.2888926576636298
3344,3878,4.831417141993921,10.217768090639835,0.3466639422528973
3345,3879,5.707338765449908,8.699837116708206,0.22821604931687126
3346,3880,4.754047527946801,10.36329871816475,0.3571263712142887
3347,3882,4.231774876955832,10.435685678311863,0.4277515200762533
3348,3883,4.923411212248432,9.945183667679878,0.3342238979698678
3349,3884,3.9318387489504234,11.258397235391326,0.4683108594352456
3350,3885,1.319868089572414,8.144456652425802,0.8215187409730547
3351,3886,4.97499696672215,9.767838487028452,0.3272481323770297
3352,3888,4.260977903930204,10.628265845222929,0.42380249436454576
3353,3889,4.533901082618689,10.413822071077,0.38689602398708745
3354,3890,4.4239691428845,10.857513472482651,0.4017617451648672
3355,3891,4.812140196927334,10.228179770402765,0.34927069777101294
3356,3892,4.9740365172647705,9.87326984750064,0.3273780106805808
3357,3893,4.158566762630153,11.049502207288114,0.43765120362725773
3358,3894,4.067062031588514,10.92379018127974,0.4500250762379098
3359,3895,4.615344023136302,10.14286335613449,0.37588277298323197
3360,3896,4.642288501499635,10.496254068641843,0.3722391630951636
3361,3897,3.728850483735442,10.417297064513605,0.4957602700464244
3362,3899,3.2887333267754357,10.288262147944264,0.5552758117237974
3363,3901,4.396924514639478,10.217524731755447,0.40541889797977537
3364,3902,5.151220370313107,7.995865316270487,0.3034180426950246
3365,3903,2.9033109894965117,9.566612851671145,0.6073951595269068
3366,3904,4.004429124989126,10.590066771035024,0.45849471052537666
3367,3905,4.658361591179833,9.917318828580417,0.37006565401100644
3368,3906,3.2905909739100334,10.865603133752401,0.5550246084391433
3369,3907,4.531243884615179,10.435560828571393,0.38725534780807924
3370,3908,0.0,5.0620047959175345,1.0
3371,3910,3.9206535144374017,10.994255916755385,0.4698234005400483
3372,3911,5.049475979414336,9.831749089056018,0.3171765895755885
3373,3912,3.933684610462534,11.04375695776956,0.46806124988011377
3374,3913,6.029900901154183,7.699331315389303,0.18459707212531704
3375,3914,5.5907966331744605,9.112825591422727,0.24397564428135385
3376,3915,2.3874127283899678,9.182659655303226,0.6771583213910121
3377,3916,3.1814503308903976,11.933286240921115,0.5697833252617203
3378,3917,0.5448405184236905,8.052733005866216,0.9263230754153189
3379,3919,4.199802200929269,11.017902163697837,0.4320750759806394
3380,3920,5.022990101752126,9.927996042931857,0.3207581844553588
3381,3921,4.9468247027818615,10.324762731763055,0.3310577715200831
3382,3922,4.5500239073187165,10.508716907753918,0.38471578940586965
3383,3923,4.481139375137261,10.51093768251727,0.39403080969339804
3384,3924,1.7074754577904472,8.16635860027863,0.7691039188902759
3385,3925,2.56841358376862,9.491644476888837,0.6526821932020189
3386,3926,4.65684896883902,10.214161582994935,0.3702702007698482
3387,3927,5.1512454395361305,9.85159831131353,0.30341465266951867
3388,3928,0.6834607666113081,6.468668368961772,0.9075779321554581
3389,3929,3.1122560475444097,10.907787054518487,0.5791402321425132
3390,3930,5.337428899838432,9.363316955069878,0.27823769849714114
3391,3931,4.38962785000729,10.22351867647334,0.40640560104543716
3392,3932,3.0468474950500766,10.185693590641945,0.5879852075552459
3393,3933,0.8714483574808325,8.69330469427797,0.882157011561261
3394,3935,4.041936405639488,11.078671808966453,0.4534227289190009
3395,3936,2.481455216854374,8.719450568059262,0.664441276501631
3396,3937,4.728222556110698,10.500313735607842,0.36061859405387287
3397,3938,4.852509812647707,10.31584270036328,0.3438116523579669
3398,3939,6.0708399902111845,7.598644525730991,0.17906101877571523
3399,3940,2.8254642855658094,9.553957260433908,0.6179221037256645
3400,3941,2.9194276418843588,11.074980812236008,0.6052157596064084
3401,3942,6.695999948162343,4.689173546195338,0.09452277039325581
3402,3944,5.378842857459389,9.348988154418976,0.2726374302916483
3403,3945,5.301750925442821,9.79589120060032,0.2830623092593596
3404,3946,5.0725267743066595,10.088920907665509,0.31405950922001546
3405,3947,3.901529898158195,11.01332763154811,0.4724094219293273
3406,3948,3.7499190561420015,10.913750411976023,0.4929112388752554
3407,3949,6.792437157315855,3.9582617135830827,0.08148189559466908
3408,3950,1.8346024896510293,9.524395895551447,0.7519129640652479
3409,3951,2.776454223174013,11.134296600269934,0.6245495672652298
3410,3952,0.8910684033580482,7.8921948808159375,0.8795038596910114
3411,3953,1.3027922639340517,6.261120084023842,0.8238278466200037
3412,3954,5.191427638264585,9.907464859994734,0.29798095101691724
3413,3955,5.019130870218559,9.623457356992645,0.32128005516988656
3414,3956,4.59486110664713,10.589351196422527,0.37865260790265604
3415,3957,1.4925070859978176,8.592536043000894,0.7981733584438532
3416,3958,4.045296404874828,10.792353642187582,0.45296836768503285
3417,3959,1.7066874147736506,7.544103141601555,0.7692104832590309
3418,3960,3.714123360604578,9.976210307093815,0.49775176866587584
3419,3961,4.718536816904048,10.501007879400007,0.3619283635239186
3420,3962,1.8769618071131082,9.058927171936045,0.7461848580735323
3421,3964,4.562492565872826,9.977301344225863,0.3830296952463878
3422,3965,4.019500153143112,10.421523064174362,0.4564567068028793
3423,3966,1.938009443375444,8.820112702842124,0.7379295944856001
3424,3967,5.229202704702436,9.68762638143667,0.2928727576520498
3425,3969,5.190706397319146,9.82534661524879,0.2980784819694577
3426,3970,4.260104997061564,10.88928242880662,0.4239205345824728
3427,3971,5.715978333242471,8.196609007665042,0.22704775003814198
3428,3972,4.040933684154428,10.933807882397016,0.45355832352464426
3429,3973,6.305023347553677,5.808478694533835,0.14739320227809405
3430,3975,5.588701438922157,9.113508515218442,0.2442589702523441
3431,3976,4.296338225921647,10.202965565672509,0.4190208386532727
3432,3977,4.707945603481387,9.561028137778724,0.36336057718317294
3433,3978,3.1327427131731045,9.79875642812415,0.5763698902397415
3434,3979,3.0742727238498615,10.989297035393378,0.5842765874257349
3435,3980,5.862324298875721,8.559966572923363,0.20725788436436968
3436,3981,4.1830153142839395,11.221150816207416,0.4343451093932751
3437,3982,3.012901418565148,10.40975991365557,0.5925756196713672
3438,3983,4.608334434429952,9.664983483749406,0.3768306557508014
3439,3986,5.280332011588579,9.691067240315306,0.28595871590931005
3440,3987,5.137457322705238,9.889152524747626,0.305279172670442
3441,3988,5.479144304567667,9.3734452651249,0.2590740077772746
3442,3990,3.7601797373661983,10.852397215704755,0.49152372195758975
3443,3991,1.8326209307122805,8.379805628319998,0.7521809235204526
3444,3993,4.364003044636337,10.485817698002409,0.4098707560568064
3445,3995,5.582233792399466,8.942407128171878,0.24513356802725142
3446,3996,5.102131836940319,10.076094826832435,0.3100561175976459
3447,3997,2.4985579814403156,9.734082965314238,0.6621285279927029
3448,3999,6.558632739787306,5.060822875788835,0.1130984693540027
3449,4001,5.060470679376369,10.078852968297713,0.31568981380810784
3450,4002,0.34545769846249874,8.237431731937058,0.9532849339647931
3451,4004,3.343915234769533,9.531633642343529,0.5478137505586652
3452,4005,2.0008444788102873,8.845266844843033,0.7294326270052767
3453,4007,6.629426851427876,5.226529369171532,0.10352522315074278
3454,4008,6.435532971011289,5.545378913014368,0.12974483113110052
3455,4009,2.4741748031678252,10.131614177892416,0.665425782007354
3456,4010,6.257861763711921,6.681778595028973,0.15377070236941626
3457,4011,5.536795451477753,9.327228317366172,0.2512780398573342
3458,4012,1.5723923379243347,9.223141622001867,0.7873707483541218
3459,4013,5.118930015772663,9.805580545339007,0.3077845571810835
3460,4014,4.743026786802594,10.304174256849283,0.35861666844199525
3461,4015,3.74408610107898,10.405994676303306,0.4937000094893195
3462,4016,4.578603071193873,10.426995160603052,0.380851126572762
3463,4017,5.181543820173754,9.681923086603842,0.29931750601872525
3464,4018,5.45994436736062,9.42018362421909,0.26167034978525666
3465,4019,4.404011644118974,10.394902530902769,0.40446052963798357
3466,4020,5.451434130531095,9.274438931053352,0.2628211600790666
3467,4021,2.457437707129791,8.91499472497032,0.6676890824060256
3468,4022,1.489551180774265,8.242666013396803,0.7985730754231726
3469,4023,2.0532763654449604,8.613172975819738,0.72234244184689
3470,4024,5.2557659770269325,9.404439100561849,0.28928069695613
3471,4025,4.838506328836617,10.157439908741669,0.3457052957008986
3472,4026,3.6885578110232107,11.03013913420793,0.5012089107189703
3473,4027,4.566593599122758,10.829179454174277,0.38247512651066184
3474,4028,5.118832520672368,9.940105801817934,0.3077977411108922
3475,4029,1.21270458780227,7.606160814011254,0.8360100957294743
3476,4030,4.287033310781119,10.687167820176578,0.4202791105840369
3477,4031,5.174484792423415,9.40533695612707,0.3002720742595521
3478,4032,3.3348551025891835,10.489122559765221,0.5490389213248007
3479,4033,0.202498078472107,6.617879887242264,0.9726168756697895
3480,4035,5.373133161777963,9.619837024786095,0.27340953296003834
3481,4037,3.3064608361396717,10.819785177045958,0.5528785811098155
3482,4038,5.740050744914828,8.433215071431658,0.2237925199306476
3483,4039,4.836415950051071,10.226283742399723,0.34598797049274715
3484,4040,4.030198123489046,10.642064590266537,0.4550100567690916
3485,4041,4.937940499725361,10.378602470057352,0.33225915199098227
3486,4042,5.209259579180136,9.768088698060359,0.2955695984805189
3487,4043,4.497305184540427,10.469495868851903,0.39184476243741695
3488,4044,2.5687180023998657,8.5585430303265,0.6526410277090389
3489,4047,2.8037074524548498,9.019149283167852,0.6208642060438903
3490,4049,4.229564140407043,10.886663919163398,0.42805047043782507
3491,4050,5.206086007763579,9.734289305182834,0.29599874971655077
3492,4051,2.5749516179272183,9.515874820856002,0.6517980771472351
3493,4052,4.322083554092863,10.92552395165212,0.4155393857547871
3494,4053,6.180851764578386,6.557179997292123,0.1641845018328688
3495,4054,0.809951960956349,7.961296358046107,0.8904729594684991
3496,4055,4.215293506115341,10.692201248878817,0.42998023962886694
3497,4056,4.697287504042357,10.229467941535818,0.36480183561023943
3498,4057,5.51417356733828,8.97525778536248,0.25433712007502685
3499,4058,4.224073220975464,10.693678969333458,0.4287929887403027
3500,4059,4.627796331545587,10.007365481756548,0.3741988897980563
3501,4060,6.028985084167081,8.086304563864937,0.184720914932176
3502,4061,4.562016881344549,10.581767199689743,0.38309402044235036
3503,4062,1.4307319872854145,8.261772228818058,0.8065269942971721
3504,4063,0.0,4.71006453891186,1.0
3505,4064,5.75726712867066,8.637618296695909,0.22146440708898674
3506,4067,4.081146555068255,10.889981660573975,0.44812047417705303
3507,4068,3.0015232415272273,10.762729988970852,0.5941142517355892
3508,4069,5.465591845469218,9.39525724645843,0.2609066605869852
3509,4070,1.1863105067344866,8.884180515533426,0.8395792772689442
3510,4071,4.096984118292017,10.770933691736428,0.445978814532102
3511,4072,5.011600703290739,9.817627977958205,0.3222983339543943
3512,4073,4.69450035600785,10.29414770994876,0.36517873213059887
3513,4075,5.2748625322933815,9.561124643440658,0.28669833493528774
3514,4077,1.2099033612870134,8.151332047973856,0.8363888960347567
3515,4078,4.123261892742757,10.471297731192555,0.44242536073967514
3516,4079,4.1661670869122505,10.83227521375625,0.43662343770307266
3517,4081,5.255201664455085,9.40108261575543,0.28935700702007033
3518,4082,1.6961457597980822,8.607509202488519,0.7706359952985534
3519,4083,5.673319202202066,8.732937666154946,0.23281639879724145
3520,4084,5.292951277012064,9.562729216540648,0.2842522556966773
3521,4085,3.6092772404811484,10.680257683575556,0.5119297518079505
3522,4086,4.9018616865986395,10.354952631427176,0.33713796680734864
3523,4087,5.233878755202664,9.775222755782371,0.29224043129523586
3524,4088,5.2809189930256775,9.778960055521823,0.28587934041205654
3525,4089,5.338951259502299,9.193223208684476,0.2780318349933217
3526,4090,4.971828544764619,9.939277096259612,0.32767658726928495
3527,4091,1.8400893111340835,7.43511318470177,0.7511709999143691
3528,4092,3.5345175724475775,11.066075774901734,0.5220392466737526
3529,4093,3.7193784905586007,11.29733266602171,0.497041135370053
3530,4095,5.5569991455463015,8.945708274772969,0.2485459632332846
3531,4096,5.098706397796985,9.745576424717171,0.3105193280471239
3532,4097,5.500185240471557,8.932435160318175,0.25622871379607964
3533,4098,5.22123774533692,9.88382793355681,0.2939498319346141
3534,4099,4.795054942597684,10.238879786605136,0.3515810784277189
3535,4100,3.1252570095401606,10.711305112878327,0.5773821564045697
3536,4102,5.124885419828914,9.818186287856193,0.3069792282073993
3537,4103,4.112951584727389,9.91295094997402,0.44381958851900927
3538,4104,5.103865212345811,10.02437134252384,0.3098217191549661
3539,4105,0.0,7.669305623440577,1.0
3540,4106,2.4811204467858987,9.49697797516075,0.6644865463159237
3541,4107,2.3185801964322543,9.132003541499412,0.6864663098656825
3542,4108,4.842629385794506,10.294300450555749,0.3451477487742794
3543,4110,5.277368798153079,9.659865527029243,0.2863594211531991
3544,4111,1.2247938096676585,7.9924373772761745,0.834375311498961
3545,4113,2.3618389356905825,9.377176464242305,0.6806165781328348
3546,4115,2.4111938951369423,8.603958465556989,0.6739424753411961
3547,4116,0.2597141472977406,7.488546878402733,0.9648797418749421
3548,4117,2.6156558445682876,9.822722096956632,0.6462937834409075
3549,4118,4.42543303926313,10.698257534124735,0.4015637874516631
3550,4119,5.177668885357827,9.80330984471783,0.2998415002345549
3551,4120,5.690856795729644,8.61390493798716,0.23044484985395347
3552,4121,0.8691805825861963,8.586265181647178,0.8824636750237556
3553,4122,3.705010338678425,10.517669360357804,0.4989840915319032
3554,4123,5.100722111175369,9.760308890697821,0.310246750003565
3555,4124,1.2864919223229068,7.9221700736318095,0.8260320862075136
3556,4126,2.6224363582079437,9.060523907938283,0.6453768777131182
3557,4127,2.052040479914102,8.680727111286842,0.7225095664310083
3558,4128,5.5168088564109805,9.348981982004759,0.2539807589240061
3559,4129,5.336030394436204,9.53331288413557,0.27842681361168764
3560,4130,4.0219018392817745,10.596700773514181,0.4561319349796929
3561,4131,4.67799075550489,10.313689766826784,0.36741126908416283
3562,4132,4.834572330869664,9.889428482711633,0.3462372768251477
3563,4133,4.734513406258852,9.981123968626084,0.3597679038495539
3564,4134,3.650326050841622,11.2739418630417,0.5063788612207941
3565,4135,4.912415435863852,9.997834263600762,0.33571081929829716
3566,4136,5.726960987948692,8.916901259714319,0.22556260310951248
3567,4137,3.6202560922854974,10.777678593951656,0.5104451191327677
3568,4138,4.89966772256021,10.166650873418043,0.3374346490795639
3569,4139,4.014832476363481,10.77911399088454,0.4570879008100238
3570,4140,4.385434098933373,10.340884269348594,0.4069727076961941
3571,4141,2.842185133057077,8.693190353533446,0.6156610005625401
3572,4142,5.049721102061544,10.12725978674315,0.3171434424762416
3573,4143,4.461550033021105,10.717564763744491,0.39667980959878535
3574,4144,4.603244964521255,10.65383058278853,0.3775188874038435
3575,4145,2.5016409655774536,9.998213856431352,0.6617116265654286
3576,4146,2.308069915873481,9.68563584298164,0.6878875792498554
3577,4147,3.188512092856084,11.493410797459145,0.5688283872822797
3578,4148,1.4346278099826306,8.260107709152868,0.8060001754844146
3579,4149,5.584668650185387,8.826543417151655,0.2448043105153711
3580,4151,5.344281405106563,9.614561647345454,0.2773110575870325
3581,4152,3.135056267583075,9.669754992918392,0.5760570361695652
3582,4153,4.790732503460609,10.717615198639741,0.35216558712623763
3583,4154,2.5244609976110857,9.456149832701836,0.6586257514839897
3584,4155,4.276547841925464,10.112690174925426,0.4216970247662423
3585,4157,5.357711211237408,9.34519748023963,0.2754949907197007
3586,4158,4.412032582897977,10.559555069398563,0.403375885450307
3587,4159,4.471874194233477,10.676727690779291,0.3952837084988805
3588,4160,4.46373286094525,10.431088476858957,0.39638463322531403
3589,4161,4.826556396404907,10.226691368974588,0.347321244296481
3590,4162,4.520160258579745,9.635119015578539,0.3887541487450949
3591,4163,5.398002151847765,9.341397310572347,0.27004658427338213
3592,4164,6.061667171187684,5.755476693668774,0.18030142779921923
3593,4165,5.036927115799491,9.877438931467447,0.3188735295918142
3594,4166,4.194055018508033,10.885247470522247,0.43285224785296794
3595,4167,3.2584504044506213,10.220008953796528,0.5593708679996856
3596,4168,5.1284772692893945,9.792774340807057,0.30649351465844193
3597,4169,5.420439391965588,9.281448286106745,0.2670124728368247
3598,4170,2.8488680324265365,9.682905474928045,0.6147572948794988
3599,4172,3.7392089040832657,10.367181327978678,0.4943595362005074
3600,4173,4.703291483156442,10.307052528847976,0.3639899379971981
3601,4174,4.01558070014644,9.828069642521223,0.4569867210604174
3602,4175,4.011752442805666,10.491724722998113,0.4575044032405221
3603,4177,0.1620352075097216,7.723797099033419,0.9780885316710729
3604,4178,4.3758818107998785,10.847152613201622,0.4082644310328849
3605,4179,2.1643944316666426,8.66353018748477,0.7073163248306734
3606,4180,4.142353602594371,10.450397236839308,0.43984365394775093
3607,4181,3.204791528724554,9.902072904074428,0.5666269747070319
3608,4182,5.87276939849336,8.675395830616491,0.2058454291765016
3609,4183,3.6068277774577493,11.075703039755393,0.5122609843362692
3610,4184,2.429858976011772,9.537441245888047,0.6714184601303589
3611,4185,4.143804676254321,11.012142002172784,0.43964743020704916
3612,4186,5.9687866181647,7.774541551444752,0.1928613481227962
3613,4187,5.427146054216681,9.160935923574046,0.26610555378036704
3614,4188,4.921021572779116,10.197647031128536,0.33454704076305564
3615,4189,5.14252903262107,9.470086466228363,0.30459334264064686
3616,4190,5.599721187607775,9.241679501301805,0.24276880723142671
3617,4191,5.242078964386204,9.740412704177489,0.2911315449823341
3618,4192,3.3397214553882275,9.406235939276083,0.5483808610373336
3619,4193,5.547989495246752,9.233825059547723,0.2497643075068983
3620,4194,4.023130987660688,10.839354128025803,0.4559657214376483
3621,4195,5.311033091286292,9.718155858746815,0.28180711363842725
3622,4196,5.387776801640955,9.228593474185939,0.2714293234980983
3623,4198,4.632617894430884,10.336944364304458,0.37354688629782457
3624,4199,5.448735552529726,9.445853141020862,0.26318607957600115
3625,4200,5.374744374303569,9.718440004326443,0.27319165418684715
3626,4201,3.3989319462570835,9.802051726689596,0.5403740283535459
3627,4202,1.646425969921228,8.035277825527661,0.77735943286469
3628,4203,5.160979946304346,10.065727361168177,0.3020982885284928
3629,4204,3.914703093002527,11.62101301864912,0.470628055730842
3630,4205,4.828866940147801,10.399293412227983,0.3470087973485423
3631,4206,4.758070868716893,10.345974715264155,0.35658230856756384
3632,4207,1.0530750094688774,7.862413072994904,0.8575962590316829
3633,4208,4.089681331313301,11.349359220294229,0.44696634550179837
3634,4209,4.726122404626681,11.046443692595371,0.36090259037439615
3635,4210,4.1276355443386565,10.815374291755571,0.44183392675506067
3636,4212,4.260835301344436,10.471925364216194,0.4238217780257309
3637,4213,0.0,4.398898937621743,1.0
3638,4215,1.7138138567078631,8.438146686773651,0.7682467988281021
3639,4216,5.161117053700009,8.394548172808516,0.30207974796311876
3640,4217,4.35040968510704,10.581563828631522,0.41170893969224887
3641,4218,4.481902917317469,10.445342867534876,0.3939275584891903
3642,4219,2.491999923303685,8.830756732608128,0.6630153518217242
3643,4220,4.481841502729541,10.427556919091217,0.3939358633744001
3644,4221,0.3709518680757028,6.388514123453998,0.9498374443812809
3645,4222,5.388416423100924,8.286017367072363,0.2713428296701333
3646,4223,3.3248065983929833,11.158977469152827,0.5503977462668116
3647,4224,4.7335857275600555,10.31692046276488,0.35989335067521916
3648,4225,4.688929229881614,10.396141014764437,0.36593209651077013
3649,4226,4.499193568014381,10.429188164787728,0.3915894027824485
3650,4228,2.680908032903829,10.35902780998018,0.6374699526199322
3651,4229,4.145239366321733,10.847147907674628,0.4394534219636738
3652,4230,4.090224050044083,10.58926788356845,0.44689295549931807
3653,4231,4.660543897497174,11.051824154033678,0.36977054817264376
3654,4233,4.971293740905137,9.847725501382351,0.3277489069707209
3655,4234,4.849673374760838,10.469142934298798,0.3441952141769091
3656,4235,2.8206338664650987,9.862067600209745,0.6185753048216937
3657,4237,5.136556641804586,9.915838382529476,0.30540096867596705
3658,4238,5.276352583051443,9.617656122540222,0.2864968404545787
3659,4239,4.455735099905512,10.488149697396778,0.3974661431663805
3660,4240,1.0465852738459676,8.194834918973308,0.8584738438402558
3661,4241,1.4861817468822698,8.665229009263802,0.7990287124735738
3662,4243,1.8323015285837518,9.211364792759115,0.7522241151806541
3663,4244,5.792544088800132,8.672910570193931,0.21669402411791927
3664,4245,4.739805570919284,10.266904159131432,0.35905226247672717
3665,4246,4.855614505097151,9.990794389210983,0.3433918153896774
3666,4247,1.5994938043670166,8.71232641366366,0.7837059095036475
3667,4249,5.550829517102949,8.474553200206856,0.24938026104001065
3668,4250,5.231362297516677,9.77567671143252,0.2925807232832242
3669,4251,2.285910028000206,9.801172244021839,0.6908841852885691
3670,4252,4.039671172033648,10.911087808940778,0.45372904873168113
3671,4253,5.049791547587899,10.04264535657109,0.3171339163680373
3672,4254,3.839827861118291,10.88943154648032,0.4807531779019237
3673,4255,4.7495708950265625,10.311390913791563,0.3577317310120731
3674,4256,5.174463513075775,9.982452441846972,0.30027495179313907
3675,4257,5.509518289415037,9.274736129756972,0.2549666374271207
3676,4258,3.0740119451507857,9.896914373497584,0.5843118516395651
3677,4259,1.290409511574368,7.836051613031369,0.8255023239778821
3678,4260,3.83177957106469,10.836261741208377,0.48184152070915537
3679,4261,5.5370608800369805,9.063499205137312,0.25124214685877855
3680,4262,1.6401967484199038,8.031809304739694,0.7782017892373442
3681,4263,4.138926985536456,10.990643060703569,0.4403070236825992
3682,4264,1.6479488709546297,8.587000268209799,0.7771534961533153
3683,4265,5.591200886513738,9.116118950800963,0.2439209784813924
3684,4266,4.577555929200257,10.154229691893235,0.38099272801223705
3685,4267,4.242245626654233,10.72976099344338,0.42633559631546897
3686,4268,5.113016517215044,9.885565797615211,0.30858421941714814
3687,4269,1.6703893671121142,8.097281152874054,0.7741189444136224
3688,4270,5.385591487979961,9.205646590180383,0.27172483600928365
3689,4271,4.733203761060495,10.042220406377863,0.3599450027018771
3690,4272,4.129777014124309,10.447157380026436,0.44154434310156454
3691,4273,5.289686953036583,9.750176762319263,0.28469367909165044
3692,4274,4.020356024826643,11.561474343969556,0.45634097019491915
3693,4275,0.8936597114897817,7.1328542863645525,0.8791534459325967
3694,4276,5.663079417407764,8.956674950736009,0.23420108996198052
3695,4277,1.2540806363192727,6.715004015910406,0.8304149538427823
3696,4278,4.879002726766197,10.223015763827085,0.34022910596221856
3697,4279,4.6959969446947,10.523892710486448,0.3649763535480839
3698,4280,2.3790735934103195,9.967638488555385,0.6782859941653766
3699,4281,5.2663437040170935,9.978141634367452,0.2878503070211337
3700,4283,2.691835381568201,9.056340125016504,0.6359922845386657
3701,4284,4.9201761176496195,10.511910881452197,0.3346613687759499
3702,4285,1.3899190229698477,8.444815775078958,0.8120459922282638
3703,4286,4.459980986582385,10.802074745505687,0.3968919863958963
3704,4287,4.398653067638233,10.6486534085515,0.4051851516547069
3705,4288,3.864125784133435,11.379202514242316,0.47746745266487545
3706,4289,0.6555970091909542,8.392772778512803,0.9113458530142898
3707,4290,5.73705122103244,8.772768481414072,0.22419813531239643
3708,4291,4.965370679955123,10.179527119358376,0.328549862296487
3709,4293,4.969801885156056,10.157959804398205,0.3279506455342078
3710,4294,3.53558085103052,11.713653981022716,0.5218954631383528
3711,4295,3.7120653025451666,10.358744441468858,0.4980300728361913
3712,4296,1.3469830660497228,7.4828579461932,0.8178520752066871
3713,4297,5.229368891880904,9.662508363995247,0.29285028472685254
3714,4299,0.9453669736658985,7.019258551624773,0.8721612492676866
3715,4301,4.800277697315005,10.561171004086003,0.3508748231247072
3716,4302,1.2372555256345161,8.31866356605774,0.8326901561618685
3717,4303,4.926128204597608,9.839513801437697,0.3338564883634998
3718,4304,4.886294824355133,10.189464429196875,0.3392430204822353
3719,4305,4.154791510125553,10.801396237421201,0.4381617181441925
3720,4306,4.6725950031958465,10.734905715321268,0.36814091826132234
3721,4307,1.6347908215103693,8.145033263589848,0.7789328142910174
3722,4308,5.305541586265598,9.318790632687643,0.28254971112812327
3723,4309,2.392170260259954,10.468290869267513,0.6765149765865393
3724,4310,1.4146629565759772,7.81855869581327,0.8086999545005603
3725,4311,1.7357329538443267,9.137943817438568,0.7652827540992706
3726,4312,4.478037668305619,10.444363100134913,0.3944502429267776
3727,4313,4.852720936085744,10.078879821952903,0.34378310285568814
3728,4314,5.435709873174696,9.098029370502768,0.2649474977581167
3729,4315,3.996281275737148,10.263644364653947,0.4595965163833589
3730,4316,4.680101102717248,10.139299443605763,0.3671258940300787
3731,4318,2.575761095649119,9.924608292029351,0.6516886142364333
3732,4319,3.757364147144826,11.374006563314634,0.49190446461784854
3733,4320,1.7587148991258257,9.063746444302684,0.7621749840416893
3734,4322,3.6380102623497823,11.533682408669565,0.508044283283271
3735,4323,3.271348219160539,10.529154725078943,0.5576267405173186
3736,4324,2.818542390130033,8.714829692998908,0.6188581280314195
3737,4326,4.792136895052752,10.420561678538375,0.3519756760423098
3738,4327,1.8296079691821423,9.420434667664146,0.7525883560294643
3739,4329,4.571782683776106,10.384554095486983,0.38177342429553596
3740,4330,5.096590712225403,9.947746533251873,0.310805424989314
3741,4331,1.391565160583803,8.024290206362195,0.811823390654522
3742,4332,4.858747430396578,10.3117746484704,0.34296816058940083
3743,4333,5.291665088768088,9.7629950905814,0.28442618254508295
3744,4334,1.46447691420978,8.480977571076329,0.8019637829499046
3745,4335,5.270125538107562,9.680080391926799,0.28733890249879496
3746,4336,5.117358058248641,9.932756129645142,0.30799712763432874
3747,4337,2.166339792844079,9.779375116984989,0.7070532602752423
3748,4338,5.568858187227004,9.18170227317168,0.2469423054838874
3749,4339,4.226638027136487,10.367888831216927,0.4284461587529759
3750,4340,2.661009786412667,9.828417449999268,0.6401607246101254
3751,4341,6.68194139015306,4.222952144857048,0.09642386123212365
3752,4342,5.116962697003685,9.957348623197241,0.30805059098671045
3753,4343,2.8893994856627865,10.911363345077655,0.6092763647312889
3754,4344,4.585101802524578,10.834101640043132,0.3799723253053127
3755,4345,0.0,5.026448911612232,1.0
3756,4346,5.410724556721888,9.285337697698436,0.2683261768646997
3757,4347,3.7819938427290793,10.850986060095893,0.48857387490812076
3758,4348,5.337629154733811,9.437887049739366,0.278210618710808
3759,4349,4.084811809246144,11.005923815128094,0.4476248343585804
3760,4350,5.577920330768867,9.141036883691397,0.24571686272819612
3761,4351,3.085352439291354,9.88034056542577,0.582778315304997
3762,4353,5.049768525631661,10.115210545669443,0.31713702954864004
3763,4354,3.997964465733369,11.523604841908874,0.4593689043423675
3764,4355,2.964120091424649,10.282312404528518,0.5991721521232293
3765,4357,5.0612202024712465,9.936189074909754,0.3155884583569833
3766,4358,5.491868368567648,9.012658771032196,0.2573533760106624
3767,4359,5.2465636656469625,9.689766648181912,0.29052509413038635
3768,4360,5.305756073138063,9.720642434122599,0.28252070680008107
3769,4361,3.7542340205052622,11.97963136428055,0.49232774096489934
3770,4362,4.928664420062762,10.36326571463597,0.33351352459843825
3771,4363,6.805127113739932,3.9891026937351644,0.07976587607918853
3772,4364,1.9281696929600376,9.139118532232938,0.7392601903659973
3773,4365,1.148660300423682,7.841300166622086,0.8446705862247911
3774,4368,4.552760692521066,10.492181997839337,0.3843457032794902
3775,4369,0.41300702877207807,6.828188983558961,0.9441504684713615
3776,4370,4.603706728369101,10.203144598315458,0.37745644465400524
3777,4371,4.855377890402157,10.509085387107325,0.3434238119876711
3778,4372,4.593772249507492,10.664712638903644,0.3787998503390165
3779,4373,4.596494748625715,10.474332780259335,0.3784316960710566
3780,4374,3.8231190055490263,11.767095165167841,0.4830126594383459
3781,4376,5.171917118733489,9.87855113974739,0.3006192920130299
3782,4378,2.936572355097681,10.25118894019382,0.6028973385277073
3783,4379,0.0,4.786239628311843,1.0
3784,4380,4.687071280251011,10.60196128148823,0.3661833407009271
3785,4381,0.5274593897474,5.643355563109599,0.9286734661505466
3786,4382,4.6571822445136615,10.30832942066436,0.37022513303733534
3787,4383,4.356258219396355,10.526574446565714,0.4109180623525616
3788,4384,5.66423658192784,8.945276175751655,0.23404461055159387
3789,4386,5.012988673358757,10.126537957113722,0.32211064349715185
3790,4387,4.193771918527146,10.770227128835407,0.4328905304975886
3791,4388,1.2124186617793464,9.20109191155542,0.8360487605301185
3792,4389,4.762018151526664,10.137758923556241,0.35604853097934164
3793,4393,0.4046659002817533,8.167097875404885,0.9452784108213739
3794,4394,5.691880704068621,8.77159704568331,0.23030639022233385
3795,4395,4.796298731140738,8.462613636199785,0.35141288514622243
3796,4396,4.851845551352596,9.996355631947122,0.34390147814677935
3797,4397,4.977095350328847,9.5393460387022,0.32696437512052534
3798,4398,2.709749233049554,11.073620159727408,0.6335698555158916
3799,4400,1.9825572785439758,9.413966198455636,0.7319055427105625
3800,4401,4.846972698156234,9.929503333759019,0.3445604174607997
3801,4402,4.760686769135043,10.18977681658097,0.3562285692781536
3802,4403,4.643811011810514,10.817094315383187,0.37203327921986273
3803,4404,4.611972083178146,10.133290650492414,0.37633874892041064
3804,4405,5.321774031813172,9.65102945862197,0.2803546528936629
3805,4406,6.654608015773682,4.862293512881596,0.10012006020172419
3806,4407,5.689117444919264,6.260875769765384,0.2306800563302513
3807,4408,6.19973499712426,6.243145703653608,0.1616309867157801
3808,4409,2.6787254322421283,8.65194193534218,0.6377650982614786
3809,4411,4.185871988288232,10.517233453134967,0.43395881111320916
3810,4414,5.489190659835752,9.314552488913074,0.2577154734274815
3811,4415,3.6353390853235537,10.436864253177244,0.5084054974398157
3812,4416,1.6140887326896802,8.389357455109074,0.7817322871371267
3813,4417,4.307638975656904,10.852020031589658,0.417492676819047
3814,4419,4.679363949874551,10.470409537148846,0.36722557669420197
3815,4420,5.864329632656921,8.44264656875985,0.206986709918328
3816,4421,2.514028034434075,10.51979100828115,0.6600365655023951
3817,4422,4.312310083779819,10.362881982444987,0.4168610188030562
3818,4424,4.3108526547446395,10.463701175594968,0.4170581019594688
3819,4425,4.47192803713671,9.837736502473081,0.39527642750676123
3820,4426,4.979683701517631,10.257131932326029,0.32661436121941817
3821,4427,3.224721154208284,11.151574743040838,0.5639319594427232
3822,4428,4.847344645460387,9.388524325909993,0.3445101202957562
3823,4429,6.451630484641128,5.636315231324206,0.12756801927955574
3824,4430,4.093165118038131,10.857544791946829,0.4464952449079273
3825,4431,2.350427168576118,9.470565077844075,0.6821597524685153
3826,4432,4.590967290824922,10.441669030475259,0.3791791553325525
3827,4433,5.2962666905106985,9.46355144517204,0.2838039236397799
3828,4434,5.489389740774561,7.000883119454448,0.2576885523912904
3829,4435,2.2871924557706245,9.3799100707002,0.6907107669561738
3830,4436,3.8372627848712773,11.142206747030269,0.4811000444120576
3831,4437,4.946917545735435,10.08155722025745,0.33104521668420483
3832,4439,4.45694717030303,10.829636848707782,0.39730223902149864
3833,4440,1.7001807207914577,9.386286059799271,0.7700903612886763
3834,4441,6.458766522040754,6.03162115518687,0.1266030372865739
3835,4442,4.007340039383922,11.633981945759206,0.45810107750234386
3836,4443,2.711380675658588,10.56838761802731,0.6333492410975333
3837,4444,5.264722957203194,9.159194609251136,0.28806947508360453
3838,4445,2.2508402523244975,8.827675692954212,0.6956265514127632
3839,4446,2.575202095035254,9.929395235223335,0.6517642059824175
3840,4447,4.0642662454949585,10.839563693437391,0.4504031408535257
3841,4448,5.0148210177460015,9.734958049855374,0.32186286181670204
3842,4449,3.598895736241027,10.51736004233377,0.5133336072098723
3843,4450,5.30638580068058,9.439520309999834,0.2824355508928201
3844,4451,2.8907096715337466,9.981030991315265,0.609099192765654
3845,4452,1.8276333754012406,9.924854976729744,0.752855373610135
3846,4453,5.771047126943847,8.699013772672973,0.2196009849329254
3847,4454,3.6241415473713516,9.80016674820369,0.5099197022967257
3848,4455,6.746256421424997,4.684185152364834,0.08772675896375122
3849,4456,4.772411154441979,10.689981651834685,0.3546431206508011
3850,4458,5.137153890079928,9.755640092596266,0.3053202048292033
3851,4459,4.984492400420652,9.66689257827468,0.3259640972716243
3852,4460,4.687296874681219,10.272285933654636,0.36615283433574486
3853,4461,3.38575912638946,10.13483989511052,0.5421553438452101
3854,4462,4.228440642741595,11.198021185186487,0.42820239719431474
3855,4463,2.9933656646541404,9.337338609422241,0.5952173730265883
3856,4464,5.462798788776389,9.34178055918266,0.26128435611505213
3857,4465,3.990269169681076,10.024951665958723,0.46040951297504024
3858,4466,4.600209778910525,10.465185062989923,0.37792932519945616
3859,4467,3.8568032160486068,10.439844273808,0.47845765856606826
3860,4468,4.760228861796028,10.238378632842888,0.3562904905254592
3861,4469,2.9246081343576575,10.908699732261145,0.6045152192824783
3862,4470,2.9133037270202653,10.09571833376502,0.606043875721763
3863,4472,4.308610807956779,10.670409083455972,0.4173612592525378
3864,4475,3.2840910526164513,10.010024275603026,0.5559035706212128
3865,4476,3.460073179803386,9.915832317483133,0.5321061079242098
3866,4478,2.2108130703779127,9.652546714937287,0.7010392906747915
3867,4479,5.770503298057902,8.13518754446522,0.2196745250579012
3868,4480,5.03790617721314,10.04788881010786,0.31874113445691155
3869,4481,4.001404400751182,10.68408080878881,0.4589037336652363
3870,4482,4.4848474749555365,10.080191848574785,0.39352937600514376
3871,4484,4.8495868254551935,10.679187179900925,0.3442069179442487
3872,4485,5.521157943724841,9.346332439740529,0.2533926466834508
3873,4487,4.7184487966176585,10.051600769837162,0.36194026620696607
3874,4488,3.3127788771093503,10.723618430460725,0.5520242139834631
3875,4489,5.5556102108376795,9.409801440999665,0.24873378413558506
3876,4490,0.546938329313682,5.9733115505297,0.9260393956053408
3877,4491,1.4017142314381403,8.17530725932496,0.8104509664264141
3878,4492,0.0,7.721975243685491,1.0
3879,4493,1.5076386046675325,9.055185600060774,0.7961271747952772
3880,4494,4.701476712896142,10.278540602318813,0.36423534318841533
3881,4496,4.61169589293535,10.411312533715535,0.3763760971847218
3882,4497,4.101406522435712,10.747526870509203,0.44538078790676816
3883,4498,4.191110120676473,10.426788703609647,0.43325047634021985
3884,4499,4.499221041201032,10.450085195613894,0.3915856876771424
3885,4500,4.638258990035347,10.027538978672592,0.3727840601838134
3886,4501,5.215016918314701,9.195560192500476,0.2947910531504965
3887,4502,6.543041003153464,5.675259177376208,0.1152068867078356
3888,4503,2.5547018859102146,9.158173192060941,0.6545363793259961
3889,4504,4.440691576182937,10.45232401759702,0.3995004275584494
3890,4505,5.025175050632998,9.965723643877192,0.32046272127214487
3891,4506,0.7896277291478615,8.918239180616965,0.8932213359999065
3892,4507,4.248944556631914,10.450671577153411,0.4254297228679662
3893,4508,6.044675289175424,7.9291099586353,0.18259918203598396
3894,4509,4.887196878280294,9.70526172009199,0.33912103880729
3895,4510,5.2122369600293315,9.65644880453524,0.2951669774256078
3896,4512,4.669296406842641,10.329897681546715,0.36858697619301506
3897,4513,4.010459986264854,10.659962211682446,0.45767917772932465
3898,4514,4.557623091587336,10.298090120701605,0.383688177641818
3899,4515,5.121922432327275,9.835552911046436,0.30737990289902317
3900,4516,4.1210727293004545,10.369351589124355,0.4427213938436534
3901,4517,4.36597529021601,10.531472140770326,0.4096040560153769
3902,4518,4.959147100153256,10.335246026196572,0.3293914557613702
3903,4519,6.017834758098837,7.551667007084413,0.18622873548708155
3904,4520,0.9000158055039322,8.756718585788809,0.8782939330228584
3905,4521,4.566896681696078,10.715007090867486,0.382434141688237
3906,4522,3.946598453677365,10.235423289698728,0.4663149549177086
3907,4523,5.211736307368946,9.990908441220881,0.2952346789768967
3908,4524,4.198770010589154,11.056851966769347,0.43221465555901895
3909,4525,1.9049301851071438,8.144777185589643,0.7424027897314345
3910,4526,4.964972519485777,10.030340492373096,0.3286037041784336
3911,4527,1.4343226317135884,9.696998729536592,0.8060414437006226
3912,4528,3.7500880009400426,10.964868497649697,0.49288839304657095
3913,4529,4.5824943519032395,10.470244702230769,0.38032492195752654
3914,4532,5.0782414664135125,9.823587087227196,0.3132867309020603
3915,4533,4.539944912034223,10.653642406457791,0.38607873755373034
3916,4534,1.7928360366492622,7.428143951798798,0.7575608990185507
3917,4535,4.24672848712883,10.974245396853954,0.42572939438675395
3918,4536,4.782802616170452,10.751335539128453,0.3532379187316995
3919,4537,3.4449777576727865,10.754761249756044,0.5341474103609446
3920,4538,4.945846455500579,9.88249352805046,0.33119005656264333
3921,4539,3.2368048321490406,9.213735648294055,0.5622979248982249
3922,4540,3.7045131149168142,10.830745934162294,0.4990513294049085
3923,4541,3.9416958185241553,11.413856639108072,0.46697792154415235
3924,4542,5.4867124836987635,9.321498893425737,0.2580505887321962
3925,4543,4.824770059944277,10.409826461292905,0.34756280448197063
3926,4544,3.282013699969082,9.51767088774533,0.5561844839328344
3927,4545,4.64217564968835,10.577994845271178,0.37225442366061007
3928,4546,5.565815610929526,8.494164707622776,0.24735374269685567
3929,4548,4.973306575020773,10.337904817067988,0.3274767182800408
3930,4549,2.5006762637937916,10.732645726527451,0.6618420798965561
3931,4550,3.0124860557187545,9.945086566926488,0.5926317877720759
3932,4551,5.25847685309245,9.817902959602872,0.28891411443393544
3933,4552,2.319682344947352,9.567961593473706,0.6863172700819621
3934,4553,2.330260746964496,8.626183771832316,0.6848867888653696
3935,4554,4.588007196823641,10.676079661628568,0.37957943874599415
3936,4555,5.239565510940295,9.497222646542173,0.2914714307171857
3937,4556,6.450129194365167,5.748049689613479,0.12777103364192677
3938,4557,4.2747359399230245,10.73105921989074,0.42194204209273417
3939,4558,4.855637832211828,10.060946016993762,0.3433886609435399
3940,4559,4.160768462097262,10.950737673792432,0.4373534753194116
3941,4560,4.839253641083939,10.213576550726852,0.34560423921514666
3942,4561,1.9674891554091372,8.396810056821963,0.733943153597231
3943,4562,3.4874504557458827,11.029955208816382,0.5284039722959988
3944,4564,0.8203369776932297,8.222102864666311,0.8890686290836234
3945,4565,6.39588408553033,6.518954886067487,0.13510641465263964
3946,4566,5.506600375242552,9.10724858905412,0.25536121700621056
3947,4568,5.457468666208017,9.198897475257859,0.2620051304062763
3948,4569,2.9850056447524542,10.15858258277736,0.5963478699977112
3949,4570,5.203031068957127,9.862195089615932,0.2964118586694329
3950,4571,4.228642593823008,10.622461464655474,0.4281750880385307
3951,4572,5.327415687564255,8.864343244087728,0.27959175103293527
3952,4574,4.119992612088079,10.5685592800769,0.4428674544094664
3953,4575,4.8667875206985185,9.72281903820467,0.3418809266066128
3954,4576,5.857796181981065,6.062045662214649,0.20787020616437707
3955,4577,3.7366405595930274,10.722699437312802,0.494706844664023
3956,4578,4.103901379199037,10.738080583106004,0.44504341693786
3957,4579,5.48847218738525,8.49154054316257,0.2578126300058963
3958,4580,4.245435672667914,10.631233770558364,0.425904217275871
3959,4581,2.67052225849144,9.266367642887378,0.6388743854626822
3960,4582,3.9289614663920807,11.325557840814653,0.46869994453976965
3961,4583,1.4892413464586882,8.991254169284701,0.7986149732606693
3962,4584,5.3380932857347485,9.231248569071132,0.27814785585893276
3963,4585,5.018156301999778,9.902065803532269,0.32141184270537576
3964,4586,1.009554600180488,8.134093558988246,0.8634813755100093
3965,4587,6.067730233824719,6.805598374920466,0.17948154052293264
3966,4588,4.4420147968851476,10.308067397657242,0.3993214929370528
3967,4589,3.657922482551178,10.865114348376851,0.5053516216759143
3968,4590,0.8552677331403629,6.605029361595454,0.8843450621906724
3969,4591,3.8860790913330434,9.911401739679398,0.4744987818259125
3970,4592,4.907633456668462,10.065013541380488,0.33635747003118244
3971,4593,5.884842238766022,8.251160555458938,0.204212860172887
3972,4595,5.631669180343386,8.93590139453496,0.23844858916426911
3973,4596,3.636266043151669,11.31798194594399,0.5082801480950334
3974,4597,4.809256505658212,10.232155330160705,0.34966064950363246
3975,4598,2.1133393623785492,10.367982427601884,0.7142203276762902
3976,4599,4.855261390053808,9.99906703590424,0.34343956593233765
3977,4600,1.7060357674682676,8.384370379015298,0.769298603301045
3978,4601,4.570771669905378,10.78159714089987,0.38191014025220377
3979,4602,5.7200607377641735,8.470047670751795,0.2264957004017826
3980,4604,0.5296954945601717,6.987958392314412,0.9283710853251802
3981,4605,0.4294016953985943,6.2633742791162526,0.9419334736338126
3982,4606,4.108847498605545,10.837691971637506,0.444374570084189
3983,4607,1.2046879138483997,9.644555400684379,0.8370941631993976
3984,4609,5.671870863522914,8.967447171985537,0.23301225269582024
3985,4610,5.691041065268276,8.753514319257562,0.2304199317128792
3986,4611,4.516349747156518,10.242344392629121,0.3892694312053098
3987,4612,4.148818114695115,10.680841861811139,0.43896948003003045
3988,4613,2.8448284394404384,9.36516220994393,0.6153035552579498
3989,4614,4.3412400519850225,10.728972398215443,0.41294891789716415
3990,4615,4.753518552472958,8.9890786917903,0.3571979027630183
3991,4617,5.288234789080663,9.548071349628799,0.28489005026935654
3992,4618,4.948009894460952,10.123364331607718,0.33089750209259744
3993,4619,6.613346546188701,5.4719304100537265,0.10569970797032448
3994,4620,3.9736601178238335,10.826790132927343,0.4626554983959657
3995,4621,5.006295244564135,9.233266466533303,0.3230157730384368
3996,4622,4.6891445656296735,10.403424244306024,0.3659029773921773
3997,4623,4.790541097415824,10.5073812826074,0.3521914703126928
3998,4625,2.0171265372864253,7.5542670074517115,0.7272308597837409
3999,4626,1.7379847220790485,9.603610881303393,0.7649782551627897
4000,4628,3.5687882864038234,10.994246771205793,0.5174049349398848
4001,4629,4.580994257166704,10.474244733759235,0.3805277746511796
4002,4630,4.282060390256074,10.423036639523783,0.4209515816615357
4003,4631,0.0,5.3254165852021,1.0
4004,4632,3.928668242407049,10.95658529371112,0.46873959621893274
4005,4633,1.775265472203376,8.954678150799326,0.7599369065066413
4006,4634,2.7708556117587158,9.5719808066406,0.6253066483872748
4007,4635,4.766271853454816,10.307693025245833,0.35547331737908877
4008,4636,4.63797843196374,10.73560108633111,0.37282199909471375
4009,4637,5.4436791321311055,9.179907057826576,0.26386984205654396
4010,4638,4.827501981328326,10.111795736495395,0.3471933760731471
4011,4639,2.131843309800061,9.387089953319553,0.711718101992639
4012,4641,6.222540260355847,7.416518088401255,0.15854710876905806
4013,4643,4.025241465122657,10.904938892987445,0.45568032877035364
4014,4644,2.5941514590773114,9.639134153960304,0.6492017481287072
4015,4645,4.687643680490336,9.984535394960643,0.36610593696930493
4016,4646,5.616145574584461,6.500902484027803,0.24054779341231516
4017,4650,4.989724180698121,10.137451857829085,0.3252566214729044
4018,4651,4.5468455280393005,10.63701865783227,0.3851455907927939
4019,4652,3.7452313995625395,10.693680343357318,0.49354513468257005
4020,4653,4.64942524291572,10.173427832489633,0.3712740859004378
4021,4654,1.2764683361063869,7.229796199378493,0.8273875415761399
4022,4655,4.461418140435607,10.474756614591891,0.39669764498317106
4023,4658,5.375208323970634,9.391313662220835,0.27312891585613286
4024,4659,0.0,5.769012665601702,1.0
4025,4660,3.8017182974026564,11.268084504246858,0.48590660419252946
4026,4661,5.1014884158024145,9.875961534958801,0.31014312524309545
4027,4662,4.766628815767153,10.196596383930999,0.3554250465833672
4028,4663,5.801178244244146,8.60444429025948,0.21552645673262003
4029,4664,2.546606202117066,9.2238046815207,0.6556311310269431
4030,4665,2.8791927292534756,9.813892146023814,0.610656589580202
4031,4666,6.111728711302125,6.9027674227531275,0.1735317765143337
4032,4667,4.237299246384343,10.371891121573587,0.42700447844480505
4033,4668,2.431789884350396,9.797762627388824,0.6711573499830147
4034,4669,4.659125765431396,10.513611078104262,0.36996231733394574
4035,4671,4.57342934193562,10.666525725292235,0.38155075233019403
4036,4672,2.204918175785432,8.868736194616243,0.7018364371601181
4037,4673,4.791278043981829,10.19834633284604,0.35209181554266294
4038,4675,5.447467383155006,9.153543533833162,0.2633575697941886
4039,4676,4.946088979700999,9.63831363950949,0.3311572608423911
4040,4677,4.833388756991867,10.200436568481242,0.34639732748288354
4041,4678,0.4314143632747577,7.619107480196491,0.9416613074231293
4042,4679,4.627113499745274,10.27752188070073,0.374291226812934
4043,4681,4.052240372305536,10.423932954492125,0.4520293586587018
4044,4682,4.737466515635576,10.41364251742662,0.359368564943063
4045,4683,4.642742304757602,10.57920005122006,0.3721777968287371
4046,4684,5.2123119782786915,9.74618691850742,0.2951568329636714
4047,4685,3.743526395883899,11.003569481367247,0.49377569651341774
4048,4686,4.954604031306617,10.10268594889387,0.3300057994628358
4049,4687,5.1487527494769125,10.016664109828442,0.3037517306424222
4050,4688,4.800130719405274,10.554228767764478,0.35089469844602544
4051,4689,3.6678420042312503,10.181006988775733,0.5040102385995359
4052,4690,5.15006388082211,10.028281569985264,0.30357443082353175
4053,4692,4.003530529787684,10.544784007845845,0.4586162244889128
4054,4693,1.273960884864191,8.555172936856303,0.8277266156534598
4055,4694,5.0825957767092955,9.734183552160658,0.3126979123754777
4056,4695,2.7484851574360043,10.106836294330478,0.6283317286085989
4057,4696,4.7342320124565695,10.465042875548562,0.35980595577346247
4058,4697,3.682491189188112,11.170370680788075,0.502029279293469
4059,4700,5.418467075953926,9.361713046620018,0.2672791824025317
4060,4701,4.578794556192294,10.719684761234724,0.380825232709676
4061,4702,5.736027347076559,8.523689279589558,0.22433659029450737
4062,4703,4.349317427795132,10.628958926528949,0.4118566419223058
4063,4704,5.3621425283471265,9.648248209328333,0.27489575882437817
4064,4705,1.0088689194593963,7.781582215913357,0.8635740977747248
4065,4706,4.490757121754908,10.501589300694285,0.39273023462920664
4066,4707,5.09320382047732,9.915764317074593,0.3112634228060365
4067,4708,4.635931272143873,10.211531227433634,0.3730988295332749
4068,4709,4.074052808063204,10.84014250677798,0.44907973738424994
4069,4710,1.3157226139125155,9.333299832630924,0.8220793195042653
4070,4712,5.782290646093676,8.525051235473768,0.21808056219552502
4071,4713,4.771803940564521,10.555337971926816,0.35472523211194157
4072,4714,4.328437514253709,10.820373962973811,0.4146801613987515
4073,4715,5.301181271313226,9.694777870920884,0.28313934164393145
4074,4716,5.073894604983003,9.81714798224647,0.3138745421440036
4075,4717,4.82455230064372,10.28471540134209,0.3475922513292997
4076,4718,4.638817222173393,10.246285193556908,0.3727085723561926
4077,4719,4.818168719118777,9.928400002312054,0.34845548128134907
4078,4721,4.803260290522766,10.429084289475233,0.35047149722032933
4079,4722,3.025864933018097,9.678438246808664,0.5908226078368847
4080,4723,6.231962953558801,7.352891108661296,0.15727291011271147
4081,4724,4.521087280691911,10.48623889444125,0.38862879070739975
4082,4725,3.572547577883536,11.27764694245058,0.5168965787778946
4083,4727,4.945238348528917,10.17826269897303,0.33127228879386617
4084,4728,4.914934302001328,10.056039034751048,0.3353702016236304
4085,4729,5.292979741284851,9.641489285836855,0.2842484065701741
4086,4730,4.668013106174782,9.85259597402819,0.36876051256435327
4087,4733,4.947262358426984,10.267698540350949,0.330998588840254
4088,4734,5.0238225192488635,9.533563276700754,0.3206456194770647
4089,4735,5.119852099720907,9.93971745679609,0.307659866914449
4090,4736,1.9656595269408148,8.9908339152044,0.7341905680132301
4091,4737,4.354696738943307,10.540920660670475,0.4111292160272415
4092,4738,4.885568370574166,10.309882627932106,0.3393412563487406
4093,4740,4.088795192170093,10.586315413810343,0.44708617507507337
4094,4741,5.472602003992233,9.357378317562462,0.2599587007650521
4095,4743,4.949805612719574,10.262811108527707,0.3306546732385713
4096,4744,3.824323546599124,10.50116977504237,0.4828497734614293
4097,4745,3.3548361434692553,11.988844883049104,0.5463369533318483
4098,4746,5.314095290806259,9.621705835661785,0.2813930228440264
4099,4747,0.0,5.343971560385366,1.0
4100,4748,2.4421034165366926,8.442463238316307,0.6697626862100451
4101,4749,0.6055963361631603,8.374078885798838,0.9181072734506959
4102,4750,2.7406630924120567,9.471644644786128,0.6293894797768366
4103,4751,5.656268809617025,8.77723889453842,0.23512206521915463
4104,4752,5.210112691869744,9.771889298397733,0.29545423496189455
4105,4753,5.496287663782725,9.195463214317503,0.2567557697951395
4106,4755,5.04571167372883,10.168255442954703,0.3176856237915221
4107,4756,1.5775394416059672,8.924165132129492,0.786674723082583
4108,4757,5.284334352041722,9.4306096420435,0.28541749306380354
4109,4758,4.7349678227398435,10.513137977430386,0.35970645465906986
4110,4760,5.290637692974969,9.503050717054714,0.2845651137732288
4111,4762,1.7606956847962052,8.262487844814867,0.761907129152928
4112,4763,2.783889887159097,9.126513261007887,0.6235440677912718
4113,4764,4.796399667638707,10.238400351765183,0.3513992358479467
4114,4765,5.798244069272115,8.415862667534023,0.21592323520415893
4115,4766,5.453348682901904,9.126462902133163,0.2625622616934516
4116,4768,5.020570793093919,10.010651971004691,0.3210853393117441
4117,4770,4.507205448798315,10.422542410678755,0.3905059834765439
4118,4773,4.348712080849005,10.486653844489034,0.4119385009246913
4119,4775,3.9087496190531,11.55294449749582,0.47143312370276486
4120,4776,5.468941340748422,9.484496613806257,0.26045371976717124
4121,4777,4.574284428920782,10.193325831987607,0.38143512183431727
4122,4778,4.410087525677123,11.217075858315528,0.40363890890272636
4123,4779,3.677278176149086,10.855320130608888,0.5027342172625585
4124,4780,4.547746915039034,10.053226334225126,0.38502369930389896
4125,4781,4.154187419740708,10.139043138967333,0.43824340722608257
4126,4782,2.937598214292155,9.001562741968275,0.602758615088554
4127,4783,4.491094522742815,10.909259649012927,0.39268460904465446
4128,4785,5.264173895348577,9.721105004876474,0.28814372284508155
4129,4786,3.430741085541748,10.564884123424797,0.5360725869648616
4130,4787,4.3791832807721995,10.183779770054615,0.4078179845114826
4131,4789,4.715839701628621,10.300291317505664,0.3622930852214141
4132,4790,4.52120995644472,10.15380794158862,0.38861220168385535
4133,4791,2.9414974783984924,9.414805651436694,0.6022313309057815
4134,4792,5.012731299113204,10.220493578968892,0.32214544733834655
4135,4793,0.9225629925360409,7.855508443781412,0.8752449538401657
4136,4794,3.763971964672371,10.508839213877444,0.49101091199614777
4137,4795,3.6137128227307613,11.726844566690481,0.5113299431523106
4138,4796,4.2457096876480485,10.751691203147661,0.4258671631649087
4139,4797,4.0298875424923235,10.385921064591383,0.4550520555777323
4140,4798,4.623409402010065,10.452943945424032,0.37479211931314826
4141,4799,1.4871236321340047,8.337368697363477,0.7989013445442203
4142,4800,0.9539679180745055,7.012356083668381,0.870998172897406
4143,4802,3.966039486292247,11.227626933450905,0.46368601040022117
4144,4803,5.00582500074486,9.849601606977963,0.32307936250588204
4145,4804,5.422666875400328,9.38802244983794,0.26671125785099775
4146,4805,4.267012466789222,10.595081728177654,0.42298646101601345
4147,4806,4.413155239940653,10.418297215247048,0.403224072368367
4148,4807,6.063433806474942,7.782205117185716,0.18006253173619427
4149,4808,5.057738587553786,9.80177302019976,0.3160592652647529
4150,4809,4.908168738250839,10.353462297367514,0.33628508572890903
4151,4810,4.715354008352207,10.555020209238585,0.3623587638662424
4152,4811,1.5460740047413257,9.162922573317033,0.7909296867655473
4153,4812,3.7521961388304472,11.621042301666979,0.4926033167515575
4154,4813,3.08977870693853,10.376158869813528,0.5821797662312679
4155,4814,3.481739658481309,11.228835802617489,0.5291762239277197
4156,4815,5.2848980183630765,9.274038621374471,0.28534127039011276
4157,4816,4.667112793631628,10.695711519531322,0.3688822587581505
4158,4817,2.4626634920684722,11.27220329737774,0.6669824173365171
4159,4818,4.079698636118922,10.638662191610965,0.4483162713170003
4160,4820,6.087242510709303,7.786901565632512,0.17684296188590293
4161,4821,1.768854726552641,9.401741610675018,0.7608038097707511
4162,4822,1.4393704561505487,9.04899122342091,0.80535884362265
4163,4823,4.462680612278979,10.966004569460388,0.39652692522271066
4164,4824,4.713941051518128,10.155994995969056,0.36254983319861706
4165,4825,4.377901532946954,10.271403804496968,0.4079913108972118
4166,4826,2.6631401787747215,9.875889432296246,0.6398726389188317
4167,4828,4.15695536014693,10.840477289372746,0.4378691080877694
4168,4829,4.874061686579045,10.066964004965074,0.3408972659703837
4169,4830,5.161017819628267,9.887476149897688,0.30209316704810374
4170,4831,3.546920176326473,11.260649724971962,0.5203620848626546
4171,4833,5.450846412439452,8.988815119406228,0.26290063519160106
4172,4834,2.9536150623990753,9.1825360711848,0.6005927113604833
4173,4835,2.39751590463995,9.65183330202239,0.6757921033336818
4174,4836,4.278236181963171,10.550855889277024,0.42146871630271004
4175,4837,5.103369784682757,9.356388506518183,0.3098887141476909
4176,4838,4.990428967981073,10.192125295347921,0.3251613154930105
4177,4839,4.2898521314636815,10.20327300324955,0.4198979310795321
4178,4840,4.5471981315724905,10.053979712038757,0.3850979094199065
4179,4841,1.907102200547072,9.740608154967166,0.742109075493317
4180,4842,4.68690545336502,10.375662879733083,0.36620576490500184
4181,4843,4.227836288446249,11.007985683027574,0.42828412196392157
4182,4844,5.427201182660359,9.37556524598503,0.266098098948999
4183,4845,3.97562217956086,10.262793486115726,0.4623901754808352
4184,4846,4.6668465198521245,10.689306030288366,0.36891826605296063
4185,4847,2.5023688465052807,10.100768112657764,0.6616131977107221
4186,4848,4.184016578199046,10.582953304589598,0.43420971188984403
4187,4849,5.470454817456499,9.239508365642777,0.2602490574751592
4188,4850,4.538318225251139,10.429669626081855,0.3862987088579698
4189,4851,6.145502419466768,7.5434927212241245,0.16896467317813074
4190,4852,4.999699079436114,9.352591963842798,0.323907749945902
4191,4853,5.6616196610614615,9.042215066551252,0.23439848783273673
4192,4857,0.525075241343673,6.1047021951792715,0.9289958664056676
4193,4858,4.04540738596539,10.869477490704565,0.4529533600907678
4194,4859,4.185563254034358,10.860550971548498,0.43400056019311456
4195,4860,4.787606146826933,10.377509143573873,0.35258835366825364
4196,4861,5.278448315050875,9.613191092716143,0.2862134417658787
4197,4862,5.035823286545803,9.68943171573026,0.31902279665608035
4198,4863,3.524634785116262,10.500660728438632,0.5233756622894677
4199,4864,2.9139217311867713,9.998515299713734,0.6059603051266457
4200,4865,3.2501310567819015,9.608589795974765,0.5604958650034976
4201,4866,4.020650027402882,11.873248154412535,0.4563012132295232
4202,4867,2.6460040362618282,9.705925551537947,0.6421899010109526
4203,4868,4.103216929894096,11.332269591068577,0.4451359726823705
4204,4871,3.7654636193836755,10.693091713777516,0.49080920061831357
4205,4872,4.009671340783565,10.851032808060154,0.45778582356729774
4206,4873,6.047313716509777,7.308971059214012,0.18224239650854615
4207,4874,4.841267941383114,9.872482959972643,0.34533185225746854
4208,4876,3.5836656457526197,11.971080996521977,0.5153931203892128
4209,4877,3.7096429010236767,11.344322452823794,0.49835764592992704
4210,4879,2.1888168223055375,8.5906546418667,0.7040137682614862
4211,4880,6.385457774856974,5.941006258866641,0.1365163290756708
4212,4884,5.011581213968117,10.13611753765415,0.32230096942900477
4213,4886,3.5989351334398343,10.968831736177329,0.5133282796610811
4214,4887,4.892984828731713,10.226675340134667,0.3383383540133198
4215,4888,4.837973962224381,10.000781228123389,0.34577728582170425
4216,4891,0.0,7.466916259213672,1.0
4217,4894,4.935556539911961,10.057001463102065,0.3325815267436767
4218,4895,4.0281097697137955,11.337811344833879,0.4552924577257063
4219,4896,4.781964379267354,10.236523885718848,0.35335127064846283
4220,4897,5.0434598618206845,9.620632669124614,0.3179901286338112
4221,4898,5.789359059564187,8.740077296390812,0.2171247247557787
4222,4899,4.608391244705256,10.02414051892067,0.37682297349108007
4223,4900,2.626689909426421,9.607962710646591,0.6448016844928205
4224,4901,2.8123516550103513,10.443279591661721,0.6196952800219802
4225,4902,5.239665335898917,9.490256231975659,0.2914579317285838
4226,4903,5.491597607243241,9.495867072614612,0.25738999014086045
4227,4904,1.0709751357823531,7.894751831098191,0.8551756860165375
4228,4905,4.206917573093628,10.458488002545899,0.4311128884769233
4229,4906,2.5110162368395996,9.31067018523282,0.6604438406163576
4230,4907,4.355148632483495,10.137205649976817,0.41106810800543536
4231,4908,5.522282306962547,8.953554719415923,0.2532406028785776
4232,4909,5.119747654354099,9.689724486429895,0.3076739907050874
4233,4910,3.803862125885086,10.755654285657059,0.4856167015805148
4234,4912,1.0962583107462378,7.862492831572025,0.851756728519645
4235,4913,4.166861852246413,11.212639903494516,0.4365294869571237
4236,4914,0.0,6.261416493422131,1.0
4237,4915,2.716412549023545,10.713744661404808,0.6326687980286108
4238,4916,3.0541907408956526,9.602641719775448,0.5869922054710094
4239,4917,6.196077918925438,7.321699963390056,0.16212552092449578
4240,4918,4.304051571125721,11.166469722263159,0.41797778929537927
4241,4919,4.754417362157562,10.381950054452476,0.3570763597956558
4242,4920,1.681482231158733,8.352647153784336,0.7726188942518697
4243,4921,4.828474783031898,10.325030439302235,0.3470618274174831
4244,4922,5.8669354009799095,8.327587373357535,0.2066343407575809
4245,4923,2.645271020153288,10.096003487553313,0.6422890242786284
4246,4924,4.830912167695169,10.382424765685052,0.34673222820459915
4247,4925,6.028775364648639,7.879671010679862,0.18474927458719742
4248,4927,4.845250534390409,10.25128118855612,0.3447932997916958
4249,4928,4.665974661922188,10.445688185167041,0.36903616442648535
4250,4929,3.2658465424936214,10.082924946526184,0.5583707134840329
4251,4930,5.0968870996027205,8.850679201810262,0.310765345535404
4252,4931,2.094258262987969,9.220948243801233,0.7168005996517665
4253,4932,5.12182545123022,9.703125451620368,0.30739301732192725
4254,4933,4.849692467063061,10.445591219535942,0.34419263239001274
4255,4935,3.4848081392406316,11.733725293461571,0.5287612837427492
4256,4936,0.9175662554736097,8.311714849170071,0.8759206455467651
4257,4937,6.239064341551167,6.892148361659408,0.15631261364086715
4258,4938,4.814621290782351,10.350508770854344,0.3489351879132431
4259,4939,5.041702748685151,10.17355217199606,0.31822773704874335
4260,4940,1.1000530598436,7.919660087536292,0.8512435775449836
4261,4941,1.2345336080905698,8.524553849302837,0.8330582317855231
4262,4942,6.092562182678244,7.5332387910425656,0.17612360079358763
4263,4943,2.9005183138401707,10.445674619987095,0.6077728035287094
4264,4944,3.976972630563567,11.225315896531594,0.4622075585987986
4265,4945,4.946996419348162,10.142419747197032,0.33103455087463285
4266,4946,2.431495698987633,9.403011320155901,0.6711971316660086
4267,4947,4.397319607675117,10.343214813104186,0.4053654708964246
4268,4948,5.304944409036237,9.536994924265441,0.28263046536758146
4269,4949,5.072479020226055,10.053301960361857,0.3140659668414227
4270,4950,4.99666761029736,10.061351417917422,0.3243176851756881
4271,4951,5.057837370163041,9.814039078920981,0.3160459072294999
4272,4952,5.8223344097300345,8.002107017762189,0.21266558064815688
4273,4953,4.920992034124036,10.209677146019345,0.3345510351746111
4274,4954,4.2602892717134395,10.32807383609849,0.4238956157499521
4275,4955,5.604194951306116,9.129455958841199,0.24216383542873118
4276,4956,2.1649460302416976,10.055806102696085,0.7072417340371455
4277,4958,1.2919524772749709,8.35817395622663,0.8252936739900123
4278,4959,4.4654451218399025,10.661807973455485,0.3961530900259029
4279,4960,4.4133136952254794,10.417982401230091,0.4032026450007696
4280,4962,5.725220454468932,8.62742806930104,0.2257979695141558
4281,4963,5.703127275411368,8.787016557070846,0.22878555474729773
4282,4964,4.891274862059003,10.20418699608263,0.33856958697292433
4283,4965,5.0049049439705495,10.003333828898395,0.3232037786447012
4284,4966,4.102931845538034,10.804385965203473,0.4451745236672763
4285,4967,5.11154762234941,10.018770417269907,0.3087828530586975
4286,4968,1.7700033134021083,8.707532552018755,0.7606484902894981
4287,4969,4.178041136667988,11.222819102547298,0.4350177504628885
4288,4970,1.5372082889466903,8.274486857489887,0.7921285672670937
4289,4972,4.149469286159367,9.963788014705433,0.4388814243343891
4290,4973,5.855543845764595,8.473087887687928,0.20817478190709224
4291,4974,4.159193506949232,11.071052630861704,0.437566451131125
4292,4975,4.596912466488592,10.222312869802058,0.3783752095095029
4293,4977,4.0103959179582915,10.68345083584536,0.45768784146785224
4294,4978,2.614577167429064,9.137030599071338,0.646439649270541
4295,4979,5.0568675802169505,9.704401130150304,0.3161770486154743
4296,4980,1.8703025265082205,7.685075817677901,0.7470853698716159
4297,4981,3.129303590183413,11.24206255046775,0.57683495110908
4298,4982,2.8188426246560105,10.102679030763511,0.6188175283407207
4299,4983,4.629275692878217,10.945632339637541,0.37399884081188134
4300,4984,5.26254834956294,9.844904056980818,0.2883635398561288
4301,4985,2.5654932257787753,8.191803044066509,0.6530771032501934
4302,4986,5.278007080920789,9.627965755179993,0.2862731083520214
4303,4988,5.257271696846346,9.97742966444858,0.28907708360170925
4304,4989,3.53520218754426,10.924936652439015,0.5219466685097904
4305,4991,5.353839332410889,9.572287192397733,0.27601857168450816
4306,4992,1.7564885380999657,8.712780454449042,0.7624760472479926
4307,4993,6.390646813949509,6.1772682521002045,0.13581463302157817
4308,4994,4.237707680581053,9.499550436272388,0.426949247281756
4309,4995,4.494106249794346,10.317152243840688,0.3922773434699735
4310,4997,0.9758095695055797,8.896377973930987,0.8680446008871087
4311,4998,5.020411956330075,10.319698195812787,0.32110681826544757
4312,5001,4.842589933199067,9.955178401004538,0.34515308381416826
4313,5002,5.005366437949434,10.028569191901212,0.32314137238832197
4314,5003,5.0706948228063755,9.910183280572912,0.31430723777170194
4315,5004,5.595587544382129,9.293624324553239,0.2433277857029197
4316,5005,6.046420201135035,7.405048807481576,0.1823632235444475
4317,5006,5.47308736170706,9.239845359200118,0.2598930674970724
4318,5007,2.1675688085278857,8.938069857364315,0.7068870646771044
4319,5008,3.25013106713489,9.782713854338002,0.5604958636034981
4320,5009,2.288080837955449,8.770166747062747,0.6905906340640331
4321,5010,5.192615295331281,9.846410273082498,0.29782034820347636
4322,5011,4.950310028963411,9.877364273153244,0.33058646275073167
4323,5012,5.091869036655538,9.90345983130004,0.31144392106864516
4324,5014,1.0230520289101084,8.098116456020351,0.8616561642693393
4325,5015,4.436154578790987,10.373524837692912,0.40011395023781016
4326,5016,4.851728879459614,10.166859063681455,0.34391725528884154
4327,5017,4.8543646389250545,10.331502532155035,0.34356083052821534
4328,5018,5.397723924865558,9.176990344070724,0.2700842079590155
4329,5019,2.0071082241633125,9.116600454031609,0.7285856020899351
4330,5020,2.29393364366935,8.798686225727813,0.689799179114171
4331,5021,4.629369990209936,10.16988737842749,0.37398608930540805
4332,5022,5.10942832972301,10.012838551449061,0.3090694377706053
4333,5024,1.1293484349123286,6.876597059477112,0.8472820639155215
4334,5025,4.778545330739847,10.359105334485374,0.353813616916764
4335,5027,4.334927089621104,10.679695846588,0.41380259826098514
4336,5028,5.747998276867477,8.565091709394814,0.22271780229767163
4337,5029,5.246052974908839,9.712952425140863,0.29059415309668296
4338,5031,5.554144823423554,9.138369216545772,0.24893194347643255
4339,5032,3.4242753413176565,11.06031546393309,0.536946927498419
4340,5033,3.0851451016800633,10.355111485144134,0.5828063528628402
4341,5034,3.9480258498084293,10.583933793105688,0.4661219330084623
4342,5035,4.992936022739146,10.129762955432621,0.3248222950308859
4343,5036,4.394024933690526,10.509579655363481,0.4058109984195907
4344,5037,6.34439878867606,6.697862547369946,0.14206859570431052
4345,5038,4.021060737378301,11.190148953430722,0.4562456743206831
4346,5039,4.359173038988412,10.540839663135923,0.41052390124302585
4347,5040,5.116107788846152,9.869503763928414,0.308166197300337
4348,5041,5.658194224462333,8.849207289917913,0.23486169793817044
4349,5043,2.3477839150122564,9.378375374818635,0.6825171906305051
4350,5044,4.919187204109502,10.614566427352347,0.3347950961803045
4351,5045,5.250659539588551,9.859850740835844,0.28997122307032663
4352,5046,4.575385646347739,10.104477179738318,0.38128620795846974
4353,5048,5.269201946928719,9.578381779288911,0.2874637965830814
4354,5049,1.5549732255244466,9.644045697616235,0.7897262754987102
4355,5050,1.0004170116487274,8.149737830302088,0.8647170204343041
4356,5051,4.472502925734869,10.720808910422413,0.3951986872828629
4357,5052,1.587475221052895,8.743375350749385,0.7853311415238561
4358,5054,5.072746830625373,9.758230740062618,0.3140297517547572
4359,5055,5.26735325705048,9.636012403946385,0.2877137886085158
4360,5056,4.735824897557007,10.479604184266773,0.3595905553554529
4361,5057,5.234233058436736,9.52203388272423,0.29219252007759666
4362,5058,6.183825370395749,7.316656265524932,0.1637823912626339
4363,5059,4.492160117642122,10.459789141932387,0.39254051228169484
4364,5061,3.177425189914685,11.2163842808458,0.5703276313441099
4365,5063,4.052008934370807,10.92531084383139,0.45206065522106537
4366,5064,2.352721806586544,8.867411137663224,0.681849456398516
4367,5065,5.267977746011284,9.784452660433622,0.2876293410967885
4368,5066,5.620736006471711,8.981700386686466,0.23992704496844666
4369,5067,1.939977699326194,8.83861191094657,0.7376634339480793
4370,5068,4.6712669182881985,9.332496969066671,0.368320510652626
4371,5069,4.843849444484009,10.322590336207673,0.34498276439992437
4372,5070,5.857205245258056,8.546869200254232,0.2079501165214508
4373,5071,5.9296332319389276,8.221491644430353,0.19815592697045056
4374,5072,4.6881796983938795,10.064617443969876,0.3660334530968321
4375,5073,3.9361837616002533,10.791099993844313,0.4677232981976064
4376,5074,4.6941770267399185,10.357389724500196,0.3652224548444645
4377,5076,4.6824912827547145,10.432761110524096,0.36680267813770395
4378,5077,4.8452197993724795,10.008590767830741,0.344797455983318
4379,5078,5.390929496028159,9.29536576744308,0.27100299539152395
4380,5079,2.0958732709094536,8.425978490290639,0.7165822076401386
4381,5081,3.886797395938356,11.191567799260351,0.47440164794463
4382,5082,3.8974698929519973,10.982744508495466,0.47295844258266606
4383,5084,4.9598732399671075,10.003411780639057,0.3292932623515668
4384,5085,5.479986282784015,9.187588218484745,0.2589601499354839
4385,5086,5.050993399495123,10.048899138304279,0.3169713940347375
4386,5088,4.2262060843579,10.909480626837786,0.42850456890135286
4387,5089,1.6177216066676334,8.719119824252246,0.7812410259826267
4388,5090,4.582451071377753,10.432610136734846,0.38033077463533665
4389,5091,4.9101335125418,10.304951988139575,0.3360193960043638
4390,5092,2.545944647098949,9.213022234915258,0.6557205908551502
4391,5093,2.1763235644858376,8.900740454643424,0.7057031888957336
4392,5094,1.1935813526997878,8.127014681179837,0.8385960655735252
4393,5095,4.90607198390064,9.837182921840588,0.33656862266661547
4394,5096,6.9172948734159325,2.937784742724447,0.06459781259817045
4395,5097,4.703382775987312,11.026009962273744,0.3639775927791247
4396,5098,5.585848193386312,8.724723128208545,0.24464480491231805
4397,5099,4.740612457206813,10.379883576149973,0.3589431499967547
4398,5101,5.79602108391828,7.925156883045664,0.21622384192985028
4399,5103,4.439969456369148,10.349104188560831,0.3995980773573585
4400,5104,5.451238882637568,9.318092723975022,0.2628475627856206
4401,5105,0.42939504040260024,7.3304572724007455,0.9419343735662175
4402,5107,2.876929897467686,9.78551749242546,0.6109625846029505
4403,5108,2.4077523659769717,10.487516771194528,0.6744078615887328
4404,5109,2.201833905058834,9.129885189776893,0.7022535125684958
4405,5110,3.697221179279002,10.522579214510397,0.5000373929847938
4406,5111,1.357603171058976,9.024091003018247,0.8164159546367414
4407,5112,1.5757773777122401,8.26635987736714,0.7869130009716562
4408,5113,4.655407240998523,10.559728491092226,0.37046516070726854
4409,5114,5.396488570241056,9.489794877398063,0.27025126075047845
4410,5115,3.446271123886415,10.720537318782661,0.5339725128601904
4411,5117,2.9714188317393444,10.336602819040442,0.5981851683701032
4412,5118,2.1711326274086984,8.648995643188366,0.7064051416078092
4413,5119,4.6428960460304385,10.402949387311,0.37215700692089937
4414,5120,3.92475299844279,10.64809391431126,0.46926904130337677
4415,5121,3.979469282375896,10.882422034156187,0.4618699448915373
4416,5122,4.878577499710693,10.168538497651475,0.3402866079662736
4417,5123,4.174526113335611,10.700040562541407,0.43549307507663454
4418,5124,4.6116802966424295,10.515955230312976,0.37637820621820667
4419,5125,5.444873050195444,9.142323917959747,0.2637083925897513
4420,5126,1.596616971788577,8.448002936284508,0.7840949337589244
4421,5127,4.442960871841224,10.65730822390796,0.39919355844827437
4422,5128,4.5436849173551686,10.804086277902492,0.38557298939319545
4423,5131,4.358752792586452,10.431373107607286,0.4105807297302935
4424,5132,1.7950799525541945,8.767188615745438,0.7572574619258389
4425,5133,5.129667024971495,10.063009411785353,0.3063326280563994
4426,5135,4.77983025106206,10.235127232820702,0.35363986152509297
4427,5136,4.977765579807242,10.195485542386,0.3268737422746478
4428,5137,3.5180166737011604,11.543667725841692,0.5242706069184652
4429,5138,4.934378484271736,9.947387178496665,0.33274083118897113
4430,5139,3.7121841640253854,11.0824756946229,0.4980139996037169
4431,5140,3.904743383078153,10.890111083926035,0.47197487332639526
4432,5141,1.6448062746674745,8.585546226250763,0.7775784587282697
4433,5142,1.3331760258051433,8.259552785445019,0.8197191541562864
4434,5143,3.8452725091650346,11.109437589206111,0.48001691672096264
4435,5144,4.278488882618231,11.211686082775692,0.42143454445521383
4436,5145,3.7601455402924464,10.978353576923052,0.49152834631121
4437,5146,5.0292943410440945,10.165745014807705,0.31990568368279887
4438,5148,4.2652773089520615,10.867349955764112,0.423221100490847
4439,5149,3.531692375968664,9.946385312230216,0.522421288355447
4440,5150,5.616607440712219,8.952624836245185,0.24048533683151338
4441,5151,5.191379578863781,9.865680310800855,0.29798744992573345
4442,5152,4.9598315450122765,10.08504306996348,0.3292989006180664
4443,5153,3.1593525075096673,9.959191132091446,0.5727715385308398
4444,5154,0.5214607892615147,6.456981923290551,0.9294846364300456
4445,5155,5.106366255325568,9.989367832839257,0.30948351164511395
4446,5156,6.090903005270214,7.422317206325994,0.17634796569419683
4447,5157,2.756364204252613,8.83105750569284,0.627266271986933
4448,5158,4.185080378717893,10.219392630348029,0.43406585777483253
4449,5159,4.09948040025248,11.250118959195511,0.4456412508386468
4450,5160,5.398185558174982,7.692629224718758,0.2700217828614428
4451,5161,4.326248411262026,10.296133402347031,0.4149761863281987
4452,5162,6.433354172284806,5.795173084105734,0.13003946264991764
4453,5163,5.018152633394277,9.99092587435972,0.32141233879838227
4454,5165,4.77730727569461,10.395560674758414,0.3539810348769105
4455,5166,3.196029561807655,10.943857801478988,0.567811825601781
4456,5167,4.834346450760007,10.259021343158835,0.3462678218217873
4457,5168,4.555668274421041,10.61392075808197,0.3839525208983633
4458,5169,4.84387935250334,10.07033078709166,0.34497872004050145
4459,5170,3.5992312868829286,10.132639824846454,0.513288231841298
4460,5171,4.443464267816566,10.389978386854821,0.39912548592786273
4461,5173,5.130688236126369,10.058759298559387,0.3061945331557844
4462,5175,0.9137978137005965,8.620599159933823,0.8764302390717021
4463,5177,6.538669814025653,4.979662140955395,0.11579798770129121
4464,5178,3.2491134427743686,10.763229620187104,0.5606334734741492
4465,5179,5.670651465768502,8.820829952863761,0.2331771476941776
4466,5180,2.7834459012319335,9.292331010560325,0.6236041064935454
4467,5181,0.9610880515273503,9.309698683084562,0.8700353415408912
4468,5182,5.161102483465491,9.466216436037273,0.30208171824622626
4469,5183,4.680337418108057,10.347936636690664,0.3670939379059688
4470,5185,4.781964729919459,10.425072143038904,0.35335122323097484
4471,5187,6.561130485055563,5.424426787350065,0.11276070778242663
4472,5188,0.0,4.884491990312255,1.0
4473,5190,2.5355624543683524,8.723886935481925,0.6571245393592902
4474,5191,1.7662567987438418,8.289371636638679,0.7611551186855122
4475,5192,5.512509764670175,9.329179897548618,0.254562110433777
4476,5193,1.377866477925146,7.916181198133987,0.8136758167774384
4477,5194,4.516780158770839,10.452821932563339,0.38921122811105313
4478,5196,5.539361026623009,9.004667198459273,0.2509311058828929
4479,5198,3.907922475942745,10.990021997844174,0.47154497544378204
4480,5199,4.512595993009024,10.78053468733076,0.38977703857275475
4481,5200,1.8247925902563416,7.972715202879904,0.7532395232939498
4482,5201,4.482383667712735,10.670405080966727,0.3938625482533169
4483,5202,4.330226185719771,10.74537581656578,0.4144382854584432
4484,5203,5.156598993086844,9.8791694487734,0.3026907098864872
4485,5205,4.505004630667,10.542195974996318,0.3908035926043573
4486,5206,4.536262296869433,10.441941061807032,0.3865767250392345
4487,5207,0.0,7.2131333486609,1.0
4488,5208,4.83007385828866,10.407306132766172,0.34684558992575143
4489,5209,4.105252989701767,10.796124358030541,0.4448606432605909
4490,5211,3.757778496529499,11.810265781650706,0.49184843356411084
4491,5212,5.231036383335317,9.202589553056013,0.2926247955461143
4492,5215,1.2378206937850906,7.456420670329406,0.8326137304009358
4493,5216,5.025982007919366,10.128614079618963,0.3203535991912417
4494,5217,5.606609838118585,8.956567383140792,0.24183727852346
4495,5218,4.5760135470383165,10.03429156115994,0.3812012990901642
4496,5219,3.3027435625573127,11.157301658725343,0.5533812553348905
4497,5220,4.6498247856700115,10.13495649321218,0.3712200570968139
4498,5221,5.172147598002676,9.940546173004382,0.30058812508773713
4499,5222,3.752057068894607,10.668790689354942,0.4926221227045445
4500,5223,4.94988854981912,9.99740644870523,0.3306434579375394
4501,5225,2.2173708898039046,8.985705552566696,0.7001524991257957
4502,5226,1.2908510803920152,8.702003874461543,0.8254426121330825
4503,5227,4.531664497125904,10.666663463147712,0.38719846981317224
4504,5229,2.9301078917480137,9.156770813465476,0.6037715058529859
4505,5230,4.511690245938183,10.34172033872298,0.3898995196591911
4506,5231,2.822538763800984,9.957361644468802,0.6183177120535133
4507,5232,6.133307555889062,6.687148941579489,0.1706137429770042
4508,5235,2.2890745108544124,9.685609305635538,0.6904562630678184
4509,5236,1.1003736665670831,7.077974612062127,0.8512002229915159
4510,5238,4.668267560662699,10.689792369852839,0.368726103552023
4511,5239,4.446785863218713,10.313343081701971,0.39867631791324293
4512,5240,1.5222734007975813,8.775564847057032,0.7941481612411727
4513,5241,0.9364508440762601,7.9133885163355115,0.8733669470547446
4514,5243,4.20180774969176,11.449236399353836,0.4318038724634112
4515,5244,4.641723372644391,10.392382558821044,0.37231558354232297
4516,5245,4.736562842128263,9.89681628745456,0.3594907656285776
4517,5246,3.523591519297725,11.891409526672536,0.5235167395670104
4518,5247,5.960254496550035,8.149762575044372,0.19401511782144065
4519,5248,5.166237484093294,9.920727158051347,0.3013873296293674
4520,5250,5.027132278011861,9.467848879739686,0.32019805209077645
4521,5251,4.7541857718397535,10.398751156726863,0.3571076769642633
4522,5252,2.054752779849527,9.846609781503325,0.7221427913637436
4523,5253,5.339014988411083,9.526013543601959,0.27802321715039785
4524,5255,4.901743868750747,9.799402188285049,0.337153898912984
4525,5256,6.514792852965265,5.835986351638503,0.11902678768930822
4526,5257,3.1482272672787053,10.000597606143554,0.57427596681355
4527,5258,4.610032805808775,10.414524138663076,0.3766009907832319
4528,5259,5.239607595758182,9.738206382590572,0.2914657397308351
4529,5260,4.732328099003006,10.388136073261062,0.36006341549459303
4530,5261,4.203626659244853,10.671776209679498,0.4315579075297507
4531,5262,2.6974781299688306,9.238637736128169,0.6352292349226674
4532,5263,5.0024579513944385,9.959743739446736,0.32353467710286105
4533,5264,2.4335747267671293,9.116826871432817,0.6709159918319842
4534,5265,2.51479793025951,9.453105640851614,0.6599324551164187
4535,5266,0.0,4.53613087720077,1.0
4536,5268,5.086640084363825,10.000718899043536,0.3121510144484988
4537,5269,2.8616654512837325,9.999495696851223,0.6130267435857953
4538,5270,4.483450251350124,10.705030409368916,0.3937183177866796
4539,5271,3.5609439770121916,9.814961251734122,0.5184656941380777
4540,5272,5.317537875514422,9.54326283798518,0.28092749385830873
4541,5273,3.1184403857073164,11.271585972955272,0.5783039451905939
4542,5274,5.155649361840492,9.869744534323075,0.3028191252802672
4543,5276,0.6886815199380419,4.91054756484089,0.9068719474936678
4544,5277,2.458826101215033,9.447525896838565,0.6675013346103805
4545,5278,4.707918864817942,10.275171117199275,0.36336419296141176
4546,5279,3.6980488709988424,11.735715107209403,0.49992546705718754
4547,5280,2.1934901182610416,8.113964891940627,0.7033818143923583
4548,5281,5.753520804890675,8.938575051273174,0.221971009673182
4549,5282,3.8035440556044744,11.260474447807841,0.4856597131394661
4550,5283,5.202378174598836,9.899945739431768,0.29650014734615754
4551,5284,5.266845324329473,9.440139674443882,0.2877824746175668
4552,5286,1.7378010625768407,8.697424990868292,0.7650030908107194
4553,5287,4.263345545473789,10.527348361575543,0.4234823262758086
4554,5288,1.9749617645835733,9.040219971310723,0.732932658151355
4555,5289,1.725384697051204,9.511164492860395,0.7666821135623583
4556,5291,1.8969599807862094,9.753145309080729,0.7434805732714269
4557,5292,2.2901505587197493,8.784174560345807,0.6903107527859228
4558,5293,4.880874295865987,10.257787205714976,0.3399760200577062
4559,5294,5.003447596710705,9.879937552720133,0.3234008507429142
4560,5295,4.798889581721804,10.280358407800904,0.3510625332608237
4561,5296,2.7488844721192596,9.448982776646359,0.6282777306462431
4562,5297,4.596182085907174,10.332121734789084,0.37847397638383706
4563,5298,2.6184352287409185,8.761336645287283,0.6459179368011032
4564,5299,1.9064324407792288,8.860691803178584,0.742199644821839
4565,5300,4.384614204113269,10.626398916095672,0.40708357927564803
4566,5301,3.3144398022090433,11.493923027763866,0.5517996127484726
4567,5302,2.6585879503344243,9.651549160702036,0.6404882212408998
4568,5303,3.4236720643225915,10.250050012911428,0.537028506588384
4569,5304,4.016727099967948,10.887237560925511,0.4568316973234944
4570,5305,5.872396535978626,8.53219950882159,0.20589585010234973
4571,5306,4.855612873897401,10.314299424712033,0.34339203597125467
4572,5307,4.710241377885687,10.226381561098309,0.3630501274425068
4573,5308,4.891280607151942,9.963483227456422,0.3385688100836055
4574,5309,5.177203176529115,9.757102257965153,0.2999044764506973
4575,5311,4.201141362961034,10.94516667556777,0.4318939856676309
4576,5313,4.103973436474787,10.743591466675053,0.4450336728782835
4577,5315,4.996052714404886,10.204869215461043,0.32440083544951187
4578,5316,5.037610890754727,10.173749229335304,0.31878106503731385
4579,5317,4.239329484036757,10.790650274106929,0.42672993633321865
4580,5318,4.227331754223514,10.831101284166607,0.42835234840564507
4581,5320,1.9164682021089317,8.749054950411274,0.7408425430541923
4582,5321,4.745578137089052,10.360340334543862,0.3582716580466812
4583,5322,4.923164754130246,10.285283818609539,0.3342572256603989
4584,5323,1.8052803894469966,9.106984909463135,0.7558780916435844
4585,5324,4.706500412486349,9.617622681195337,0.3635560054311673
4586,5325,3.146919375759786,9.866477699572075,0.5744528285217855
4587,5326,6.540457589706069,5.734480966597384,0.11555623289501979
4588,5327,0.724020177200634,6.397750272069166,0.9020932214297682
4589,5328,3.606043663030479,11.52995438928979,0.512367017455265
4590,5329,1.9447804039535164,9.662901198956245,0.7370139805857386
4591,5330,4.364780268689314,11.398196223795969,0.40976565469961973
4592,5331,5.177262163158852,9.726969723819222,0.2998964998899908
4593,5332,0.0,7.2395257924713885,1.0
4594,5333,4.8719103486400925,10.287155620978698,0.34118818406058554
4595,5334,5.292394350584409,9.77645821700433,0.28432756695753625
4596,5336,3.0539675573351825,11.218143585997286,0.5870223858225017
4597,5338,2.890709678811034,9.893678926063618,0.6090991917815715
4598,5339,5.084901777181786,9.854161467880095,0.31238607979849636
4599,5340,5.155128470821626,9.84925250931116,0.30288956359573044
4600,5342,5.913242934038164,7.856188032922624,0.20037233104011995
4601,5343,3.986716300631945,11.104575429652282,0.46088995533595234
4602,5344,3.5671905959586967,10.02180146883041,0.5176209851682633
4603,5345,6.414211316544826,5.343930331815043,0.1326280857258417
4604,5346,3.12555759882859,10.207249476869956,0.5773415087405548
4605,5347,4.8983633071648605,10.471784203707113,0.3376110407234679
4606,5348,5.282167314608501,9.52221459783906,0.28571053414305647
4607,5350,0.9637201216048272,6.995871776251606,0.8696794156836131
4608,5351,2.7487380774960526,8.519961775644921,0.6282975270917146
4609,5352,4.366801883634677,10.691784664506374,0.4094922786072915
4610,5353,5.4485406880535745,9.293102492394642,0.26321243043433157
4611,5354,5.28470736948489,9.659503307647736,0.2853670511875119
4612,5355,4.738669704217477,9.775763842938442,0.3592058618558068
4613,5357,5.18268941929807,9.87228351473029,0.29916259055735195
4614,5358,5.3681182448483815,9.473676139086216,0.2740876830680519
4615,5359,4.017850243177548,10.54999088298511,0.45667981849885986
4616,5360,5.387998142506736,9.506239840656137,0.27139939232792243
4617,5361,4.203086435817758,10.425118498162231,0.43163096010082624
4618,5362,2.957467063605203,9.657650237488266,0.6000718183784689
4619,5363,5.40432579664089,9.48630936293673,0.26919145936110267
4620,5364,4.65356103486352,10.55754087502908,0.3707148168645784
4621,5365,5.058764348969382,9.716926182529633,0.3159205550479037
4622,5366,5.502231077556808,9.359587547553863,0.2559520622264081
4623,5367,5.3645808997739275,9.335315040594262,0.2745660261748285
4624,5368,5.223277770072739,9.537184979007176,0.29367396634912735
4625,5369,5.126272297941954,9.702438011547985,0.3067916854115033
4626,5370,1.6862663620770755,8.833607748464146,0.7719719525488301
4627,5371,4.3392840009029525,10.575996810320532,0.4132134280119302
4628,5372,2.2624430756312,9.520946484668528,0.6940575411999939
4629,5374,3.601221798011293,9.556422597604179,0.5130190618120319
4630,5375,5.627784418221857,9.139868179767388,0.2389739122931094
4631,5376,4.117042251887873,9.98189035434488,0.4432664215541955
4632,5377,2.7489882369356406,8.884869816549271,0.6282636988841173
4633,5378,4.497919608694318,10.737810617818372,0.39176167595519246
4634,5379,4.745642347281142,10.289274398508528,0.35826297512145777
4635,5380,3.0163133073840855,9.707459495187543,0.5921142415860305
4636,5381,5.150529623521637,9.603395641534426,0.3035114500271545
4637,5382,5.0936779788666735,9.85119288286117,0.31119930398463413
4638,5383,2.1778427296992233,8.820629446869177,0.7054977573665548
4639,5384,6.062251303438545,8.045031099414246,0.1802224375877007
4640,5385,4.759016979419398,10.294619727873066,0.35645436924491786
4641,5386,2.9438454347708083,9.720202282001582,0.6019138247755992
4642,5387,2.7101545305392447,9.631844923437002,0.6335150485190318
4643,5388,4.822824594552752,10.014121287405667,0.3478258831299174
4644,5389,5.605700742874351,8.795575820713772,0.24196021237196208
4645,5390,4.4327279627650285,10.845251894029815,0.40057731983311046
4646,5391,4.283841908281032,10.551497158296275,0.4207106730566638
4647,5392,1.6569480961489895,8.856930957752084,0.7759365616311111
4648,5393,3.137929543447555,11.046725892404204,0.5756684928765832
4649,5394,4.522493765722464,10.130769086749662,0.3884385965349374
4650,5395,5.422102131370962,9.337930422931553,0.2667876262594664
4651,5396,4.285401353575498,10.458277718775772,0.42049979458953607
4652,5397,5.120294614798498,9.932109401490552,0.3076000271101452
4653,5398,4.851184780031206,9.998309169424797,0.3439908319983517
4654,5399,2.325802678685151,9.071899149307276,0.6854896382300992
4655,5401,4.8688385347839365,10.396415820227178,0.34160357496887
4656,5403,4.624347896665441,10.414066620869836,0.37466520988257346
4657,5404,4.589906350639798,9.929931308261308,0.37932262265439265
4658,5405,5.089187195098609,9.872199363484377,0.3118065773532944
4659,5406,2.4059181557924174,9.397610232460568,0.6746558955745877
4660,5408,5.483934866030779,9.04316960391919,0.2584261964936036
4661,5409,5.165682226920868,9.857585369539681,0.30146241516253636
4662,5410,4.216895797169102,10.7054616880711,0.4297635672758778
4663,5411,5.246454928851611,9.826518619847686,0.2905397982362665
4664,5412,3.559586533038111,11.13871481125603,0.5186492566557768
4665,5413,0.6900082840095241,6.342884501297988,0.9066925337145328
4666,5415,3.5485579100245217,10.115668473163565,0.5201406197217909
4667,5416,1.9825572835714516,9.36218330501761,0.731905542030714
4668,5417,2.78585251578237,9.662662707598361,0.6232786682180481
4669,5418,5.016449313318887,9.89490849582894,0.32164267296130605
4670,5419,5.2669994644739715,9.70967890163742,0.2877616307716748
4671,5420,5.27785489750047,9.313629153675633,0.28629368759677787
4672,5421,5.8021169004773645,8.675497777523166,0.21539952545242474
4673,5423,6.414380038446037,6.089259645315207,0.13260527003873515
4674,5424,2.5259515010718534,9.600083746346067,0.6584241957858381
4675,5425,1.0823594623776935,9.0567520635386,0.8536362223686448
4676,5426,1.3336611838491805,9.252617657014522,0.8196535478891063
4677,5427,2.7484851490529283,9.944270598236916,0.6283317297422136
4678,5428,5.136315466817194,10.087900102700576,0.3054335819467443
4679,5429,4.316686032327242,10.417751141146276,0.41626927420952314
4680,5430,2.1159669686940026,8.896904314991998,0.7138650054383223
4681,5431,3.9176106171157086,11.121448440685423,0.470234881164026
4682,5433,2.756280560686492,9.393981279669038,0.6272775828210296
4683,5435,1.7783159974532796,9.090487893708593,0.7595243943839544
4684,5436,3.942868048499649,11.561430497262254,0.46681940488362533
4685,5438,5.252637618747822,9.88257301831398,0.2897037341738295
4686,5440,1.8893028135868275,8.222902148118948,0.744516025869397
4687,5441,1.2860414441736638,8.303981984092303,0.8260930028308308
4688,5442,3.1852265153206574,10.445520206048464,0.5692726847236578
4689,5443,4.417641014655608,10.325289705415592,0.40261747635687023
4690,5446,5.511197665347345,8.898863306070659,0.25473954114898045
4691,5447,5.6688359213271085,9.007740007314421,0.233422657575263
4692,5448,5.322146856359987,9.447043132108902,0.28030423710208685
4693,5449,6.242144680872607,6.875655370855814,0.15589606986299695
4694,5450,6.141972928472827,7.294518524255941,0.1694419542043937
4695,5451,5.668299450269482,8.757611293113534,0.23349520272621643
4696,5452,4.565810680953118,10.657047202789933,0.3825809978638193
4697,5453,4.266116102763926,10.341494405861688,0.4231076732652111
4698,5455,1.2685534874081024,8.379335811896944,0.828457839564127
4699,5456,5.23170013801454,9.69862649647061,0.29253503826523997
4700,5457,4.616333289884348,9.651543185424671,0.37574899781577425
4701,5458,5.546132839640999,8.920755007189173,0.2500153767104895
4702,5459,5.9292263304357435,8.498087511492486,0.19821095087258292
4703,5460,4.2236619314500325,10.714015194816678,0.42884860601971386
4704,5461,3.4646521614201804,11.077793143771814,0.5314869078613524
4705,5463,5.053122350790352,9.56284395879972,0.31668350321399447
4706,5465,4.814835995122015,10.135557737444039,0.3489061541778534
4707,5466,3.4719217324620084,11.199143194289377,0.5305038685694853
4708,5468,1.8002118768572877,7.820906532391902,0.7565634893098756
4709,5469,4.1195887280918555,11.239959941745564,0.44292207026442665
4710,5470,0.5113955637861067,7.026222648051027,0.9308457225335993
4711,5471,6.330772136023162,6.84139170285651,0.1439112814552783
4712,5472,5.768162156798859,8.603489733959142,0.21999110960356538
4713,5473,4.224327646472551,10.605967155895982,0.4287585836483035
4714,5474,2.861300312297199,11.293379943056571,0.6130761200852737
4715,5475,4.943816242861249,10.510239296203824,0.3314645952917957
4716,5477,0.63124443485442,5.21615367344976,0.9146389685630868
4717,5479,4.761916891811351,10.412935282734452,0.3560622239851962
4718,5480,5.037060910193023,10.117230452141136,0.3188554370324161
4719,5481,4.675302949893665,10.385106401784359,0.3677747318675281
4720,5482,5.039863006029051,10.00256458603938,0.3184765191718514
4721,5485,5.293444410669588,9.307361445068286,0.28418557091449426
4722,5486,0.6750844865012962,6.29216424668602,0.9087106279390812
4723,5487,4.721139383732771,10.84928905054753,0.36157642729031914
4724,5488,2.9939028486658428,10.263154366015382,0.5951447314652875
4725,5489,6.183832903592771,7.36364998639356,0.1637813725741001
4726,5490,6.158529675703549,6.926308556350364,0.16720304175967543
4727,5491,3.80413183177484,11.302524732128305,0.4855802301731441
4728,5492,2.780977934903116,10.527388259021063,0.6239378411607319
4729,5493,4.53528572057551,10.41964197425394,0.38670878411987464
4730,5494,4.683451019259358,10.292292810710853,0.3666728962443191
4731,5495,4.634514716354727,10.671520624068208,0.3732903855400654
4732,5496,3.8240198083141097,10.646197291317797,0.48289084695350953
4733,5497,5.390977212009424,9.663096686414026,0.2709965429221604
4734,5498,2.835189265032942,9.57966368706129,0.6166070279290616
4735,5499,4.000755591332909,10.745594196189801,0.4589914699494581
4736,5501,4.567767052916597,10.351304253475615,0.38231644435735496
4737,5502,4.845733734223293,9.909021868411674,0.3447279583267297
4738,5503,2.4799578122064245,9.97807959530042,0.6646437654237818
4739,5504,3.4750582437439888,10.87092171828457,0.5300797288490217
4740,5507,5.053769169101432,10.261465386235384,0.31659603618040577
4741,5508,5.214250233743131,9.232030483350597,0.2948947292895678
4742,5509,4.569804345160234,10.339666660121651,0.38204094827746415
4743,5510,4.84761948491516,10.092167058320324,0.34447295469390116
4744,5511,1.4111196315305987,8.655100973471926,0.8091791062584044
4745,5512,4.410543148039442,10.776615728177287,0.4035772966450243
4746,5513,3.766218174530842,10.696160760010265,0.4907071646999248
4747,5515,2.4880348067674203,9.593223781597917,0.6635515410039405
4748,5516,2.490733969136534,9.814078940230974,0.6631865424849493
4749,5517,4.972695066183469,10.198059912438016,0.32755941053394894
4750,5518,3.6853782668125534,11.354839405749622,0.5016388696355721
4751,5519,4.370461752138352,10.84512338032303,0.40899736707516965
4752,5520,5.004625169114121,9.78920116883062,0.323241611644085
4753,5522,4.1106460083399625,10.485396570070208,0.4441313637484142
4754,5524,5.415344923620832,8.786468598491226,0.2677013804113229
4755,5525,4.038226360103986,10.944241660665169,0.4539244257199579
4756,5526,4.857449133891344,10.311533226856081,0.3431437247966691
4757,5527,4.893598741470637,9.926961612388201,0.33825533668799657
4758,5528,4.926598919864515,10.19152128586938,0.33379283514379965
4759,5529,4.604057629488553,10.512726884848998,0.37740899349271984
4760,5530,4.989482908437222,8.604401658962779,0.32528924789764624
4761,5531,3.2333789238551836,10.066294816830089,0.5627611987893276
4762,5532,5.63518334178328,6.842690361417516,0.23797338110130317
4763,5534,1.977530889313686,8.554393362831625,0.7325852441786631
4764,5535,5.813228375666692,8.451586934429717,0.21389695856933547
4765,5536,4.423968016892834,10.705125976551964,0.40176189742887886
4766,5538,5.31919299677842,9.405381006379402,0.2807036774562194
4767,5539,2.297229313068068,9.94683166150671,0.6893535169845484
4768,5540,5.691557579726167,8.690628418327751,0.23035008522482614
4769,5541,4.778640366788553,10.105558913655212,0.3538007655161128
4770,5542,3.7824820993370016,10.841708320346347,0.4885078496327173
4771,5543,4.2323248077559725,10.616198967835935,0.4276771548102375
4772,5544,4.490587084208954,10.457815474519052,0.3927532282264634
4773,5545,3.848753493167176,10.7175394059616,0.4795461951297193
4774,5546,2.2478554978439016,9.58347875294688,0.6960301695786935
4775,5547,5.367071283690474,9.203815318393008,0.274229260053731
4776,5548,5.507864754311827,9.086616338718091,0.25519023933809787
4777,5549,3.4600731934909197,9.903672706159107,0.5321061060732913
4778,5550,1.5745382843739826,8.158516773798288,0.7870805593366257
4779,5551,5.169165552737898,9.825412456870712,0.3009913768956548
4780,5552,6.4234464317017235,6.293623925027245,0.1313792526087414
4781,5553,5.45634661655242,8.397559350390345,0.2621568613533338
4782,5554,3.333114512441613,11.370693506112818,0.5492742953924388
4783,5556,4.402918792014557,10.200383880279793,0.4046083122998023
4784,5557,5.286772666107674,9.728292443640964,0.28508776817096587
4785,5558,5.7712150128988435,8.300956457274072,0.2195782822879736
4786,5559,1.9060530595789855,8.833768277458821,0.7422509472472901
4787,5561,6.656056782248555,4.769169443051188,0.09992414845378952
4788,5562,4.374452318308702,10.844455953312664,0.4084577364257575
4789,5563,2.43254414301533,9.637811263671729,0.6710553541569069
4790,5564,5.238714537712673,9.398897942954335,0.29158650492366445
4791,5566,4.198120133364911,11.238562259944931,0.4323025362389991
4792,5567,1.317151827781494,7.926455245875841,0.821886051788522
4793,5568,4.8092291254755715,9.959072367858951,0.3496643520323235
4794,5569,5.1544117437109565,9.452117186468312,0.3029864841577939
4795,5570,4.802750385873038,10.287369262375272,0.35054044988657385
4796,5571,3.3455072097907683,11.943619089959181,0.5475984732075614
4797,5572,2.0066101145445265,9.122237447787588,0.728652959754384
4798,5573,5.278870119664775,9.346328254201419,0.28615640256692615
4799,5574,2.9390096907455168,11.9658472993497,0.6025677459430135
4800,5575,4.707673841613039,10.175553687824069,0.3633973266135149
4801,5576,5.1501922791542505,9.876408484426332,0.3035570679551069
4802,5577,2.800325002949487,10.362826372253053,0.6213216031512844
4803,5578,5.406909732444724,9.543553683323761,0.26884204253743926
4804,5579,4.60951093222358,10.389241284199159,0.3766715619677876
4805,5580,4.511124843416938,10.481987972547149,0.3899759771132702
4806,5581,3.7868002456297507,10.863079575547891,0.4879239214408917
4807,5583,1.9577362436775687,9.501194638098767,0.7352620065786625
4808,5584,0.5398134842515987,6.664440546604785,0.9270028640966993
4809,5585,4.55316470586583,10.37084483306268,0.38429106993316803
4810,5586,4.401910137413332,10.30639147108473,0.4047447092205038
4811,5587,4.782522220162797,10.072913540031493,0.35327583572724464
4812,5588,3.25552883976364,10.318907271903281,0.5597659412253971
4813,5589,4.775534831070016,10.015322477894138,0.3542207165168049
4814,5590,5.267917592825918,9.782383437072815,0.28763747540683315
4815,5592,5.072132483866065,9.739838441214964,0.3141128277711764
4816,5593,1.3188283399234657,8.272988286738428,0.8216593427709793
4817,5594,4.140871638201935,11.05269453716717,0.44004405493682314
4818,5595,5.537598689472791,9.103014642955715,0.2511694207235091
4819,5596,6.051350905842019,7.214109504375314,0.18169646116800597
4820,5597,2.030030984522746,8.727539344726674,0.7254858354074554
4821,5599,0.6766339718373238,7.839802103096235,0.9085010963231546
4822,5600,5.4191883843646895,9.463444876511353,0.2671816423268856
4823,5601,4.48077374885376,10.651755962068613,0.39408025208838293
4824,5602,4.045825974726291,10.712638862621729,0.45289675576064553
4825,5603,2.3204986354695514,9.515345355100298,0.6862068858994177
4826,5604,6.298273859089628,7.165612298373263,0.14830591257722822
4827,5605,4.56407167468703,10.67782455006143,0.38281615774856786
4828,5606,4.29670074935834,10.383634807878526,0.41897181584567633
4829,5607,4.966856283337144,10.05262260908276,0.32834896921926776
4830,5608,5.2117900240504,9.894706045875388,0.29522741505331807
4831,5609,3.756820876194957,10.555032729251167,0.49197792929503215
4832,5610,4.636266799410394,11.066667263670745,0.3730534573256735
4833,5611,2.8080589489750962,11.0948810087575,0.6202757680145743
4834,5612,4.3373685394443005,10.893419367953701,0.41347244933039284
4835,5613,5.253526628455754,9.597024903600717,0.2895835164238797
4836,5614,4.189325656744765,10.709681099625632,0.4334917833100115
4837,5615,4.935024755317837,10.280399795778756,0.33265343816015863
4838,5616,4.9407482796720466,9.638680396300941,0.3318794654875246
4839,5617,2.9088208611250157,9.796163306450488,0.6066500783834945
4840,5618,1.2511501286245117,8.107770593827066,0.8308112364009268
4841,5619,6.57093380844016,5.397643436918218,0.11143503780513517
4842,5620,3.2331628392245513,10.177861746034356,0.5627904191767559
4843,5621,2.437863795936541,10.030420830129444,0.670335995640351
4844,5622,4.043420515053138,11.742468371373267,0.45322203786602766
4845,5623,3.317353907325736,11.694975167101806,0.5514055482550029
4846,5624,4.57855060134643,10.250470793604558,0.380858221891231
4847,5626,6.532476021997571,6.117424610066211,0.11663555306714626
4848,5627,1.4735960712570513,8.872562453565674,0.8007306304523784
4849,5628,2.870264088867517,9.011582036426065,0.6118639791595659
4850,5629,5.580447297699085,8.980232327789697,0.24537514961096266
4851,5631,5.547069131030742,9.155898157424867,0.24988876522000966
4852,5632,5.041392257921194,9.85093551461605,0.318269723655515
4853,5635,4.88242033221693,10.176662027472332,0.33976695483626645
4854,5636,1.6656872127723683,8.976379336356956,0.774754800703601
4855,5637,4.270890246352208,10.212305831906942,0.4224620821147439
4856,5638,3.927924372056303,10.843640877542121,0.4688401872687527
4857,5640,3.9925702596870134,11.070056247295021,0.4600983444236988
4858,5641,2.9722188136130203,9.506040452346967,0.5980769895504616
4859,5642,4.7918321618518345,10.916989188727115,0.3520168840734735
4860,5643,5.414561222472879,9.333015359347801,0.26780735764396657
4861,5644,3.0895053237787558,10.589674585635345,0.5822167349033183
4862,5645,4.295436554146966,11.00806396068908,0.41914276865131234
4863,5646,4.830094790412071,10.206006814677668,0.34684275934611253
4864,5647,0.0,5.3998306729842405,1.0
4865,5648,5.097315821940834,10.014298748494838,0.3107073708762059
4866,5649,4.6105198095508495,10.74413709150431,0.3765351349286029
4867,5650,1.9589260701399474,8.78871821055909,0.7351011104052444
4868,5651,4.045469085670838,10.653140754078368,0.45294501665008846
4869,5652,5.006928634455142,10.280664288546,0.3229301218842836
4870,5653,5.1408749842738235,9.95255064074956,0.30481701395586414
4871,5654,4.687105014899112,10.153494120627741,0.3661787788795501
4872,5655,5.081934649352059,10.133199248624145,0.3127873143725629
4873,5657,3.730811017480595,10.298663201076883,0.4954951537564222
4874,5658,2.3623595021197668,9.892077450665466,0.680546183710527
4875,5660,4.436333039882067,10.03373994344975,0.4000898175532829
4876,5661,5.378359402013979,9.563339148995457,0.2727028063222244
4877,5662,2.958610790730428,9.295525748697786,0.5999171560611464
4878,5663,4.4613963070360105,10.802642661676117,0.39670059743931396
4879,5664,4.2155813577537256,10.581231299293258,0.4299413144338131
4880,5665,6.891326054136421,3.4333085556222325,0.06810948743679161
4881,5666,5.984151161444385,7.236988490957588,0.19078365335117659
4882,5667,2.555099838005367,9.088362960231446,0.654482565621781
4883,5668,4.312219648202046,10.989024698963165,0.41687324809771775
4884,5669,4.116228533431323,10.951534525899866,0.44337645792507674
4885,5670,5.576250055813386,9.173133506807538,0.245942728312288
4886,5671,5.072526744718555,9.83463024421226,0.31405951322111386
4887,5672,1.8500541778734065,9.042321606555277,0.7498234849803227
4888,5674,6.254147529768155,7.334501597042799,0.15427296555453407
4889,5675,4.390878838378843,10.56134612955154,0.4062364341556951
4890,5678,5.10088621492411,9.828475064768476,0.31022455881346217
4891,5679,4.442330397153755,10.66687549577968,0.3992788153893983
4892,5680,1.7311222083761948,8.395376083032806,0.7659062494793821
4893,5682,4.360815296976453,10.579357343369818,0.41030182429786116
4894,5684,4.778286414910879,10.407351699077173,0.3538486292210249
4895,5685,6.568449425769213,5.637497285780853,0.11177099239826353
4896,5686,5.617784357799103,8.551240890789867,0.24032618634890313
4897,5687,4.277341232495709,10.653567303721083,0.4215897372660777
4898,5688,4.60235091316424,10.817160045573342,0.37763978691879924
4899,5689,4.511090342817642,10.35315372862819,0.3899806425116143
4900,5690,5.577561941847125,9.114344767961303,0.24576532643944063
4901,5691,2.9354217701205916,11.156291933759878,0.6030529282089421
4902,5693,5.075207086819569,9.660598173246406,0.31369705970277256
4903,5694,4.915397534595558,10.30035264515001,0.3353075602602293
4904,5695,4.8858842946089,9.821004712375728,0.33929853501929746
4905,5697,5.2825780927099455,9.764153005701466,0.2856549860217664
4906,5698,4.941352312895242,10.213247478695802,0.33179778413540933
4907,5699,6.033703391624348,7.628615305403626,0.18408287431122114
4908,5700,1.1453821124268373,8.340207337627184,0.8451138844040761
4909,5702,0.0,4.21979183235185,1.0
4910,5704,6.021804242708101,7.532120784880371,0.18569195562525526
4911,5705,4.816484812583239,10.339898037384863,0.3486831902175079
4912,5706,5.078383452186497,9.79765628164531,0.31326753065036367
4913,5707,3.6259617445278,10.828975461901646,0.5096735632448561
4914,5708,4.583292886613483,10.36596753815759,0.380216938832859
4915,5709,5.464496944295849,9.097223583314868,0.2610547203374079
4916,5710,6.812447998290803,3.9145674008716624,0.07877589783654942
4917,5711,4.176582026591001,10.824394031339542,0.43521506094084994
4918,5712,1.3045128492059277,9.053798695807917,0.8235951777434593
4919,5713,2.7389186415557103,9.098992236651174,0.6296253759149516
4920,5714,3.3143949751454453,12.32362595851463,0.5518056745593555
4921,5715,3.118929675596904,9.524815882145342,0.578237780188036
4922,5716,4.5773252689035555,10.162023184592389,0.38102391941726305
4923,5717,2.925661546872913,9.47362532962763,0.6043727699017539
4924,5718,4.652326968021418,10.073959312607778,0.3708816955136206
4925,5719,2.539031917206724,9.17414408870496,0.656655375735719
4926,5721,5.708685562460374,8.31490347749032,0.22803392655173976
4927,5722,4.9733741406918135,10.19132834605906,0.3274675816048461
4928,5723,5.034876495495557,9.966066764643562,0.31915082797983035
4929,5724,2.6130637771022633,10.025289567135829,0.6466442998815077
4930,5725,4.761891590359987,9.667710705119857,0.35606564541414837
4931,5726,5.182418337031752,9.973536982955324,0.29919924808742976
4932,5727,5.061907801110733,10.014303621624798,0.31549547673870615
4933,5728,4.184766964819437,10.297092108201834,0.4341082396671101
4934,5729,5.223755277835528,9.453486863653831,0.29360939460338176
4935,5730,4.8535066476104225,10.383898226352697,0.3436768537666583
4936,5731,5.0792055643417395,9.892133983851519,0.31315635922824325
4937,5732,4.523991468996015,10.801434044531481,0.3882360672306652
4938,5733,4.871111911374896,9.933407009521632,0.3412961540080917
4939,5734,1.9400980297004118,8.715162562576971,0.7376471620820806
4940,5735,5.420028070948698,9.294331074247618,0.2670680943747184
4941,5736,4.751541123569174,10.154255705176956,0.35746530372768437
4942,5738,4.306742883886389,10.508189759509468,0.4176138522521594
4943,5739,4.794175825564219,10.398722998761382,0.3516999584250493
4944,5740,2.589216593998632,10.289008044436171,0.64986907309802
4945,5742,4.388073890333307,10.69739066152126,0.40661573771082127
4946,5743,4.670800816621172,10.489594471900162,0.3683835399909536
4947,5744,5.555588485710122,8.99604898095745,0.24873672195046942
4948,5745,1.9838331057339702,9.58001257024543,0.7317330169521401
4949,5746,4.860706174576977,10.038462159722993,0.3427032862961352
4950,5747,5.035854127451232,10.190825686084265,0.3190186261456528
4951,5748,2.3644688306211505,9.393007047461488,0.6802609464132525
4952,5749,5.755953554307583,8.46039199497044,0.2216420372688507
4953,5750,4.88915586510994,10.130988730804642,0.33885613170139456
4954,5751,5.47790001228514,9.247576249508981,0.25924226917774135
4955,5752,4.903908592360643,8.976786910117202,0.33686117072416566
4956,5753,4.718109967452625,10.246175262850462,0.36198608491903894
4957,5754,2.1804358877432692,9.983034457490573,0.7051470934508093
4958,5755,4.620738578560525,10.39284805187328,0.37515328565672357
4959,5757,5.222531688097616,9.69912506507907,0.29377485646936685
4960,5758,5.0724358400844,10.054702729012737,0.3140718059446698
4961,5759,1.460047098492506,8.77236026495785,0.8025628118170489
4962,5761,5.148486783931471,9.84586183084659,0.30378769625579166
4963,5762,4.4339853968134255,10.629080058470038,0.4004072813164781
4964,5763,4.167605865372707,10.87213842115679,0.4364288766002534
4965,5764,4.640968281958992,10.078197308787477,0.37241769187971985
4966,5765,5.1180481961583535,9.951974655848527,0.30790380263920164
4967,5766,4.446816636679784,10.663462189005784,0.39867215652308585
4968,5767,0.16637902950303363,7.0668802336630705,0.9775011314418527
4969,5768,4.839631481759023,9.92319862254873,0.34555314510965746
4970,5769,0.0,7.912199359287603,1.0
4971,5771,5.149342151961785,9.807077693016309,0.30367202775513763
4972,5772,6.344920821054066,6.051232552869534,0.1419980030467447
4973,5773,2.950266105237688,10.559698991122708,0.6010455794124606
4974,5774,2.597563247974118,9.4128251046027,0.6487403835554992
4975,5775,2.026255966986324,9.506268176179596,0.7259963181504451
4976,5776,5.424844926921041,9.580724319163046,0.2664167273742678
4977,5777,5.077568273110148,9.017533048391478,0.31337776453587735
4978,5779,4.6525810376862715,10.395423798204465,0.37084733853960034
4979,5780,3.2515582755242085,9.776380163631202,0.5603028670819277
4980,5782,4.585568075623086,10.50645362548049,0.37990927278489073
4981,5784,5.298742791061239,9.966798952021033,0.2834690890095398
4982,5785,4.721254574441575,10.455908320900138,0.36156085044374026
4983,5787,2.6837131633832314,9.467131417552261,0.6370906243948967
4984,5789,4.93178084498703,9.891622354820985,0.33309210108760345
4985,5790,4.602965481749846,10.837877993964817,0.3775566809055665
4986,5791,2.945018715626493,9.265615854643576,0.6017551660081291
4987,5792,3.982347456189893,10.758392395427132,0.46148073926555166
4988,5793,1.7799718135860148,8.837562622504873,0.7593004840171363
4989,5794,1.77124467228606,8.9706732002286,0.7604806255625134
4990,5796,6.249224177250141,5.224606398210277,0.15493873371954317
4991,5797,0.0,4.4923101208458425,1.0
4992,5798,4.356284053638429,10.563104036701018,0.41091456887613936
4993,5799,4.418623363289611,10.441832603658245,0.4024846367023734
4994,5800,4.369851111212282,10.329612845693347,0.4090799419644025
4995,5802,5.553294433044506,9.106575996609745,0.24904693886628704
4996,5803,4.816075524112722,9.958649483851516,0.3487385369010896
4997,5805,1.7161771928788365,8.7372868520842,0.7679272129402154
4998,5806,3.907380912633313,11.402698373620133,0.4716182092025749
4999,5807,3.4826522467931005,11.37611000813241,0.5290528177236083
5000,5808,5.708081020333637,9.040403753588532,0.22811567672114486
5001,5809,5.280919244721218,9.61969504809694,0.2858793063761272
5002,5810,5.358429333604645,9.483128712140886,0.2753978814818514
5003,5811,4.454943934112089,10.374773142055417,0.39757312981756543
5004,5812,5.056626233309139,9.738269032095058,0.3162096851344634
5005,5813,4.094886818008959,11.069528170648244,0.44626242529444643
5006,5814,3.047104497297534,9.519484716470783,0.5879504540180847
5007,5815,3.613676693471794,11.092654481447513,0.5113348287887459
5008,5816,1.7931002102118054,8.913567404366688,0.7575251757289153
5009,5817,5.360247147419922,9.26842047764357,0.27515206472107784
5010,5818,3.2404093599760575,10.456542994154226,0.561810496897013
5011,5820,3.8761094894838646,11.054505813268486,0.47584693707271086
5012,5821,4.835174198897764,9.906294884788874,0.3461558882649786
5013,5823,3.9147186152773736,11.172546704968653,0.47062595670656865
5014,5824,4.9392107214992595,9.962100809449964,0.3320873842338556
5015,5825,3.1674063129131107,11.841677185725596,0.5716824499016646
5016,5826,6.366659128798408,6.911460078252839,0.1390584058506474
5017,5827,2.081825558301919,8.97396145731396,0.7184818318923272
5018,5828,4.835826168420322,10.570949651765943,0.3460677246506351
5019,5830,5.733973010341367,8.165417895436729,0.2246143912428439
5020,5831,3.0348002323532723,10.94604353063377,0.5896143177905351
5021,5832,4.846759359165614,10.075982183776174,0.3445892665646959
5022,5833,5.802404845159474,8.675163146736054,0.21536058767538546
5023,5834,4.6226755848818755,10.311426988704564,0.37489135089997844
5024,5835,4.021400069440591,11.182925579866328,0.45619978760352986
5025,5836,5.218700094163964,9.705823409151778,0.29429298984554375
5026,5838,5.093406797477336,9.974503878369472,0.3112359749187798
5027,5839,2.604821553320213,11.141506312531696,0.6477588676852333
5028,5840,2.1131010581145757,8.356459929243094,0.7142525527489331
5029,5841,3.204348000087677,11.659259092237285,0.5666869515715003
5030,5842,4.376575467221043,10.620594477436066,0.40817063024145755
5031,5843,5.068133993777932,9.914202874287621,0.31465352994495793
5032,5844,5.0210479829769445,10.001814832829139,0.3210208105517944
5033,5846,2.5173315172964434,9.360656465973655,0.6595898467847386
5034,5847,4.920265475012442,10.378354431644947,0.33464928528461774
5035,5849,5.110586117572925,9.86328070290319,0.30891287406945095
5036,5850,3.182163287218097,11.906337993215915,0.5696869146097737
5037,5851,2.1050068290168564,9.854331954517718,0.71534710773638
5038,5852,4.638353233599476,10.39933930688975,0.3727713159481477
5039,5853,6.701676270506845,4.982407947241997,0.09375518068736498
5040,5856,4.643231393869692,10.010647235126308,0.3721116589766353
5041,5857,3.913509922586461,11.246011874632181,0.4707894040957094
5042,5858,4.512364619936652,10.756859948333446,0.38980832636400303
5043,5859,4.05312751563946,10.942363570236614,0.451909393292142
5044,5860,5.119558786390908,9.93878296271901,0.3076995306754273
5045,5862,3.996364532100702,10.52197454285778,0.45958525790934435
5046,5863,3.625009869296403,11.039138247244454,0.5098022820850786
5047,5864,0.7461864858081393,6.784573228472474,0.899095747137069
5048,5865,1.8186388872322556,9.882533592121774,0.754071667560558
5049,5866,5.28388915844842,9.781608404653307,0.28547769507464926
5050,5867,3.5868306011417244,11.007492948484067,0.5149651342691798
5051,5868,5.26818078040885,9.804068630282124,0.2876018854478569
5052,5869,5.181091230631466,9.89100249071882,0.299378708158521
5053,5870,4.64028871342753,10.908587469537991,0.3725095876138835
5054,5871,4.602483627435296,10.239692267991234,0.3776218404206786
5055,5874,2.5364193416091765,8.493257450265173,0.6570086654209817
5056,5875,5.6217350342239705,8.941961502232857,0.23979194985368874
5057,5876,4.627397372014145,10.474572498894508,0.37425283973444395
5058,5877,4.634588995765615,10.84845363320511,0.373280340988735
5059,5879,5.638038527457352,9.036548151569015,0.23758728408305557
5060,5880,5.1291182125078185,9.003497388429427,0.30640684209359026
5061,5881,3.119229753431794,11.627830230159617,0.5781972016861384
5062,5883,5.1281802901986495,9.899326031890748,0.30653367412774013
5063,5884,4.678998917314677,10.460417514529947,0.36727493880196627
5064,5885,4.419963258413516,10.653238962308205,0.40230344725581585
5065,5886,3.4708787945253943,11.140717015699487,0.530644901508674
5066,5887,4.899400212047707,10.084398157402319,0.33747082361355835
5067,5888,3.8204334721167665,11.537574137521876,0.4833758149627014
5068,5889,2.877487397151098,11.785001312376274,0.6108871958226711
5069,5890,2.44012543393107,9.292645560375714,0.6700301620499219
5070,5891,3.603172083068922,11.77680933440554,0.5127553314170802
5071,5892,5.464145958742646,9.40630958657611,0.2611021829163814
5072,5893,2.3647725439960543,9.502789156637334,0.6802198762896816
5073,5894,6.376823314792038,5.957537747511374,0.13768393765381812
5074,5896,4.84790978471905,9.955179047454044,0.344433698441778
5075,5897,4.246372969021771,10.512069315449212,0.4257774698875225
5076,5898,4.2195422434059395,10.717930158194118,0.4294056973796135
5077,5899,5.235157389906601,9.568925868830663,0.29206752588628077
5078,5900,3.3957833651115448,10.473958670095449,0.5407998002404822
5079,5901,4.432898710792566,10.619378029167553,0.4005542301598529
5080,5902,4.801121442028233,10.04577434496726,0.35076072640556993
5081,5904,3.2130129347304655,10.190871109017628,0.5655152220201539
5082,5905,4.881379352021946,9.990132718298533,0.3399077230367335
5083,5909,2.000691294009302,9.0839640213891,0.7294533416633244
5084,5910,1.6902254339054097,9.822620231540615,0.771436580771846
5085,5911,1.7794639636355014,8.043891902614744,0.7593691588334156
5086,5912,0.8195086575355273,7.916917748028364,0.8891806399927379
5087,5913,4.975271941168353,9.967909642026559,0.32721094852074417
5088,5915,2.6503117711396262,10.23763324032399,0.6416073807192524
5089,5916,2.6735553206199896,8.94199132321414,0.6384642348183205
5090,5917,5.36479749501613,9.622606303168556,0.2745367367391395
5091,5918,4.589627539303821,10.618745889046684,0.37936032536019276
5092,5919,4.338838839646197,10.452858172584214,0.41327362565001496
5093,5920,1.996749017807632,8.799826760848882,0.7299864422250131
5094,5921,4.894065364398367,9.985670020275784,0.3381922368613623
5095,5922,4.604630950401353,10.395822151082001,0.37733146526156436
5096,5923,5.889597406826468,7.799776029443297,0.20356983501831413
5097,5924,4.570380244001132,10.382058373749796,0.3819630714418866
5098,5925,4.92406088192981,10.041575276450791,0.33413604535520114
5099,5926,2.992535122497147,10.623059873466527,0.5953296844090865
5100,5927,1.9027828710934438,8.449541301428814,0.742693163679952
5101,5928,4.56678502416479,10.745941719010514,0.3824492407552738
5102,5929,2.7378882004977543,10.782427122799767,0.6297647189438724
5103,5930,2.600943974609892,9.467376097314196,0.6482832194258822
5104,5931,6.091855535112071,6.984332028552313,0.17621915833323523
5105,5932,4.598177217537526,10.489419574843932,0.37820418153984986
5106,5933,4.92050829470603,9.49941953785558,0.3346164496058325
5107,5934,4.865066116400897,10.268166910520803,0.34211370623721477
5108,5935,5.582689177679858,9.020950194372165,0.24507198782932946
5109,5936,1.950555889120814,8.7761928949208,0.7362329814296149
5110,5937,4.714745860174359,10.733324836220424,0.36244100166963716
5111,5938,6.183303676995776,6.858385124929365,0.1638529380813568
5112,5939,5.2998751269556,9.927235608650005,0.28331596708950574
5113,5940,3.8723541707523603,10.764888536966083,0.4763547560135139
5114,5941,6.561237389284995,5.6766271792634395,0.11274625148818407
5115,5942,4.4761262783082945,10.826162613969792,0.3947087136754147
5116,5943,5.0004921166403,9.964224479156707,0.323800510230224
5117,5944,5.310823126087374,9.665584602059194,0.2818355065159813
5118,5945,5.249920523243906,9.528428185629458,0.290071157729461
5119,5946,3.7215094747722035,11.505426517614746,0.4967529696446936
5120,5947,4.605867692453922,10.512599103106604,0.37716422485293727
5121,5948,4.906473500559536,8.93370813451396,0.3365143269386058
5122,5949,4.807996242829319,10.146164503898838,0.3498310705466009
5123,5950,3.731820008276015,12.20460325706465,0.4953587113733266
5124,5951,4.033303222859254,10.740656884526258,0.4545901647742954
5125,5952,2.7040351185836444,10.042613977894906,0.6343425557214326
5126,5953,2.008111311192126,7.995266342792901,0.728449958053057
5127,5954,4.213280987642994,11.362143586164102,0.4302523856361818
5128,5955,6.752099330169621,3.984274603305785,0.08693664234728096
5129,5956,5.799224103125267,8.14189771814808,0.2157907085695796
5130,5958,3.2602564026657497,10.769370148849209,0.5591266490222111
5131,5959,4.407298282212434,10.974611012481855,0.40401608878096074
5132,5960,3.6988161896406133,10.461794496844789,0.49982170517496605
5133,5961,4.586127791826355,10.480175872173518,0.37983358427219277
5134,5962,5.118364110823114,9.596779969482672,0.307861082576828
5135,5963,4.426154047629006,10.321066420217972,0.40146628795006345
5136,5964,3.4112706322114006,11.55955154942073,0.5387055099453328
5137,5965,0.0,5.804992135326904,1.0
5138,5966,3.1248071267953685,10.827146289679687,0.5774429925133743
5139,5968,5.100959120083875,10.022680396396783,0.31021470009742286
5140,5969,2.164800935684074,8.965593424255529,0.7072613546791834
5141,5970,4.357484360074626,10.007793912862542,0.41075225553161426
5142,5971,4.680958610047234,10.494507557585333,0.36700993623922834
5143,5972,4.0194045022244556,10.57836920895715,0.45646964135029644
5144,5973,5.108520444084592,10.321916423737335,0.30919220804823955
5145,5974,4.7338363884480295,9.847125428895104,0.35985945465846725
5146,5975,5.773799223497241,8.501097248910924,0.21922882830477888
5147,5976,4.817247312451057,10.082245321533232,0.3485800799616488
5148,5977,4.750190674615551,10.12847543671155,0.3576479203326304
5149,5979,3.4747215389034993,10.317087281898635,0.5301252602959335
5150,5980,1.1839793871686783,8.75455529267186,0.8398945066152211
5151,5982,3.3198810298122083,10.832256243987686,0.5510638141024278
5152,5985,4.709005079966591,10.497108576327483,0.3632173077924796
5153,5986,1.2695309156151016,9.682463300778817,0.8283256652821878
5154,5987,3.8440458425714477,11.774191470157255,0.4801827946596441
5155,5988,6.881427074540604,2.8756585619537307,0.06944809267719543
5156,5989,4.250721110643921,9.98965390397331,0.425189485529631
5157,5990,5.2319206358538075,9.923788631660102,0.29250522109466354
5158,5991,4.317889525144041,10.75601058664858,0.41610652998161946
5159,5992,4.429235464786235,10.493041399768414,0.4010495984201366
5160,5993,3.855475482320694,11.393712838563125,0.4786372034685344
5161,5994,4.736533046052107,10.358143265394705,0.35949479485030705
5162,5995,3.1703397027799074,9.31104415679502,0.5712857775972282
5163,5996,5.0434407489966695,9.529446967690738,0.3179927131957994
5164,5997,6.258383182059706,7.120184813968924,0.1537001927450624
5165,5999,4.700657604392293,10.05807086131761,0.3643461084370046
5166,6000,5.158561609144239,9.512807333622003,0.30242531201250433
5167,6001,3.119715161167882,11.815539050157584,0.5781315616539542
5168,6002,4.572944313803715,10.352190904216036,0.3816163410297996
5169,6003,2.7085448250667996,10.895146706215275,0.6337327234985652
5170,6006,4.558505307776786,10.673287094733801,0.3835688785561966
5171,6008,4.461514936764662,10.37710048663332,0.3966845555458134
5172,6009,4.692716961245312,10.319548006165732,0.3654198945202912
5173,6010,5.6533763781466275,8.804550770855716,0.23551319885937538
5174,6011,3.780182153072713,11.282176039126682,0.48881886351977744
5175,6012,4.349662809100341,10.718034319051341,0.41180993718666964
5176,6015,4.071352836768478,10.865282096610448,0.44944484529149203
5177,6016,2.621799910018741,9.472999605285434,0.6454629424305032
5178,6017,2.738823243113317,9.94910444654015,0.6296382763208649
5179,6018,4.419039926991134,10.656712748555094,0.4024283062141222
5180,6019,4.2902363114505135,10.738008245148752,0.41984597973054166
5181,6020,3.198502025961356,10.213635114378553,0.5674774827090798
5182,6021,0.755605865271225,7.612430634209156,0.89782199658646
5183,6023,3.3890689622894676,11.185198868734004,0.5417077660279471
5184,6024,5.369446828424328,9.625145006475538,0.2739080232435354
5185,6025,0.3193422836311861,7.523667230476885,0.9568164324197741
5186,6026,5.191201464377341,9.766895841130925,0.2980115357400977
5187,6027,4.754321998561435,10.712714582615144,0.3570892554894274
5188,6028,4.5202197189440705,10.471559401864596,0.38874610812287597
5189,6029,2.718907865184872,9.035928643814078,0.6323313649368779
5190,6030,4.670352309295728,10.435991523625853,0.36844419010649204
5191,6031,1.0657534137014526,7.722486940279595,0.8558818016796489
5192,6032,0.4485206154859702,6.2668318280270405,0.9393480872945339
5193,6033,2.7643589071475527,9.40701073714062,0.6261851755883545
5194,6034,4.10163393530113,10.754625467980295,0.445350035640796
5195,6035,0.8685545229893806,8.575216411404668,0.8825483349272326
5196,6036,4.672428598593413,10.667780263957429,0.36816342058802065
5197,6038,2.9192053660549067,9.815166225282832,0.6052458172085319
5198,6039,4.595964482898896,10.286457793923848,0.37850340209629435
5199,6040,5.576259526184784,8.54300241973062,0.24594144766627196
5200,6041,2.9303858058200603,10.253567963856671,0.6037339244811261
5201,6042,4.92901714057874,10.075090087428979,0.3334658274063675
5202,6043,5.295829299892305,9.141535197725034,0.2838630704809485
5203,6044,4.3882899067008685,10.504290213459893,0.40658652655437505
5204,6045,4.343643008899573,11.377503543352022,0.4126239742312896
5205,6046,4.540035059548286,10.468965644527373,0.38606654721294154
5206,6047,4.116370158638983,9.41181417980177,0.44335730643139887
5207,6048,5.114897705173973,9.967646119960465,0.30832983278712917
5208,6049,6.593930683801098,5.145562469177767,0.10832524880384523
5209,6050,4.678656186969562,10.396067852759515,0.36732128505731265
5210,6051,3.0224505137889643,10.108338222291557,0.5912843281009595
5211,6052,4.648023541268605,10.207689468605876,0.3714636332322763
5212,6053,4.355113401311346,10.596399989378922,0.411072872196654
5213,6054,3.469689250863299,11.68889512701911,0.5308057594399747
5214,6055,2.7898106958699365,9.852137670199706,0.6227434170281256
5215,6056,4.071605903837925,10.696380496630026,0.4494106238950281
5216,6057,2.0057227654402494,8.999904417981373,0.7287729529465667
5217,6058,5.876088326625911,8.43526775518507,0.20539662184764979
5218,6059,4.528305964673726,10.221285098955653,0.3876526326990571
5219,6060,5.091779206629322,9.937291919026315,0.3114560684766355
5220,6061,5.797707850034808,8.649401612004864,0.21599574630230964
5221,6062,5.035945134495588,9.989892148741617,0.31900631957351483
5222,6063,4.548304096927231,10.796392889968505,0.38494835349798245
5223,6066,2.986337640391962,10.711364930404226,0.5961677487714795
5224,6067,4.0121222135043455,10.844194969128033,0.45745440041041135
5225,6069,6.188482980253644,6.371416314246334,0.1631525585709725
5226,6070,4.889799071126967,10.053596017169088,0.33876915314600725
5227,6072,3.8747217723505627,12.290238463261232,0.47603459332645454
5228,6073,6.5641631715458875,5.370737868512179,0.11235060793434072
5229,6074,5.880288176615808,8.288361195313076,0.20482869046129135
5230,6075,6.64612212047697,4.5156777388635385,0.10126757887309291
5231,6077,1.8647912119088383,7.966086776882786,0.7478306461430576
5232,6078,3.86969476670612,10.874671900316548,0.47671437815013823
5233,6079,2.6709782759719696,9.174043896259052,0.6388127197744924
5234,6080,1.7633824535777196,7.9565765277233895,0.7615438065765073
5235,6081,6.594535470621028,5.421215335200957,0.10824346554541445
5236,6083,5.602888738497196,8.897725807757801,0.24234047013074048
5237,6084,5.42495998193989,9.448992087986209,0.2664011688765787
5238,6085,4.707892400994478,10.49111277832833,0.3633677715739776
5239,6086,4.7602483883517,10.171210096039012,0.3562878500159504
5240,6087,3.2161765282993633,11.755991848777716,0.5650874200544216
5241,6088,2.4230691262639783,9.507462905019317,0.6723366283482014
5242,6089,4.662117935316543,10.006804759345403,0.3695576964081557
5243,6091,1.2103412233507265,9.6288916441638,0.836329685441646
5244,6093,5.17189914588241,9.563160664798268,0.300621722420367
5245,6094,0.5174537988262427,7.678450930769955,0.930026488076772
5246,6096,5.299252553486043,9.694096017537612,0.2834001555758865
5247,6097,5.28162396294617,9.449186170069835,0.2857840097347111
5248,6098,0.0,5.102257218152221,1.0
5249,6099,3.9584720652516934,10.271222431441938,0.46470932693130157
5250,6100,4.639895012372996,10.643371365580977,0.3725628264643782
5251,6101,5.3228106119696985,9.47970577529137,0.2802144796953859
5252,6102,6.4621359206560145,6.370692962548873,0.12614740500652533
5253,6103,6.693213529427024,4.366947666413081,0.09489956829297402
5254,6104,4.7431188365563335,9.860343392052245,0.3586042208678245
5255,6105,5.214201962618751,9.506544556572793,0.29490125682904095
5256,6106,4.7941807056303585,10.543662250238611,0.3516992985103536
5257,6107,5.953817390041882,8.222508381728519,0.19488558577436907
5258,6108,5.5489699074411565,9.132758837653565,0.24963172971052222
5259,6109,1.6829326464691574,9.410842688511448,0.7724227595375284
5260,6110,2.5725601203291193,9.257254836777271,0.6521214712088395
5261,6111,3.17327579746573,10.352117104011452,0.5708887395293424
5262,6112,4.434800498393843,10.507395599016194,0.4002970579104748
5263,6113,4.662386567714842,10.264354657322983,0.36952137016537234
5264,6114,5.311595498672314,9.600295122461459,0.2817310612062667
5265,6115,4.0013325555060675,10.788895308010975,0.45891344905263337
5266,6116,2.2867463646699857,9.176813331613399,0.6907710903338747
5267,6117,5.581017356789824,9.028468289001705,0.24529806246487695
5268,6118,1.4675428331054883,8.748081624935878,0.8015491891970109
5269,6119,2.676874075086011,10.201266099941218,0.6380154509738011
5270,6120,4.38542717851629,10.641386200457795,0.40697364352058724
5271,6122,4.824746388709219,10.268459035271285,0.3475660054623332
5272,6123,2.803728070585466,9.722402868710846,0.6208614179244257
5273,6124,3.682089625896969,11.54745921770773,0.5020835813273983
5274,6125,4.680082974267556,9.973311874499073,0.3671283454784854
5275,6126,4.067864961442504,10.701209288394317,0.4499164987729474
5276,6127,4.3620918474356065,10.163950682939054,0.41012920073421777
5277,6128,4.27731650626226,10.829471879965613,0.42159308091027353
5278,6129,1.4884310537246066,8.258986129611094,0.798724546382788
5279,6130,3.80194276785799,11.067690289574687,0.4858762498186349
5280,6131,3.9076120344978786,10.776696352947127,0.4715869553813013
5281,6132,2.8830941189038044,9.964579747741901,0.6101290179673668
5282,6134,2.5457606062249196,9.784883630955239,0.6557454780746903
5283,6135,5.464359023228253,9.35718292763657,0.26107337093286165
5284,6136,2.474326799978626,9.875638717588743,0.6654052279971661
5285,6138,2.1956742668602387,9.052640266989386,0.703086459428505
5286,6139,5.158097564280702,9.774420004991548,0.3024880632163128
5287,6140,5.766164709668247,8.219949480281489,0.22026121756475328
5288,6141,1.8501384495583661,8.902593611788504,0.7498120892078582
5289,6142,6.2126823682759555,7.215231893346145,0.15988015788485319
5290,6143,3.9818483817550923,10.88538241666549,0.4615482273987788
5291,6144,4.837778198365303,10.329542763538598,0.3458037583005195
5292,6145,5.90184994666274,7.6507706038298435,0.2019129658557571
5293,6147,5.096872384145184,10.113670566576353,0.3107673354565249
5294,6148,1.4347680285299418,8.166184119407719,0.8059812142086169
5295,6150,2.0233524472008177,9.320987214248227,0.7263889512256902
5296,6151,5.117725644716543,9.772892834772176,0.30794742017029436
5297,6152,4.6873875386194985,10.50746161646635,0.36614057416067103
5298,6153,4.859785957748944,10.316686721418256,0.34282772407847334
5299,6154,2.585138348056205,9.595367201589909,0.6504205603838908
5300,6155,4.682211976475823,10.29337412651217,0.3668404477729459
5301,6156,4.312396107336495,10.577620769508037,0.41684938613095596
5302,6158,0.0,7.259225466262269,1.0
5303,6159,5.382229806431688,9.147657068198383,0.2721794247366903
5304,6160,5.12308165824138,9.925602096185187,0.30722314473335444
5305,6161,4.795727910685216,10.44759117590818,0.35149007524907044
5306,6162,4.269568050758403,10.77754043336417,0.42264087811422785
5307,6163,3.59611837790878,11.030777160151517,0.5137091799021927
5308,6164,2.434419162623958,9.425477124724084,0.6708018016518557
5309,6165,3.613965986150543,10.756864787167693,0.5112957087267198
5310,6166,3.6567376138102143,10.035676465608903,0.5055118474335788
5311,6167,3.1429726540251455,9.322623958509585,0.5749865302377318
5312,6168,0.0,4.930811673478333,1.0
5313,6169,2.539344663801354,9.504436180591872,0.6566130840806612
5314,6170,3.9045342463666546,9.873669259438064,0.47200315417042193
5315,6171,4.353531342145566,10.778558840474453,0.4112868086604524
5316,6173,4.909356987568344,10.009949241980358,0.3361244028274117
5317,6175,3.7873637600323815,10.240034424399981,0.4878477193106516
5318,6176,6.260840482111686,7.240122045703117,0.1533679004421048
5319,6177,3.9659858897651983,10.59676964904132,0.46369325807572953
5320,6178,1.9957339836762884,10.138434069542921,0.7301237018278088
5321,6179,2.6526489093434664,9.681027053791311,0.6412913374930869
5322,6180,5.312586251678802,9.733459800461825,0.2815970850571501
5323,6181,1.2127045941981263,7.57591102924113,0.8360100948645844
5324,6182,4.742504280058533,10.34574517210446,0.35868732524646446
5325,6183,5.5909326908427,9.143527982011822,0.24395724566703814
5326,6185,4.510661045045214,10.231432106123265,0.39003869498483174
5327,6186,4.125174804501173,10.273562404411408,0.4421666842084772
5328,6187,2.4076371640586807,9.454102659006686,0.6744234399511322
5329,6188,6.5112845928418,6.151202797293005,0.11950119773738564
5330,6189,4.270434127886521,11.616110796096415,0.422523761458812
5331,6190,5.154249123250747,9.65059288626674,0.30300847476784887
5332,6191,5.1134322924173485,9.896325252180159,0.3085279955549563
5333,6192,5.063080337980936,10.204137073203045,0.31533691857785456
5334,6193,1.6636295069062237,8.47740726505417,0.7750330572480226
5335,6194,1.982893044411873,8.882354708982497,0.7318601382377109
5336,6195,3.3855597137422357,11.013884642877425,0.5421823097371986
5337,6196,4.271478900118317,10.691386329132264,0.42238248047414345
5338,6197,5.334682800206855,9.59428639726837,0.2786090441820088
5339,6199,4.07590615742755,10.711062386089385,0.4488291152724051
5340,6200,4.633229430926782,10.486306205411879,0.37346419030373906
5341,6201,2.930415659209493,10.049250296267648,0.6037298875091178
5342,6202,2.4688836679327606,9.677841064835256,0.6661412841745002
5343,6203,0.7017043871320321,9.399451769481978,0.9051109095904959
5344,6204,6.672309462147362,4.980464752199015,0.09772635399704137
5345,6205,5.686650314671794,8.617142179465787,0.2310136779370094
5346,6206,0.8835333214940104,7.45011460234984,0.8805228031055766
5347,6207,5.199719663055178,8.923367393343163,0.2968596487927025
5348,6209,4.375052368987076,10.560148053384108,0.40837659361959205
5349,6210,4.857275501175352,10.165213449355633,0.3431672045565052
5350,6211,4.929873310546045,10.184174745569342,0.3333500504625101
5351,6212,5.04053516590646,10.102221971471653,0.3183856252847006
5352,6213,1.318062761927027,7.544697211698276,0.8217628692716705
5353,6215,3.9167974454499026,10.564224197441119,0.4703448435942603
5354,6216,5.132725350286867,9.722580191695855,0.30591906115746903
5355,6217,4.440564113616185,10.997028030767401,0.3995176638865131
5356,6219,4.857178501399087,10.449121918572963,0.3431803215053351
5357,6220,6.234758850058233,6.945739818773674,0.1568948305672856
5358,6221,4.818721535093923,10.06639578022428,0.34838072586296004
5359,6223,4.090511659799718,11.13681638472855,0.44685406301324326
5360,6224,2.340961983121948,10.107392058906473,0.6834396972070317
5361,6225,3.785745002748129,11.590569190397048,0.4880666183358155
5362,6226,3.963694949535581,10.145493268535558,0.4640030541074451
5363,6227,4.867087656503819,9.874216558290374,0.3418403402655744
5364,6228,4.985911095479971,9.87298088259647,0.3257722519786263
5365,6229,5.042386802600138,9.948280949420504,0.3181352347714675
5366,6230,3.1239821560558827,9.65376348901747,0.5775545504920898
5367,6232,6.487673055357622,5.821115673484205,0.12269410540068355
5368,6233,2.4607772433548663,9.396647359999545,0.6672374883151263
5369,6234,3.606074184340593,10.703033585023956,0.5123628901626217
5370,6235,4.398214766033758,10.926598012531104,0.4052444216854156
5371,6236,5.089115733126923,9.485569751875495,0.3118162409119332
5372,6237,3.258520535881763,10.006588596481762,0.5593613843655054
5373,6238,4.510498638218147,10.02108120683504,0.3900606567060056
5374,6239,1.0508133421455643,6.976206397836347,0.8579020965881434
5375,6240,4.763021102113251,10.304990708720648,0.3559129053930803
5376,6241,3.906195818663494,11.315478614217632,0.4717784654171691
5377,6242,5.625233549878392,7.957036842813798,0.23931885751691667
5378,6243,6.275059857264209,6.550044576998282,0.15144506284958376
5379,6244,4.1335121479623735,10.58911517085634,0.4410392536950406
5380,6245,5.440863203359151,9.142174307410862,0.264250630497843
5381,6247,3.0503397280313713,9.693518890521508,0.5875129648029276
5382,6248,5.1629134835399695,9.82259549592779,0.3018368228843758
5383,6250,5.5932667698849725,9.154704957724153,0.2436416161208551
5384,6251,2.6060870097289306,9.234642826177172,0.647587744332183
5385,6252,4.997608576835724,9.325077692641242,0.3241904414808096
5386,6253,2.872034439301475,9.869276815029925,0.6116245807099269
5387,6254,3.369020836952192,11.134264434810945,0.5444188056231889
5388,6255,5.174261680580589,9.44951757627325,0.3003022449129122
5389,6256,5.035714175667621,9.674919929633553,0.3190375513479054
5390,6257,2.509584488969169,10.215040431193245,0.6606374509964725
5391,6258,2.914207738322781,9.823992348662252,0.6059216293573556
5392,6259,4.489414761201941,10.570425304288758,0.39291175746732554
5393,6260,5.955730359368005,7.564110715804513,0.1946269014584865
5394,6261,4.035132313188817,10.579427917905596,0.4543428231289646
5395,6262,3.826110896838618,11.247416550421644,0.48260807618608237
5396,6264,5.168221139919201,9.921591187223068,0.3011190866192658
5397,6265,3.8770969128897708,10.727451115643206,0.4757134111741221
5398,6267,4.272054622618308,11.275055254169935,0.4223046274845452
5399,6269,0.0,7.325200560403918,1.0
5400,6270,3.612846120530444,10.878848087934848,0.5114471443341077
5401,6271,4.37985044817108,10.924796667435015,0.4077277657401715
5402,6272,3.389838620729532,10.954677377648801,0.5416036877427846
5403,6273,3.5296855550563713,11.183612817521412,0.5226926639011529
5404,6274,5.212247525711353,9.899248056140918,0.29516554866447287
5405,6275,5.260795654432208,9.542053148459518,0.2886005508393436
5406,6276,2.533920689986653,9.929608733838053,0.6573465495557532
5407,6277,4.809145767368326,9.980055089328,0.3496756242647903
5408,6278,0.0,6.207549712658206,1.0
5409,6279,4.572524897255979,10.155653965487438,0.38167305729871165
5410,6280,5.026977551517681,10.041147573982407,0.3202189752267354
5411,6281,5.027018539048692,9.562718052801007,0.32021343262274565
5412,6282,4.769565296980415,10.105037542302952,0.3550279562466944
5413,6283,3.757324116178573,11.63999525481317,0.4919098778688494
5414,6284,0.0,7.076143609830934,1.0
5415,6285,1.027867212581885,8.924742727422947,0.8610050234083892
5416,6286,6.707840854734508,4.820226023277407,0.0929215649927183
5417,6287,3.659602310649718,9.66418959857656,0.5051244642528772
5418,6288,4.615721209437316,10.63637659617655,0.37583176736651575
5419,6289,4.8310262249566795,10.216123148461495,0.34671680463023113
5420,6290,4.303073798220963,10.72795289033164,0.4181100101896205
5421,6291,5.089360728729692,9.7557004245996,0.3117831109923726
5422,6292,5.535807770668716,9.374374098895851,0.25141160056367023
5423,6294,4.554835048572142,10.504280878401172,0.3840651951873626
5424,6295,4.242389574577851,10.540013306415748,0.42631613072883595
5425,6296,5.63883346329913,8.683110944389433,0.2374797876210932
5426,6297,1.4939718256081174,8.981070716481753,0.7979752867033071
5427,6298,4.942259782115595,10.235441781462942,0.33167507016856945
5428,6300,6.622575582449684,5.035553668581955,0.1044516968815806
5429,6301,4.708118647843043,10.135560783078805,0.36333717698448653
5430,6302,5.386982061121444,9.345700878432407,0.271536793547297
5431,6303,4.835167904672833,10.19417359035848,0.34615673941154335
5432,6304,1.289177427627699,8.563730036861323,0.8256689344867396
5433,6305,3.8098760395934153,10.385086420961889,0.48480346054618556
5434,6306,1.8555329348030452,9.014689019969007,0.7490826113714901
5435,6307,0.7798231330860854,8.79376335774744,0.8945471780769911
5436,6308,4.974050281607466,9.757060986856803,0.32737614937547505
5437,6309,4.736556727685821,10.294079329888937,0.35949159246376966
5438,6311,2.930107886968149,9.526939351644799,0.6037715064993507
5439,6312,4.712455622905951,10.599305376684658,0.3627507026423066
5440,6313,2.8795149846289414,9.448602549249744,0.6106130120851508
5441,6314,5.433939663954561,9.176819664273712,0.26518687711189226
5442,6315,5.004331962920493,10.087152286364027,0.3232812609173772
5443,6317,6.7861428329142885,4.169000260454208,0.08233305561042456
5444,6318,5.0784353614021365,10.026563183269614,0.3132605111442208
5445,6319,3.196029542251197,11.150375775870206,0.5678118282463341
5446,6320,4.310083149293838,10.450108655049188,0.41716215955641517
5447,6321,5.064295909012012,10.047473516939547,0.315172541054239
5448,6322,4.4140855769624405,10.770091901475121,0.40309826606675253
5449,6323,2.5538461195853723,11.399726241498605,0.6546521016866602
5450,6324,4.503017870143662,6.850618624013552,0.3910722554521009
5451,6325,4.823300966522387,9.875264695574291,0.3477614649736051
5452,6326,2.4045399445601463,8.674116038474526,0.6748422663777642
5453,6327,5.599660824663587,8.593605522784095,0.24277696990644126
5454,6328,4.456676146376693,10.447556112406271,0.39733888866245987
5455,6329,4.631398061719971,10.738162152465598,0.3737118401138657
5456,6330,1.474826652848599,8.603624799454867,0.8005642231018788
5457,6331,5.253992785773018,9.969586579359055,0.2895204795601603
5458,6332,5.043333454300147,9.703686292027422,0.3180072222915746
5459,6333,5.2947482653986615,9.671357144434985,0.28400925508757807
5460,6334,5.58716683600349,9.058802525876155,0.24446648936974225
5461,6335,2.3098230817304986,10.37793459902518,0.687650504611931
5462,6336,4.725988445239269,10.512674364318723,0.36092070524535386
5463,6337,3.993657470747664,11.364217614984558,0.45995132458098414
5464,6338,4.65218358811772,10.595026404043981,0.3709010842888576
5465,6339,2.2023309919563623,8.574681287531753,0.7021862932031534
5466,6340,4.979449836976396,10.184743774825572,0.3266459859235012
5467,6341,1.944904816521578,8.872158127483244,0.7369971566985927
5468,6343,5.163295904842855,9.837411131740831,0.3017851093562157
5469,6345,5.736550292985962,8.143236148124405,0.2242658741032071
5470,6346,3.840306762858051,10.841781828499212,0.4806884176534278
5471,6347,5.570776584057242,9.13402301094536,0.24668288722513923
5472,6350,5.1106282386466155,9.772318169448072,0.30890717818035174
5473,6351,5.099543084129845,9.843927783872546,0.310406185808684
5474,6352,4.614214004362448,10.412065865265127,0.3760355815669647
5475,6353,1.027944970929795,7.972392471268317,0.8609945084122738
5476,6354,6.530555709418166,5.952121808155856,0.11689523038611875
5477,6355,3.0291615134149916,10.00558676781437,0.5903768225160865
5478,6356,4.6889651447034995,10.082838645094835,0.3659272398719299
5479,6357,5.477467631341417,9.234865287720192,0.25930073857769476
5480,6358,4.440414854423251,10.018848024593105,0.3995378476979763
5481,6359,3.415591729613669,10.202050195056135,0.5381211826850346
5482,6360,1.7162279141634036,8.126851063353165,0.7679203540739389
5483,6361,2.894836576920439,9.965688584473929,0.6085411254291366
5484,6362,2.01980397528545,8.378879047373426,0.7268687989772044
5485,6363,4.925713322881661,9.329001185077342,0.33391259140257956
5486,6364,4.070049280709135,10.276282789893541,0.4496211207303194
5487,6366,6.050535186190162,7.6437689222831215,0.1818067681537016
5488,6368,1.1040165994235047,7.365163681751215,0.8507076016091963
5489,6369,4.988223940436505,10.12876788888906,0.32545949384541767
5490,6370,1.3332251226809313,7.9660653836246595,0.8197125149532674
5491,6371,6.022985879699936,7.3391113119469935,0.18553216688600035
5492,6372,5.164771775541777,9.797583844908921,0.30158553239652885
5493,6373,5.511417073485818,9.280678878829477,0.25470987133492495
5494,6374,2.3631046608373385,10.043923721235537,0.6804454184392564
5495,6375,4.6992725180382235,10.201417828703423,0.36453340893944763
5496,6376,4.972096094630741,10.13774660896291,0.32764040741363476
5497,6377,1.837587826002322,8.876620828205393,0.7515092672149284
5498,6379,3.9187781563518804,10.668380341596727,0.470076998816175
5499,6380,5.049141510051861,9.984275937354118,0.31722181872643473
5500,6381,0.15867939085061641,7.972721893804445,0.9785423273095255
5501,6382,4.277972902194535,10.660459866484164,0.4215043187276446
5502,6384,1.8567815315573961,8.74200234606677,0.7489137678919832
5503,6385,4.172589281160525,10.91665627639859,0.43575498628417436
5504,6386,5.609353116770405,8.633721279426911,0.241466314310061
5505,6388,4.972328189637723,10.045598380234553,0.3276090219976319
5506,6390,5.226946364401135,9.350980767793873,0.29317787485349667
5507,6391,5.254986099619218,9.590456546542224,0.2893861571174258
5508,6392,4.785767232683675,10.035098234239527,0.3528370237543965
5509,6394,4.899214547496952,10.53455899333491,0.33749593039736286
5510,6395,5.636703993173212,8.752451605280035,0.23776774860154026
5511,6396,3.406392821653438,10.068008235396778,0.5393651196264504
5512,6397,4.522080598141768,10.419503271615273,0.388494467777355
5513,6399,4.438475529231835,10.790285603470268,0.3998000960276096
5514,6400,4.2629048581984765,10.664783340362236,0.4235419189126458
5515,6401,3.091167765444858,9.591697498108267,0.5819919285882259
5516,6402,4.377504964722853,10.423007820301342,0.4080449374652657
5517,6403,0.0,7.857656871836724,1.0
5518,6404,0.6591613966027114,7.602049178559236,0.9108638530644945
5519,6405,4.331555821869916,9.568230355525648,0.4142584832979087
5520,6406,5.240753050942827,9.796137095103624,0.29131084373393246
5521,6408,5.776324765819686,8.962126951071411,0.21888730783239452
5522,6410,3.417183891831052,11.373967029609961,0.5379058800200344
5523,6411,4.753744323188714,10.081378858402706,0.35716737255934267
5524,6412,4.826685134625108,10.051062189103565,0.3473038354661533
5525,6413,5.051407046860546,10.13659037495587,0.3169154579126681
5526,6414,4.526686101633393,10.306348350542361,0.38787168125184357
5527,6415,5.48840220266116,9.096433086696686,0.25782209380138243
5528,6416,2.4555688631631476,8.3749388639792,0.6679417998000794
5529,6417,4.796383527624175,10.414846811200382,0.35140141840705025
5530,6418,6.3817250514001405,6.385256797861343,0.13702109253456377
5531,6419,3.609425574005204,11.518795627193736,0.5119096931715319
5532,6421,5.214059269237272,9.565294665402012,0.29492055276822027
5533,6422,3.39643936217246,10.595215479718608,0.5407110919958666
5534,6423,4.526806053013172,10.34899878169606,0.3878554606359698
5535,6424,4.521249175046806,10.699023795048818,0.38860689828608946
5536,6425,3.353425112725289,11.577615997959658,0.5465277622056277
5537,6426,1.685385323219132,9.281581732811944,0.7720910924279286
5538,6427,3.0842366872894487,10.006041625549418,0.58292919464183
5539,6428,5.095875975364164,10.196349394357354,0.3109020764167368
5540,6429,4.033064422706918,10.79569396875067,0.4546224569042298
5541,6430,1.7032091688069066,9.559239875989025,0.7696808345950883
5542,6431,2.1932002192302256,10.826532600989928,0.7034210164493058
5543,6432,5.450811998827296,9.036044620553678,0.2629052888269709
5544,6433,2.2649985170033453,10.131932206047889,0.693711977581119
5545,6434,2.575177508817747,9.829042630716582,0.6517675306927351
5546,6435,3.0980454380636813,9.748716182460928,0.5810618843831414
5547,6436,4.283549096324522,10.95811779056255,0.42075026901861556
5548,6437,2.4368415331665663,9.202646738712776,0.6704742327472883
5549,6439,5.147618026384262,10.057388863227132,0.30390517537513695
5550,6440,4.886626941287559,10.102467947335047,0.3391981094424793
5551,6441,5.9424589187708,7.588237717943987,0.19642155309496764
5552,6442,0.0,5.468981595111972,1.0
5553,6443,5.001981895624541,10.115199798746811,0.3235990525005614
5554,6444,4.927607783268041,9.032675976804427,0.3336564099874752
5555,6445,4.306409430509575,10.55412708205338,0.41765894401473075
5556,6447,4.50264717494176,10.65095897296142,0.3911223832996285
5557,6448,1.0976774554374953,7.840427497260075,0.8515648224244542
5558,6449,5.10581540267482,9.848562311136009,0.3095580015698425
5559,6450,4.095616380735491,11.446969571177457,0.44616376901583854
5560,6452,4.85306433134164,9.93060758648574,0.34373666668672515
5561,6453,2.5620547994175094,9.177535932259214,0.6535420699168464
5562,6454,5.744743636072914,8.823173192057167,0.22315791626912335
5563,6455,1.94032849492515,7.596458668352538,0.7376159970559707
5564,6456,4.493550262544938,10.4008596305218,0.3923525277289621
5565,6457,2.4388501901527166,9.33793634508837,0.6702026089155783
5566,6458,4.596160782115165,10.725008426528506,0.37847685722295255
5567,6459,5.380757026328006,9.24826635874803,0.27237858376572655
5568,6460,4.677481554455688,10.701744138809474,0.36748012660490864
5569,6461,2.9242183789713083,9.611084792316529,0.6045679245737251
5570,6462,5.656792970829522,9.19817042221456,0.23505118468656302
5571,6463,5.172817873798875,9.863986830547912,0.3004974859784609
5572,6465,2.4930322897075765,10.830589686664197,0.6628757484348409
5573,6466,5.349637172923517,9.495056457923495,0.2765868153763313
5574,6467,3.9161115698601123,11.57690501359626,0.4704375922104052
5575,6468,4.069802322150417,10.889633027582821,0.44965451609371654
5576,6469,4.5284319994017785,10.41238448340042,0.3876355894527497
5577,6470,5.163094283129113,9.968310539950057,0.30181237397273314
5578,6471,1.0677225069477323,8.658782831453962,0.8556155279175099
5579,6472,2.9998664292827053,9.585622646222568,0.594338296803206
5580,6474,4.635416665756677,10.462636468814726,0.37316841799943734
5581,6475,2.452552833920044,10.151216179419023,0.6683496471454498
5582,6476,0.5498470993988438,7.973738764378158,0.9256460525499846
5583,6477,4.356991903155894,10.20271020889756,0.41081884880071906
5584,6478,3.5247367820567947,11.428088763991726,0.5233618695911617
5585,6479,6.659624432712302,5.0985680903132735,0.0994417072526056
5586,6481,3.7248128289740094,10.511961711459469,0.4963062683253661
5587,6482,2.1038614188505025,8.709083862029825,0.7155019976456127
5588,6483,3.6324732635294787,9.85603946183364,0.5087930327442862
5589,6484,2.0763258279407633,9.344542369591165,0.7192255416667529
5590,6488,4.362964911748508,10.538786144449292,0.41001113922564036
5591,6489,4.037662047862797,11.040030426018138,0.4540007357391843
5592,6490,4.5429900363306706,10.504202883697044,0.38566695578355387
5593,6491,4.886746047045257,10.398451280594461,0.33918200317719466
5594,6492,5.2143075892736235,9.749562815218841,0.29488697329684754
5595,6495,4.338374081003875,10.730018222183734,0.41333647337569357
5596,6496,4.634542339464522,9.916433091669646,0.37328665016116397
5597,6497,0.6013042128980508,7.619307447401118,0.9186876826372713
5598,6498,0.7812983377921141,8.308259349295458,0.8943476911772512
5599,6499,1.098726953658801,9.302697044390676,0.8514229023603469
5600,6500,3.2492902222511986,9.89160865360301,0.56060956818858
5601,6501,4.501318847438791,10.830108998529735,0.3913020084962699
5602,6502,1.1532422845420225,7.086279696141556,0.8440509801438927
5603,6503,1.7641925148825268,9.652098172607303,0.7614342647497798
5604,6504,4.234120037439416,11.1615636777892,0.427434392024566
5605,6505,5.292273592421611,9.488263896306918,0.2843438966719254
5606,6506,5.845417702883598,8.340138883070107,0.20954410566358417
5607,6508,3.144462399722728,11.95834692428291,0.5747850770093106
5608,6509,4.302694147469722,10.43894565356667,0.4181613490655334
5609,6510,1.469424473914269,8.352679929206221,0.8012947413296513
5610,6511,0.5388425717057451,8.026455625008184,0.9271341572880099
5611,6512,5.528779711377443,9.17837216961135,0.25236198104542634
5612,6513,3.2277430305973662,11.690179950049952,0.5635233214077496
5613,6514,4.904702281063257,10.177901172459215,0.3367538429085778
5614,6515,1.360992790010364,9.04928020083311,0.8159575880296198
5615,6516,4.073747072195156,10.476697465418173,0.4491210810026692
5616,6517,4.773732870433605,10.153643319495126,0.3544643895062836
5617,6518,5.477293210273812,9.518440379064955,0.25932432494363006
5618,6521,3.4263090644221137,11.084884023163475,0.5366719140610434
5619,6522,3.042265676207811,9.962727604205792,0.5886047912864246
5620,6523,3.694480034655029,11.519383740003716,0.5004080686208872
5621,6524,4.913013174905922,9.866998746344578,0.33562998908682296
5622,6525,4.598466168263034,10.043684883987641,0.378165107718994
5623,6526,4.507226811935105,10.808651534935905,0.39050309461243604
5624,6527,5.465907594558292,8.265483640486774,0.2608639629148468
5625,6528,2.111587057179216,8.34234303698698,0.7144572859304122
5626,6529,4.831645370104506,10.751588015941483,0.34663307974410235
5627,6530,2.6226611440709924,9.150837283321168,0.6453464806877145
5628,6531,5.6338767572049635,8.98126196498356,0.2381500660764197
5629,6532,1.9911384608845304,8.464045180543673,0.7307451386973265
5630,6533,2.992729247517913,10.577814977267346,0.5953034335447853
5631,6534,5.276619437673242,9.642154646593164,0.28646075461444653
5632,6536,5.207780369592696,9.692861485836437,0.29576962694670955
5633,6537,5.062116880504156,9.734587798983572,0.3154672036456072
5634,6539,5.943883291926355,8.225255850222883,0.19622893997238666
5635,6541,5.917734264374026,8.403709135753882,0.1997649837609609
5636,6542,4.639476066059446,10.86287148563198,0.3726194791451255
5637,6543,1.5299202186556904,8.440787368902944,0.7931141081493162
5638,6544,5.245650369286681,9.765501606021616,0.2906485960814795
5639,6545,2.4761003570124807,9.08709670583659,0.6651653959299623
5640,6547,5.791371658310228,7.938712368157907,0.21685256789332594
5641,6548,5.056746664695458,9.900254753151476,0.31619339960894277
5642,6549,4.4434423070880955,10.485387286749752,0.39912845560225485
5643,6550,5.002554027361089,9.93617152104376,0.32352168507765366
5644,6552,4.7667782772077345,10.12724635444565,0.35540483542264467
5645,6553,1.9281696987994073,9.17266367954947,0.7392601895763592
5646,6554,6.624102794086092,4.764185603882046,0.10424517726206703
5647,6555,4.161098997294523,10.780965165584995,0.43730877817230573
5648,6556,5.016760944166322,10.182386517654304,0.3216005321849352
5649,6557,1.3659652774056628,7.616559554028891,0.8152851755227791
5650,6558,5.13288907567519,9.258952131709417,0.3058969211317547
5651,6559,3.349822836001228,12.256402472396875,0.5470148857978665
5652,6561,1.46656241065173,9.400584615696964,0.8016817683807244
5653,6562,2.7980048485964977,10.691955733886939,0.6216353497092396
5654,6563,4.376164746615268,10.723434305582806,0.4082261705878044
5655,6564,5.218046081508993,9.945270133751853,0.29438142974571335
5656,6565,4.86763396091333,10.132657350777613,0.3417664653839921
5657,6566,6.681906802397356,4.744104125906648,0.09642853841633148
5658,6567,5.1445306657565695,9.996487698633157,0.30432266862029855
5659,6568,6.128989126417656,7.481414123378288,0.17119770946211363
5660,6570,5.131527493958493,9.634914450293431,0.3060810431822718
5661,6571,0.0,6.592794162638418,1.0
5662,6572,2.6802239363975797,9.212498800122525,0.6375624606566792
5663,6573,0.8665408313413923,8.487326967952932,0.8828206395790871
5664,6575,5.7322124703541775,8.534556141550967,0.22485246305923476
5665,6576,1.4194142474613667,8.706245405681253,0.8080574536431434
5666,6578,4.117425524090859,10.71869921885906,0.44321459296171767
5667,6580,4.644153751537182,10.283991781606797,0.37198693169588093
5668,6581,6.105701090653255,8.031983646621955,0.17434687109147104
5669,6582,4.043149930672391,10.554363866110167,0.4532586280687383
5670,6583,5.903062585261825,7.529225782667679,0.20174898487491563
5671,6585,5.114732176682651,10.056445076398411,0.30835221664031065
5672,6586,6.9291008103236145,1.8472307777492936,0.0630013360260621
5673,6587,6.732271518025211,4.728261189192163,0.08961788974104928
5674,6588,4.992942244497184,9.83876768207414,0.32482145368377197
5675,6589,5.509131659584375,9.11078942757969,0.25501892006013466
5676,6590,3.8518283523614123,10.689583467475462,0.4791303924107554
5677,6591,0.0,4.4412977150693695,1.0
5678,6592,4.7609056736535535,10.154848025923679,0.35619896756690755
5679,6593,2.2476378447432395,10.524921909086395,0.6960596020649731
5680,6594,1.58324018955576,8.351854633067877,0.7859038303854168
5681,6595,4.543499767527367,10.65259938776556,0.38559802657277104
5682,6596,2.5423566416912946,8.94083584599235,0.6562057845859579
5683,6597,5.086375986337355,9.931415269187433,0.31218672752364873
5684,6598,4.6777053623076945,10.440096647090934,0.36744986183260153
5685,6599,4.2001191927140695,10.425939983862957,0.4320322102629973
5686,6600,4.083224936591232,11.553689412361406,0.4478394217340931
5687,6601,5.287883747448354,9.716826576573876,0.28493752043171633
5688,6602,1.5388755307142077,7.821008853082128,0.7919031118506624
5689,6603,4.433313344090999,10.461464697232142,0.400498160713426
5690,6604,5.5443246848230485,8.900833305507925,0.25025988731800625
5691,6605,5.064639016418546,9.90194714114395,0.3151261438101632
5692,6606,3.3597349732191235,10.449949826043335,0.5456745012971161
5693,6607,3.8623588616016082,10.531829330983014,0.47770638757100364
5694,6608,4.887190604416882,10.192518012095759,0.3391218872004359
5695,6609,4.10088607632731,11.580596010158015,0.44545116605850715
5696,6610,4.608682514597451,10.525882676650784,0.3767835860572249
5697,6611,5.1277042842008775,10.003074182959363,0.3065980427949258
5698,6612,0.0,3.8758831357654078,1.0
5699,6613,2.2009183111741226,9.76041000041794,0.7023773252059795
5700,6614,4.925623909168632,10.115628116489304,0.3339246825139579
5701,6615,4.253056332798727,10.761976530685043,0.4248737014042398
5702,6616,3.1622152410055566,11.05535540544664,0.5723844208463973
5703,6617,4.255570443921944,9.969523636339243,0.42453372673392953
5704,6618,4.760126122064418,10.248174177446652,0.3563043836688685
5705,6619,4.397309160773222,10.384505453935766,0.40536688359532824
5706,6620,5.01661315590931,9.390084614575235,0.32162051708675166
5707,6621,5.278814615792042,9.782702902252751,0.28616390816628456
5708,6622,1.4805068383421867,9.473165439848126,0.7997961109955162
5709,6623,3.3085361615360824,10.413385705316113,0.5525979419364251
5710,6624,4.3043222028735375,10.812316379775947,0.41794119268738145
5711,6625,3.1320775483135135,8.563513008928695,0.5764598382144962
5712,6626,4.91229523895606,10.316869128175867,0.3357270731160865
5713,6627,5.374555705767589,9.472486629554927,0.2732171671893256
5714,6628,4.836534907094755,10.018477828010717,0.3459718843375514
5715,6629,1.3639786917484236,7.4787621177658465,0.8155538147239767
5716,6630,4.593280240419374,10.298982183505274,0.3788663830495152
5717,6631,4.553116477373871,10.351326747622336,0.3842975917076043
5718,6632,2.6681355010804833,8.633665896544647,0.6391971385249502
5719,6633,1.8754873314431115,10.190567388514554,0.7463842463882167
5720,6634,5.19103974070674,9.801538099447892,0.29803340508035325
5721,6635,5.907213264438072,7.990383277480268,0.20118770268994102
5722,6636,6.308350847765608,6.759709477158513,0.14694323577619137
5723,6637,4.841807989156985,10.104295207970779,0.3452588234393793
5724,6639,6.2730116781999445,6.253148720904674,0.1517220311170876
5725,6640,4.7918104857142465,10.249252563892497,0.3520198152636114
5726,6641,3.0911590790636683,11.593878192886251,0.5819931032179206
5727,6642,4.6826941108771365,10.521403490927561,0.36677525038265635
5728,6643,4.094562486572556,10.836039562150365,0.44630628352813545
5729,6644,5.2571256775160435,9.489573489484187,0.28909682929760155
5730,6645,1.4492628640633165,8.537487492411747,0.8040211270485256
5731,6646,4.632747620569766,10.779039582623886,0.3735293438746238
5732,6647,4.2001790541288315,10.640235227424702,0.43202411540809604
5733,6649,6.3674613037706465,6.337121534151054,0.13894993046576903
5734,6650,4.211867242551286,11.366180722251142,0.43044356156194635
5735,6651,1.7239619365629855,9.207279598931969,0.7668745086094371
5736,6652,5.8903342378382115,8.283266510751744,0.20347019587429277
5737,6653,4.738028670560627,10.219122264247172,0.3592925466503382
5738,6655,4.760374041532711,10.047606697509638,0.3562708583649477
5739,6656,0.24074310125936801,7.831222986626167,0.9674451317110458
5740,6657,5.129401553356035,9.741702491316163,0.3063685268773023
5741,6658,5.325416035849344,8.525511283858751,0.27986215711253704
5742,6659,5.092642076567985,9.966689140670209,0.3113393855185082
5743,6660,3.884180088903421,10.929591012967764,0.4747555774460294
5744,6661,4.533264426658905,10.302218795363029,0.38698211680057926
5745,6662,2.3020638342005606,10.469299731001648,0.6886997611847554
5746,6664,5.715181150928295,8.378420526239342,0.22715555028290293
5747,6665,3.229517363010306,10.887403119429987,0.5632833844886774
5748,6666,2.3189274697896494,9.862510452179055,0.6864193492742839
5749,6667,4.21145166149426,10.842740422043107,0.4304997591705346
5750,6668,4.84143198372893,10.483383461985522,0.34530966937067376
5751,6669,6.512163396629806,5.853200020263347,0.11938236009917012
5752,6670,4.151842890507895,10.728854411191818,0.4385604499158816
5753,6671,5.3279608145999084,9.565001694137969,0.27951803536360303
5754,6672,1.3429098660292533,9.925841510029073,0.8184028801497459
5755,6673,4.2180851541188495,10.637628721855878,0.42960273459305104
5756,6674,4.094857494393808,10.764659406533106,0.4462663906268859
5757,6675,3.6924652450378046,10.881591572848178,0.5006805217473759
5758,6676,1.6889067846882564,9.13268208675349,0.7716148972069138
5759,6677,1.7976126621966766,7.706369277313702,0.7569149722412172
5760,6678,5.033732078127205,10.308351917818072,0.3193055836363763
5761,6679,1.9026908809189422,8.942242119086437,0.7427056031974256
5762,6681,2.5812825077807506,11.770078260878096,0.6509419725101533
5763,6682,1.651222563102145,8.126255684129916,0.7767108059323975
5764,6683,1.0515354948369446,8.093074597557683,0.8578044423433098
5765,6685,4.319313629380076,10.633900980134328,0.4159139532241077
5766,6686,3.3275142117101755,10.325314066956011,0.5500316049549423
5767,6687,2.132115097611018,9.974401001604543,0.7116813490541665
5768,6689,4.953899008363177,10.369139778077429,0.3301011373102936
5769,6690,2.6250685307926265,9.759991310126196,0.6450209379941403
5770,6691,5.215025030262593,9.64727179233795,0.2947899561994569
5771,6692,4.351424360831684,10.55997420248135,0.4115717285555684
5772,6693,2.621950542787279,8.54086590023178,0.6454425728750969
5773,6694,4.746785707807527,10.359696613356506,0.3581083623780456
5774,6695,3.754072922028712,10.980673488656297,0.49234952576229624
5775,6696,0.6822384679969242,4.914621796238277,0.9077432194272133
5776,6697,0.4408255393232765,5.876532707946346,0.9403886661922863
5777,6698,6.178445079522417,7.185886732189966,0.16450994964258883
5778,6699,0.33859468198868,8.859763753762923,0.954212996269388
5779,6700,3.9676805190907305,10.430919818447004,0.46346409913326053
5780,6701,4.665290645455757,10.092306658761562,0.3691286616397207
5781,6702,5.401706650419257,9.544887652602092,0.26954563756944483
5782,6703,0.6931435990700754,7.061971860194991,0.9062685557550122
5783,6705,5.196084914210372,10.120479540233621,0.297351163479051
5784,6707,4.771725405645378,10.516464476398351,0.3547358521211356
5785,6708,5.051390510053292,10.090957924867302,0.3169176941286978
5786,6709,3.2235819297316968,10.735892972418974,0.5640860128822313
5787,6710,1.1544403013726405,8.570632204391583,0.8438889764149189
5788,6711,3.9455895630422035,10.932424479590718,0.46645138375647416
5789,6712,4.898593116822864,10.140567937769028,0.337579964347411
5790,6713,1.7958656595166858,8.986196241524953,0.7571512134537381
5791,6714,5.197557045566315,9.858967679982195,0.29715209217795846
5792,6715,4.788102569905117,10.22238854269843,0.3525212240689366
5793,6716,5.152293445036856,9.75924491918224,0.3032729344609231
5794,6717,4.50927166067953,10.489288871737195,0.3902265766927227
5795,6718,2.4986504786463772,9.203410787719196,0.6621160199110812
5796,6719,3.1351707532422455,9.617451109761777,0.5760415546644428
5797,6720,4.392129871112629,10.54791147893503,0.4060672612669995
5798,6722,4.574432416149152,10.274562897133617,0.3814151100262827
5799,6723,5.556835330488811,8.68094493741173,0.24856811538465445
5800,6724,3.42968696944716,10.875797317413742,0.536215131488219
5801,6725,3.27932483760876,10.598341408377108,0.556548089616775
5802,6726,4.735455122056666,10.013040345629253,0.35964055883487606
5803,6727,5.1482606795963335,9.80220081304386,0.303818271573678
5804,6728,4.70445353099216,10.356539260749445,0.36383279823269665
5805,6729,5.801393392270747,8.521051698039111,0.21549736299895966
5806,6730,4.831589123535777,10.288097537731716,0.34664068577570656
5807,6731,5.368082671182854,9.479492411374856,0.2740924935734817
5808,6733,3.6809139273402556,10.21920029495212,0.5022425670323306
5809,6734,1.0147236123113843,8.332060477368977,0.8627823876336171
5810,6737,5.462575508135562,9.289946963207326,0.26131454959438993
5811,6738,6.507768870816476,5.999545967842375,0.11997661683299533
5812,6739,0.9823603242524359,7.821898412061515,0.8671587646705708
5813,6740,4.833319963799365,10.29213882681095,0.34640663015161777
5814,6741,4.247852918814965,10.435905731222384,0.4255773413258331
5815,6742,4.1541257942666,10.796171512045811,0.43825174062871114
5816,6743,5.490510717570999,9.491854074020008,0.25753696652331703
5817,6745,4.504361769488325,10.076003494751419,0.3908905245284306
5818,6746,3.23736770043154,11.624932844752866,0.5622218101406059
5819,6747,4.037633623736333,10.641966285473622,0.45400457943683725
5820,6748,1.878023872297512,9.294564860720957,0.7460412386218774
5821,6749,5.1000961933589775,9.942254724919525,0.3103313907345589
5822,6751,1.7591323405021693,8.508722540592917,0.7621185348684663
5823,6752,2.5907879906386126,9.459720821888903,0.6496565784912102
5824,6754,0.9860111535833886,7.532768303454014,0.8666650754749392
5825,6755,5.107151967172404,9.853130388470712,0.30937726251251985
5826,6756,4.59951639116386,10.199145229375144,0.3780230896589475
5827,6757,5.500428788397285,9.28778880129752,0.25619577964094653
5828,6758,6.203414976075277,6.4682868691056195,0.16113335571647094
5829,6759,4.85631206726179,9.918270752827492,0.34329748643788444
5830,6760,0.8526533516568131,6.425199491451329,0.8846985960797386
5831,6761,5.482088462280345,9.342324692028356,0.2586758793737741
5832,6763,4.898522059037578,10.217257941090491,0.33758957324930183
5833,6764,4.077845122399974,10.675310995780034,0.4485669156539573
5834,6765,4.307165013801202,10.660282235642676,0.41755676906387407
5835,6766,4.837323170977494,10.11082270439821,0.3458652901018484
5836,6767,4.664323002738088,10.484014613586185,0.36925951266332085
5837,6768,4.386776092305573,9.953634219253132,0.4067912345106777
5838,6769,4.429999855647758,10.946926413622545,0.40094623245164995
5839,6771,4.134295030442669,10.59874502141583,0.4409333871680315
5840,6772,4.593408211461785,10.315250871116492,0.3788490779620228
5841,6773,2.9084474118720127,10.117636325470661,0.606700578651957
5842,6775,4.518870524450043,10.92539536855043,0.3889285550915304
5843,6776,4.6970671444365,10.144014655176282,0.36483163408798347
5844,6777,1.6496833494372964,7.946155585452122,0.7769189485452723
5845,6778,5.054825725174557,9.942146293057991,0.31645316170707494
5846,6779,4.695532094259466,10.173125968373846,0.36503921368660475
5847,6780,6.399957493465444,6.301241606656404,0.13455558159399283
5848,6782,2.3668355605202906,9.721811213747293,0.6799409016030836
5849,6783,5.769147166137386,8.33609542992556,0.21985791015107267
5850,6784,4.729936801675258,10.675559470420284,0.3603867824743209
5851,6785,4.42383265022145,10.420792769758133,0.40178020260204717
5852,6786,0.8904900052806576,7.554417795274542,0.8795820744898136
5853,6787,5.094016657537759,10.107730262313561,0.31115350562334443
5854,6788,1.360196348550446,9.091905874296458,0.8160652880911871
5855,6789,3.569566758739626,10.827842144859403,0.5172996647816702
5856,6790,2.468596685226763,9.817613786637292,0.6661800918667916
5857,6791,0.0,6.539738686571788,1.0
5858,6792,5.291296844128848,9.527435139794568,0.28447597901138194
5859,6794,4.162145196997207,10.784720520153055,0.43716730415561894
5860,6795,2.403815372223737,9.959981165462054,0.6749402478229406
5861,6796,2.8081011217148797,9.320178352463284,0.6202700651388455
5862,6798,6.516930595916642,5.9807910316755635,0.11873770800289699
5863,6799,1.6722002330115875,8.632075450470072,0.7738740671958001
5864,6801,6.176269457108663,7.019721893708935,0.16480415163947154
5865,6802,5.268930182281592,9.532800418132787,0.2875005463891882
5866,6803,2.7094129120629633,10.341243136993224,0.6336153350555502
5867,6805,4.965499315034224,9.984013751420347,0.32853246741357844
5868,6807,2.5008509139899924,9.341377163646795,0.6618184625463424
5869,6808,4.444180767793632,10.555142898799057,0.3990285960803016
5870,6809,4.647744112918917,9.862099941461462,0.3715014193747357
5871,6810,4.852572976504577,10.043407882979773,0.34380311092508564
5872,6812,3.1718820793095914,10.373468844448695,0.5710772072809317
5873,6813,5.106622437494076,9.801001089570619,0.3094488690044313
5874,6814,4.515800387017242,10.230683485537924,0.3893437193028037
5875,6815,4.853106219539025,10.035820066467453,0.3437310022886943
5876,6817,4.069675099512976,10.310157229767068,0.44967171997695804
5877,6819,5.164020085441596,10.095814005861405,0.30168718088438784
5878,6821,3.9329174873893336,10.68925229535225,0.4681649853162646
5879,6822,1.9828416997577936,8.769965699246274,0.7318670814001199
5880,6823,5.122552696250137,9.738729300946844,0.3072946744588779
5881,6824,4.548625338649392,10.335868165227186,0.38490491307580976
5882,6825,1.4127044658370709,8.731916073066913,0.8089647945217975
5883,6826,5.017180150892054,10.060468639405915,0.3215438442895368
5884,6827,5.238187884509006,9.282253776147797,0.29165772243972055
5885,6828,5.468268621759826,9.463020768295868,0.2605446892610204
5886,6832,5.1936336624987804,9.924310234476543,0.2976826378855719
5887,6833,2.699215085414921,10.491462302052831,0.6349943523633107
5888,6835,4.684590579250449,10.382189389927202,0.36651879743432925
5889,6836,5.4070773267350365,9.189800663071289,0.26881937933330774
5890,6837,2.184420353636473,8.121548624016258,0.7046082877210645
5891,6839,4.179579692227707,10.699025500114054,0.4348096968433253
5892,6840,5.541361448597447,9.167501025579998,0.250660595643723
5893,6841,2.394059969074733,9.116546801439382,0.6762594377102525
5894,6842,4.461509031862148,10.949215517631611,0.39668535404563576
5895,6843,4.63393084273523,10.505391394305255,0.37336934077774686
5896,6844,4.478625103086672,10.48874383377655,0.3943708061253678
5897,6845,5.156273281342722,9.661074115557007,0.30273475477448014
5898,6846,4.491688053392393,10.364995070562774,0.39260434791974
5899,6848,4.865658002659486,9.981783007135519,0.3420336674776839
5900,6849,5.0859150291353465,10.028910037889254,0.3122490611935223
5901,6852,3.926497603370467,10.620683753857023,0.46903312433072136
5902,6853,1.5616175894071198,9.092090863758404,0.7888277808380834
5903,6854,4.7620048412147336,10.323214691856869,0.35605033088741594
5904,6855,5.15370247573684,10.037902819262683,0.30308239604626813
5905,6856,5.174947612763496,9.599438870377803,0.3002094886438731
5906,6857,1.269250116376547,7.840483912283738,0.8283636368052717
5907,6858,4.970365689230659,9.897526464906306,0.3278744042326151
5908,6859,5.868327450045603,8.440345205449713,0.20644609871139824
5909,6860,6.465690226200501,6.22357030774584,0.1256667683932468
5910,6862,4.658314396550828,10.534502888999654,0.3700720359796826
5911,6863,1.446628292650257,8.837788220467061,0.8043773911528813
5912,6864,5.7675638245081355,8.618705937672754,0.22007202003803109
5913,6865,5.650889823124439,8.886644269057147,0.23584944721215112
5914,6866,4.835154022082646,9.837793719669,0.3461586167068539
5915,6867,5.586304998204115,9.127893026918029,0.24458303275519475
5916,6868,4.229326414073464,11.066805573327507,0.42808261735891234
5917,6869,5.267566236645365,9.583435103758168,0.2876849881044788
5918,6870,4.541046077128492,10.111652429043893,0.38592983075465365
5919,6871,2.774769167032183,9.124450849542571,0.6247774316587257
5920,6872,5.518390939040179,9.284023363100435,0.25376681928732964
5921,6873,5.478611334684155,9.30370983012255,0.25914607947639673
5922,6874,4.107334431559604,10.997674336327078,0.4445791769789881
5923,6875,5.219182082288919,9.702933265793755,0.2942278122357071
5924,6876,5.015050403721505,10.10331095105767,0.3218318427337843
5925,6877,2.6503117753021037,10.095362744415471,0.6416073801563748
5926,6878,5.817545419442236,8.604712548849605,0.21331317946715028
5927,6880,4.674534411364373,10.534521880182691,0.36787865871097747
5928,6881,1.7179990983588311,8.467898663575571,0.7676808428775806
5929,6882,5.275725403571029,9.562361026326842,0.28658165179609424
5930,6883,4.162819184267516,10.304792929635962,0.43707616315636055
5931,6884,3.763863596555909,11.345289673245725,0.49102556624683946
5932,6885,2.5254275082600928,8.248722560200218,0.6584950535461727
5933,6886,0.6714001017505012,8.568031525843828,0.9092088547196638
5934,6888,4.459782795183198,10.486212899199476,0.39691878714267903
5935,6889,3.2718470425069475,9.957881828056122,0.5575592863379182
5936,6890,1.2491142585454593,7.058658506453949,0.8310865401663526
5937,6891,5.080731282313067,9.564953454064117,0.31295004159196277
5938,6892,4.58294806581225,10.302419708918695,0.38026356777345466
5939,6893,4.552086446194878,10.092715105882355,0.38443687930999143
5940,6894,5.09454645759266,9.955506243155222,0.31108186256933146
5941,6895,5.089830225587326,10.093090563501745,0.3117196225340018
5942,6896,2.471096337982454,10.673765923871716,0.6658420723521973
5943,6897,3.47138809657481,10.653570458086977,0.5305760303300139
5944,6898,3.965359934087461,10.621136058473773,0.4637779039265841
5945,6900,4.685473592757001,10.820408257333394,0.3663993905302362
5946,6902,4.285836784068493,10.554507897795762,0.42044091280943807
5947,6903,1.4294123007604447,9.679532131901663,0.8067054510038372
5948,6905,5.145625065369493,9.935950442537303,0.30417467669418385
5949,6906,3.3748022567737594,9.701321246404852,0.5436370039440143
5950,6908,1.4694853739888154,9.23857755351723,0.8012865060203308
5951,6909,5.280254178008491,6.9518003366605905,0.28596924107881627
5952,6910,3.8574474920214774,10.589878475869295,0.4783705353242025
5953,6911,3.7638204777738924,11.14638329941969,0.491031397052632
5954,6912,4.465949430508384,11.251162004425382,0.39608489408511166
5955,6914,3.0842002317356574,10.58194800541362,0.5829341244020013
5956,6915,1.8787099527647904,9.14194763769974,0.7459484623008489
5957,6916,2.6736610374426597,10.752683243152717,0.6384499390930435
5958,6917,4.664660749016269,10.143909223196985,0.36921384038634286
5959,6918,4.6968516667586595,10.324656525917092,0.36486077239925635
5960,6919,3.6769676069843475,10.487590029081488,0.5027762144712002
5961,6920,2.2257837833572367,8.858257615328004,0.699014852231139
5962,6921,4.924217572332928,10.279266532445689,0.3341148566465363
5963,6922,4.498389322906547,10.409408940915593,0.3916981581047012
5964,6923,3.1449119129114784,10.324936383945797,0.5747242908743088
5965,6924,4.422947627666324,10.568547685048273,0.40189988118292513
5966,6925,3.4980596737346827,11.96355550521983,0.5269693239406879
5967,6926,1.7774169029022617,8.737568045954566,0.7596459758728302
5968,6927,2.969839137541719,10.224110827860038,0.5983987850273261
5969,6928,2.186475445007198,9.195338250428051,0.7043303847259392
5970,6929,0.0,7.98106539346327,1.0
5971,6930,5.173870378510863,9.994531006133187,0.3003551593568754
5972,6931,4.421507209904491,10.50455153345472,0.402094663962877
5973,6932,3.4264249653606766,10.719746149657464,0.5366562411725172
5974,6933,5.647234727128564,8.312168826792064,0.23634371337432458
5975,6934,5.294240877832012,9.797702528055044,0.284077867377265
5976,6935,1.0679655169103732,8.048358804314077,0.8555826665092898
5977,6937,5.774132403728968,8.7417789177577,0.2191837734786857
5978,6938,4.978457574209703,9.93014330046175,0.32678016623233985
5979,6939,5.73997980954946,8.89556677463236,0.22380211227811045
5980,6940,4.871471403017611,9.867639827751823,0.34124754117965206
5981,6941,3.4140420366628286,10.799955233109426,0.538330742376004
5982,6942,1.1106798281784611,8.805481628751865,0.8498065559162479
5983,6943,1.693349254912496,7.460821757180609,0.7710141571139634
5984,6944,1.3481589208999192,6.52050431568724,0.8176930683667203
5985,6945,4.527345477459019,10.38114382582695,0.3877825161084027
5986,6946,5.376083441344932,9.509927895937878,0.2730105767190668
5987,6948,4.691486121354044,9.934780280801327,0.3655863367997808
5988,6949,6.268675124410481,6.596391457742765,0.15230844849189684
5989,6950,4.399888525808517,10.58112955540361,0.40501808486110114
5990,6951,2.495709170627593,9.939118878239054,0.6625137629601979
5991,6952,5.1793937690332195,9.787761480177496,0.2996082500995669
5992,6953,4.689834647765749,10.219309017524058,0.36580965993912895
5993,6954,5.754380808231823,8.169821250983102,0.2218547143552573
5994,6955,4.918323475265048,10.470172912419095,0.3349118952853317
5995,6957,4.488698615463701,11.10790172544569,0.3930085994123787
5996,6958,5.246923031195454,9.751787771312138,0.2904764983532383
5997,6960,1.9494159857684805,9.315730993929296,0.7363871266711742
5998,6961,3.932632150107402,10.613426171456881,0.46820357050347294
5999,6962,4.975593013926309,9.824212172310858,0.32716753094702455
6000,6963,2.4945518699279146,9.682638937640817,0.6626702607856878
6001,6964,4.239442203465686,10.159656379074374,0.42671469366938664
6002,6965,4.022129805643519,11.059159285420272,0.45610110786630076
6003,6966,1.8340915551612185,8.888202186023726,0.7519820559932535
6004,6967,5.544474180829479,9.011422905840082,0.2502396714830619
6005,6968,5.026615451954488,10.23000447591232,0.3202679407153645
6006,6969,4.996876844312471,10.1520281467069,0.3242893911736258
6007,6970,4.38593626249123,11.187928214778298,0.40690480183139455
6008,6971,4.098464989674608,11.075049655801326,0.4457785613470224
6009,6972,4.30074803625326,10.727687370937186,0.41842451504618305
6010,6973,5.484590277853378,9.325063497986807,0.2583375673887689
6011,6974,6.439928900055074,6.28037774273288,0.12915038464320794
6012,6975,5.2117235534244815,8.161024201094932,0.29523640364929665
6013,6976,3.3247543105177932,10.677933496846165,0.5504048169777938
6014,6977,5.037919862403206,9.970982136114188,0.31873928385534583
6015,6978,5.239117394805747,9.568554280621008,0.2915320279333139
6016,6979,4.867944842156238,10.14324862011664,0.34172442597408403
6017,6980,4.7600716627925355,10.428809942405973,0.35631174801041754
6018,6982,0.0,6.698174690832515,1.0
6019,6983,3.932222789165179,10.358097734452933,0.4682589269871562
6020,6984,4.991801547216746,10.12040425262592,0.32497570628552025
6021,6985,4.481246821604895,10.240511509925966,0.3940162800741332
6022,6986,5.100333124954638,9.876387688233361,0.31029935128316916
6023,6988,3.241353894646063,10.416300066289578,0.5616827706958653
6024,6991,5.278793678942623,9.640666530761077,0.2861667393850055
6025,6993,5.141325403143023,10.060284325911516,0.3047561053487849
6026,6994,2.7910515619868415,9.162520661181583,0.6225756189363475
6027,6995,5.017787018716303,9.845741089823827,0.3214617796239913
6028,6997,1.0506317919420658,6.888279972515486,0.8579266470028045
6029,6999,5.087666091586074,9.87191605014564,0.3120122709920546
6030,7001,5.368469958337429,9.561249763143717,0.2740401220527975
6031,7003,4.492868982716027,10.80000098631445,0.39244465487604163
6032,7004,3.237367702314573,11.677198097279579,0.5622218098859697
6033,7005,4.670809669475746,10.060572533134545,0.368382342849631
6034,7006,4.3838992223892115,10.152752434770113,0.4071802638150344
6035,7008,4.286991296713422,10.784079631694254,0.4202847920030807
6036,7009,2.61047611185196,9.789743849952558,0.6469942210254942
6037,7010,0.7672703671833252,6.853353019792687,0.896244645786299
6038,7011,4.109955320242238,10.89082093487433,0.4442247631435891
6039,7013,6.529422409079949,5.620356029690299,0.11704848272460519
6040,7014,4.823342768541135,10.437205499688112,0.3477558122292173
6041,7015,2.362359500696472,10.10696188233425,0.6805461839029943
6042,7016,1.3868938437702014,7.602571901192626,0.8124550768910425
6043,7017,0.9450553244050055,9.119643654894013,0.8722033925340466
6044,7019,5.067485098775407,9.847051213347749,0.31474127780244615
6045,7020,5.228063347129023,9.550944104056391,0.2930268290897875
6046,7021,4.720843611703911,10.419461018882952,0.36161642353275647
6047,7022,4.631301336607396,10.399247001999706,0.3737249199208618
6048,7023,4.0703448600453855,10.961147741828897,0.44958115054504627
6049,7024,4.555395003663778,10.329597219533605,0.3839894743706057
6050,7025,6.359873754241434,5.926486909345487,0.1399759689037025
6051,7026,4.242531558841565,10.894317144510095,0.42629693068123287
6052,7027,5.473504668595524,9.124134798170868,0.2598366365101866
6053,7028,4.5246759991892835,10.597165129271502,0.3881435005479022
6054,7029,4.25638017301847,10.994867009514506,0.4244242298305947
6055,7030,4.700310240227349,10.500193475538351,0.36439308130799825
6056,7032,5.314365171292616,9.502910807042475,0.2813565278265528
6057,7033,4.848565798751131,9.894065257606602,0.34434498790220963
6058,7034,6.233433279480816,7.034454081138438,0.15707408295428973
6059,7035,1.9674715941433467,8.8176207122026,0.7339455283472935
6060,7037,5.210553791791957,9.920693369887426,0.2953945865242247
6061,7038,4.992746782247467,10.005243149642116,0.3248478853769822
6062,7039,3.0982353692796725,10.822598877834741,0.5810362006327527
6063,7040,5.403467660413852,9.209063082265478,0.269307502195556
6064,7041,3.9698478003302444,10.949953050394962,0.46317102508491437
6065,7043,4.564502439521488,10.421685276676403,0.382757906889557
6066,7044,2.726053863923906,12.099063969505682,0.631365035905951
6067,7046,1.6293254389787113,8.723471339501183,0.7796718793256379
6068,7048,3.9407649546636754,10.75017244559214,0.46710379908836586
6069,7049,4.917400813164743,10.052419169517417,0.33503666373349694
6070,7050,4.3590641863930335,11.059824327984677,0.4105386210081486
6071,7051,4.636541081607467,10.487564627756925,0.37301636707987623
6072,7052,3.6642832527556966,10.285687056136505,0.5044914764209053
6073,7053,5.0671470116893165,9.719546429396408,0.3147869961657151
6074,7054,1.803979302181611,9.237878085981688,0.7560540332358273
6075,7055,4.248316334621755,10.496453099330386,0.42551467518722247
6076,7056,5.497172385097057,8.694163141746635,0.25663613195002644
6077,7057,3.8445689243447934,11.309497534664818,0.4801120600959264
6078,7058,5.450587640237162,9.188292642084486,0.2629356280737162
6079,7059,4.409252252839213,10.407601489364971,0.40375185999906615
6080,7061,4.456639928534518,11.488619523576858,0.3973437862777002
6081,7062,2.303060201846855,9.326523152050205,0.6885650257870521
6082,7063,5.9667871980602065,8.131089668357887,0.19313172288251126
6083,7064,3.181459113643103,12.103202406886064,0.5697821376000342
6084,7065,3.870536951141029,9.875880090856013,0.4766004924221151
6085,7066,4.8567661998328795,10.313334374215728,0.3432360756395678
6086,7067,0.9791183810478471,8.525805927939768,0.8675971615902481
6087,7068,3.9770095604800915,10.782925004135446,0.4622025646921733
6088,7069,5.05226994292681,10.181728429650036,0.31679877142139445
6089,7070,3.624477717555694,9.84639174475058,0.5098742431495406
6090,7071,4.997726204070865,9.808251035878232,0.32417453515108635
6091,7072,3.964867847226727,11.203008895141345,0.4638444471540083
6092,7073,4.838540403660872,10.34599193681212,0.34570068787866076
6093,7074,6.772423734647251,3.8804605761097175,0.08418824246641442
6094,7075,4.795733034560776,10.029977772355938,0.3514893823648586
6095,7076,5.101469203715427,9.449954531957182,0.3101457232280769
6096,7077,6.5346088282157995,5.918008315467082,0.11634714095831705
6097,7078,4.919677505744659,10.245778604662233,0.33472879436284475
6098,7079,2.9202353246113884,10.107732303194304,0.6051065394266393
6099,7080,5.119553416844378,9.67600115858136,0.30770025678088625
6100,7081,4.823307868984096,10.273645812602929,0.34776053157725595
6101,7083,4.567101534197764,10.973455487078969,0.3824064401832877
6102,7084,2.816341368700112,9.817872548004647,0.6191557646506098
6103,7085,4.622157664172766,10.666847586728826,0.3749613875505864
6104,7086,4.354655201815811,10.537610141903205,0.411134832951289
6105,7087,3.7262259841485745,11.292725676860842,0.49611517217208423
6106,7088,6.576280754304696,5.431042912195204,0.11071198855696343
6107,7089,4.974947794345269,10.258711070830476,0.327254781789804
6108,7090,6.743867383652649,4.245992782237883,0.08804982039151081
6109,7092,5.688565986480895,8.674460563838146,0.23075462817357315
6110,7093,3.9382967921019816,10.778923251282196,0.4674375602914547
6111,7094,4.82615737089078,10.230052689925643,0.3473752031554821
6112,7096,5.261183807184305,9.688694868020807,0.2885480622668594
6113,7097,4.620981974693778,10.689496902264532,0.37512037202796894
6114,7098,5.415784632415583,9.332577161375546,0.26764192009107396
6115,7099,2.8111265798386817,9.623579918816327,0.6198609427581049
6116,7100,5.53913100335665,8.540424690645466,0.2509622111444789
6117,7101,2.757650953004546,9.676326216441176,0.6270922693429484
6118,7102,4.72578645536648,10.156888165268409,0.36094801964676326
6119,7103,1.9394930188065258,9.16527273977028,0.737728975641268
6120,7104,6.589146683981497,4.787023049507376,0.1089721727788492
6121,7105,5.520627500160109,9.111398893806648,0.2534643767571029
6122,7106,5.003441509303802,10.101397004893355,0.32340167392218255
6123,7107,2.7488127929508215,9.599896540353887,0.6282874235756577
6124,7108,3.3821527759693715,11.239150850196532,0.5426430183094653
6125,7109,4.642404293255882,10.531042968146552,0.3722235049709896
6126,7111,4.956583153646107,10.17992428743047,0.3297381695006364
6127,7112,2.8923035395782275,9.21387196694555,0.6088836594274748
6128,7113,5.197510823047043,9.412451284037523,0.2971583426915516
6129,7114,4.987700069725259,10.172034426985231,0.32553033509451623
6130,7115,6.255935394726686,6.6129635932341335,0.15403119867548776
6131,7116,4.411212491324379,10.567645220807481,0.4034867836360647
6132,7117,5.272434202860201,9.285734222090264,0.2870267096402983
6133,7118,3.1703396979229517,9.416809201748771,0.5712857782540177
6134,7120,0.9606999981530964,7.930331482976767,0.8700878166748487
6135,7121,4.189134918067848,10.796670927970222,0.4335175762505867
6136,7122,2.8064409711931564,10.408981147621766,0.6204945616302998
6137,7123,4.960638859077738,10.086505173347128,0.32918973029114346
6138,7125,3.2123035561655726,10.63195443733025,0.5656111488634415
6139,7126,5.667528618157523,8.923156233432831,0.23359943972302527
6140,7127,1.527871728678384,8.734635610629807,0.79339111846053
6141,7128,4.806110196466591,10.06806466021349,0.3500861141619912
6142,7129,4.454537490784696,10.206071550315826,0.3976280917621487
6143,7130,4.604717264288505,10.418502119032688,0.37731979332906446
6144,7131,2.6617902222258865,9.33899209851095,0.6400551889375581
6145,7132,5.478750245173828,9.104101252334743,0.259127295084771
6146,7133,4.428281476506124,10.442943875241468,0.40117860300072794
6147,7134,4.446296696501227,10.66671993573281,0.3987424662596578
6148,7135,0.6127383094176508,8.040566226160927,0.9171414887723109
6149,7136,5.7596654900217255,7.990327866811487,0.22114008486548448
6150,7137,4.426173243636438,10.245149019198761,0.40146369213946564
6151,7138,3.9063443389195482,10.961197452903058,0.4717583815296193
6152,7139,5.3651167912771776,8.76395084236928,0.27449355939503617
6153,7140,5.410770614366579,9.525611045177456,0.2683199486465336
6154,7141,3.4566114474099208,11.64835470526539,0.5325742261860886
6155,7142,3.8137145917985795,10.698149407296919,0.48428438622669023
6156,7143,2.500676273254384,10.877810009049696,0.6618420786172324
6157,7145,2.04216566306706,9.606359159190362,0.7238449042253264
6158,7146,4.94917246992639,10.11965538713913,0.3307402909785289
6159,7147,4.601419903655925,11.04093158540812,0.3777656841584725
6160,7148,2.336562763826149,9.639258133703908,0.6840345886244795
6161,7150,2.268451440964949,9.63777960102587,0.6932450504534309
6162,7151,6.067550428157362,7.800536779156493,0.17950585502992283
6163,7152,0.515577795253969,7.175790541810599,0.9302801736398701
6164,7153,4.053836569217848,10.944654508245295,0.4518135103956707
6165,7154,5.27592307811022,9.807732811482474,0.28655492094252544
6166,7156,0.8908317702164839,6.0897083295584995,0.8795358587834718
6167,7158,4.4212508518609726,11.045337600047443,0.40212933038653736
6168,7159,4.333892698851275,10.526347554524136,0.4139424753959681
6169,7160,4.3045456164051625,10.949996119159175,0.41791098123767434
6170,7162,4.118193717711706,11.648022347373747,0.44311071275906067
6171,7163,2.419777315219778,8.826534624569636,0.6727817687257054
6172,7164,5.0740872108127935,9.968710826467323,0.3138484967147153
6173,7165,4.707903353733727,10.216735546028097,0.3633662904724142
6174,7166,1.4473938698737583,9.637061728273846,0.8042738647567115
6175,7167,4.368649659495258,10.612638183302938,0.40924241018134677
6176,7168,4.614500605868147,10.315257578322486,0.37599682542308915
6177,7169,3.788706915072873,10.861871145605726,0.4876660890366952
6178,7170,4.5625971393000135,10.53231213770562,0.3830155541385811
6179,7171,4.387382910110061,10.497579809999163,0.4067091766091339
6180,7172,5.00449241025061,9.993915238125382,0.323259564172291
6181,7173,4.7904066453198215,10.34566327071493,0.3522096518109523
6182,7175,2.773353978072515,8.977359949099222,0.6249688028338287
6183,7176,5.689800618607791,8.746582406314484,0.2305876730829967
6184,7177,1.495874332173036,7.9282729237035605,0.7977180172309284
6185,7178,3.0253073466118883,10.00212669335368,0.590898008344392
6186,7181,4.4039574301427935,10.314699964398553,0.40446786080903163
6187,7182,4.457502994610396,10.345666266608351,0.39722707679660646
6188,7183,4.485233409818556,10.596820023984987,0.39347718735023324
6189,7184,6.422245047203522,6.197884828635814,0.13154171173591364
6190,7185,2.344036997875075,8.333997388031444,0.6830238734523697
6191,7186,2.4285670634042633,9.286370601409391,0.6715931610649164
6192,7187,4.598930718944677,10.209530177300719,0.3781022881151286
6193,7188,2.7341336764822275,11.001020379153125,0.630272430417945
6194,7189,0.6288602447053745,8.256357864697044,0.9149613744632848
6195,7190,4.772935576537552,10.496450245636439,0.3545722048398811
6196,7191,1.8309912330571425,9.264442446441937,0.7524013019746484
6197,7192,5.251815827533887,9.536230327758016,0.28981486219615166
6198,7194,3.3719895144169776,9.263316462912695,0.54401736149726
6199,7195,1.028271723754031,8.98722919301472,0.8609503227425686
6200,7196,5.416984050760202,9.641957707904385,0.2674797268401432
6201,7197,0.9962445087531349,8.217308203835792,0.8652812537663942
6202,7198,4.825089547310171,10.161095516388256,0.347519601295411
6203,7199,4.937095242178515,9.72222995312751,0.3323734532854487
6204,7200,4.497743935845166,11.078397092434713,0.3917854315952759
6205,7201,5.136811717952098,9.919337562498704,0.3053664755987306
6206,7202,5.076382165691156,9.276307544409727,0.3135381577957459
6207,7203,0.21554664263847623,7.419472740761481,0.9708523628527079
6208,7204,4.716884776804814,10.109155932270678,0.36215176327060833
6209,7206,5.778698832508429,8.477248719895137,0.218566270893197
6210,7208,5.157988629145187,9.789863091507481,0.3025027941430566
6211,7210,3.1953750389416724,12.092224686195397,0.567900334496045
6212,7211,4.981799614725125,9.815869710749606,0.3263282334948003
6213,7212,4.409877610770507,10.373629892206633,0.403667294979424
6214,7213,3.545520765222736,10.227911885768263,0.5205513224521262
6215,7214,1.84634398839523,7.682147124566885,0.7503252012461565
6216,7215,1.8133519407704881,9.008413002932707,0.7547866032941812
6217,7216,6.542853402345997,5.3131715840106395,0.1152322553250297
6218,7217,3.2840910477002336,10.247173130583361,0.5559035712860162
6219,7218,6.848873664371419,3.658481981992777,0.07385017927851553
6220,7219,4.1620371322339915,10.47160982314193,0.43718191738488593
6221,7221,5.459278471805309,9.13211766566911,0.2617603965695008
6222,7222,6.707447412305988,4.13635700999609,0.09297476887009946
6223,7223,5.00911649164137,10.820004558429936,0.32263426542085805
6224,7224,2.1024343344052396,9.180717368735845,0.7156949774066514
6225,7225,5.591295679481692,8.993899452552254,0.24390815995172188
6226,7226,4.897206907814807,9.980097106831295,0.3377674166625228
6227,7227,2.3452104476784816,11.179503482189512,0.6828651918386754
6228,7228,5.919327985856828,7.641987524311185,0.19954947024181752
6229,7229,4.999985016898199,9.878619993894256,0.32386908359837907
6230,7230,5.218486113700232,9.765282673321702,0.29432192569366056
6231,7231,1.96351293051789,9.272760768870938,0.7344808449243952
6232,7232,0.0,4.390742862629628,1.0
6233,7233,5.067713723406552,9.936874158273117,0.3147103616735286
6234,7234,4.880337110507229,10.142977906571522,0.3400486618011649
6235,7235,6.507169258840182,5.577762435311914,0.12005770031497515
6236,7236,1.9916607003734903,8.83467431301287,0.7306745180328528
6237,7237,1.4181222695211406,8.448823634720334,0.8082321634124213
6238,7238,4.656943530574704,10.30237170492145,0.37025741350892866
6239,7239,4.282263508772038,10.588172759454947,0.42092411463756
6240,7240,4.533342196216582,10.445988760314535,0.38697160028860517
6241,7241,3.1486558165050784,9.960570216486587,0.5742180155636619
6242,7242,4.719544787903582,10.11001746456606,0.36179205904434153
6243,7243,4.533503527350656,11.008870193501043,0.38694978402972496
6244,7244,5.212947592839284,10.063911457829654,0.2950708809750396
6245,7245,4.651344534919027,10.758377371750132,0.3710145465904894
6246,7246,4.917668266476825,10.424015190144598,0.3350004969345203
6247,7247,5.246348956472456,9.753383021909602,0.29055412851957513
6248,7248,4.33897703290795,10.707199157522982,0.41325493824667403
6249,7249,5.252984563227549,9.527887326875437,0.289656818055436
6250,7250,2.442035659372686,9.914607989729559,0.6697718487801804
6251,7251,2.1062353198122956,9.343493980177616,0.7151809831171053
6252,7252,6.539386013418427,5.753564818890094,0.11570113850071842
6253,7253,2.5556186578559132,11.36037236176793,0.6544124073833439
6254,7254,6.6720842392278215,4.539433672716413,0.09775681012410359
6255,7255,1.811308429933919,9.313524030566715,0.7550629402931796
6256,7256,4.616179962635432,10.176566778422716,0.37576973173656975
6257,7257,5.923407602305546,7.424655357669736,0.19899779762705638
6258,7258,5.223450416299373,9.536833973565823,0.2936506199888817
6259,7260,4.727371817809793,9.726113000684478,0.3607336364920131
6260,7262,1.4848568074490474,8.097498569046067,0.7992078795131017
6261,7263,5.793705961801535,7.726595954353659,0.21653690799566566
6262,7264,5.9811567184771,8.316580577139971,0.19118858165810945
6263,7265,3.1460366602074323,11.869883869205678,0.5745721951345489
6264,7266,4.545210147715738,10.428080947215303,0.3853667376948543
6265,7267,4.649486573917616,10.373026639158542,0.37126579231828194
6266,7269,5.072190598548655,10.371161841713398,0.31410496912090785
6267,7270,2.0169873688195823,10.11440549358351,0.7272496790607393
6268,7271,5.139127246750505,8.50684313372763,0.3050533545387414
6269,7272,1.7737272884377715,8.491588170213436,0.7601449098497548
6270,7273,4.811385751003144,9.522117767636772,0.34937271891955124
6271,7274,4.918598602355839,9.852286440213755,0.3348746907874392
6272,7275,5.3217180257638885,9.563667499255313,0.28036222640064307
6273,7278,4.748282383019857,10.442897647819697,0.3579059720949851
6274,7279,4.424940354177731,10.175398987604003,0.4016304115749679
6275,7280,4.9534554121637075,10.265605989698818,0.33016112331102077
6276,7281,5.529071862960816,9.21586220941019,0.2523224743834811
6277,7282,1.631498102967349,8.443404271925392,0.7793780773864908
6278,7283,0.2091119371902291,8.308056425012708,0.9717225061184965
6279,7285,2.15144381557944,9.563394758952487,0.7090675924631588
6280,7286,4.271044360500859,10.893895351476448,0.4224412417841817
6281,7287,2.3527217824270616,8.561331927807787,0.6818494596655204
6282,7288,4.1291955639861,11.083192429926783,0.44162297062013917
6283,7289,4.325123591249602,10.3263503636732,0.4151282919011588
6284,7290,2.6582546303044365,9.233984957455805,0.6405332949714347
6285,7291,5.72721887585569,8.675724626065875,0.22552772980763294
6286,7292,2.914897646557224,9.18765355160809,0.6058283354204318
6287,7293,6.509390030910753,4.73549572204478,0.119757392884029
6288,7294,4.813738782483432,10.475538369178764,0.3490545264998316
6289,7295,5.205501550935383,10.011395852141792,0.29607778381955513
6290,7296,4.111684669378647,10.539375155495204,0.4439909091595418
6291,7297,5.130282674202131,9.93392356345833,0.3062493759112259
6292,7298,4.688450495678416,10.399627487580446,0.36599683410386835
6293,7300,4.44677541798115,10.241796283446737,0.39867773038708465
6294,7301,4.019869470064908,10.70006854045154,0.4564067653354684
6295,7302,6.238898914782198,7.105482430112316,0.15633498373848184
6296,7303,4.126381662931619,10.64349789268574,0.44200348486012175
6297,7304,3.042698275569575,10.48479928655657,0.5885462923505447
6298,7305,1.5327652318753633,8.27459069352828,0.7927293867173737
6299,7306,5.1630948800729675,9.71890446156133,0.30181229325005215
6300,7307,4.716247398360922,10.16919699846819,0.36223795378316115
6301,7308,4.464778721677044,10.09402571054461,0.3962432050465041
6302,7310,5.175465933628775,10.086478153742371,0.3001393978815115
6303,7312,1.2612449250797513,7.32930334893415,0.829446151514652
6304,7315,5.397300064596534,9.292063420527668,0.2701415251371977
6305,7317,0.05873767495487084,8.79373090267356,0.9920571045992504
6306,7318,5.387914819857021,9.646546668020504,0.2714106597655884
6307,7319,5.145061332773043,9.655097206400315,0.30425090833002977
6308,7320,5.073707612487718,9.968585965172775,0.3138998285012167
6309,7323,6.199727462827209,7.279414799256571,0.1616320055530671
6310,7324,4.479311546711289,10.065843713638023,0.39427798069581116
6311,7325,3.1109037993652056,11.649467379620955,0.5793230920505964
6312,7326,5.377881803406519,9.810246020940534,0.27276739035258507
6313,7328,3.818126377957069,11.481839692743234,0.4836877954352726
6314,7329,6.597316731893123,5.561130839356196,0.1078673650718533
6315,7330,5.30476128176673,9.512023844069523,0.28265522904349877
6316,7331,5.131204553231552,9.822331788273006,0.3061247133550648
6317,7332,4.605562230357174,10.407965697658145,0.3772055314501974
6318,7334,3.71995239270737,10.750774074114029,0.49696352854034037
6319,7335,5.536898478665174,9.271525456546296,0.25126410784225617
6320,7336,4.357262717911015,11.059410950757075,0.41078222744526777
6321,7339,4.868657263795598,10.167433191136833,0.34162808762621766
6322,7340,4.413743865911358,10.588534478271097,0.40314447448644425
6323,7341,1.7792701143599041,8.934990130603857,0.7593953724096384
6324,7342,3.9638148179648036,11.039812779211088,0.4639868447086921
6325,7343,3.851439428229249,10.168531208943094,0.47918298529433434
6326,7344,5.057025209686745,10.081421245865833,0.31615573292002647
6327,7345,4.876073457921093,9.987386517462205,0.34062522099495035
6328,7346,4.798047735977532,10.142001640946239,0.35117637318886746
6329,7347,4.4613333053341595,10.270631378853642,0.39670911694452515
6330,7348,3.6254765819233983,10.610025473739796,0.5097391701287186
6331,7349,4.97435731820919,9.92448191782565,0.3273346298632784
6332,7350,5.4386793823423485,9.375556259243176,0.2645459411638465
6333,7353,5.162356724776587,9.799805194603625,0.30191211147256714
6334,7356,6.819430370209053,3.808627705649147,0.07783169550238472
6335,7357,5.2661696523936,9.539778974635473,0.2878738434284021
6336,7358,4.519135319096415,10.491277813422212,0.3888927478148476
6337,7359,2.069498807359095,9.318295845501567,0.7201487363696524
6338,7360,4.600111483397329,10.829472733511587,0.37794261736637075
6339,7363,2.6406384005748116,10.07948359619452,0.6429154776200583
6340,7364,4.788889199594962,10.183160918000095,0.35241485081956364
6341,7365,4.791769497646669,10.498524907845791,0.35202535794015927
6342,7366,4.853759194124903,9.854787705292509,0.34364270276306674
6343,7367,6.079186795585326,7.593950175495303,0.17793230876007102
6344,7368,5.199492195517793,10.016062386611628,0.29689040845177816
6345,7369,1.632458430232428,8.910354462035777,0.7792482156065877
6346,7370,3.3943712948945337,10.62107410182537,0.5409907496786555
6347,7371,4.985676764921518,10.077961683015243,0.325803939700628
6348,7372,4.773583695455464,9.971052935237662,0.3544845619296676
6349,7373,4.570360010805943,10.310190378467134,0.3819658075078466
6350,7374,5.750521209946491,8.71251398543402,0.22237663466437502
6351,7375,1.498053794997386,9.292296766959776,0.7974232959084223
6352,7376,4.984833651378224,9.91966992184447,0.32591795106880833
6353,7377,5.671944743283065,8.41312440037284,0.23300226218789555
6354,7379,5.64071000481947,8.730103616701342,0.23722602931311326
6355,7380,2.7073158041490837,10.71430577721262,0.6338989198044669
6356,7381,1.5080406765084295,8.904265410898496,0.7960728039918995
6357,7383,4.980489503297311,10.177295398303706,0.3265053953937424
6358,7384,5.828138699964135,8.269647237585492,0.2118806862811178
6359,7386,5.02494024863726,10.229420464220846,0.3204944727450022
6360,7387,4.348497567337075,10.261143267691516,0.41196750885509736
6361,7388,2.72231963188053,9.953086679311921,0.6318700033658556
6362,7389,4.282104827508738,10.791315191386104,0.42094557256345544
6363,7390,4.828384347100258,10.400673593403106,0.3470740567599969
6364,7391,4.260213976174931,10.838140517204065,0.4239057977087541
6365,7392,4.742656370438675,10.278405608308983,0.3586667585832138
6366,7393,4.736007703788312,10.435397374008865,0.3595658350924365
6367,7395,5.278516834850482,9.8224151785449,0.286204176067133
6368,7397,4.8012079406729296,10.42657064510964,0.35074902948893744
6369,7398,1.9628462154721649,9.034046605956261,0.7345710025255322
6370,7399,3.818951890039985,10.25597584586077,0.4835761642525318
6371,7400,5.183837494714096,9.867296535026474,0.29900734023549846
6372,7401,4.844249550901559,10.475015366121216,0.344928659374041
6373,7402,5.0432450957474755,10.012636929796265,0.31801917071721747
6374,7404,4.83391458756286,10.05078370564817,0.34632622120863754
6375,7405,2.405898009822974,9.279508512162092,0.6746586198453075
6376,7406,0.9906180633407418,7.924649486976607,0.8660420987849108
6377,7407,0.8916511070087578,7.275986903441527,0.8794250626642176
6378,7408,3.931991831475216,10.869334154999915,0.46829015860765844
6379,7409,0.20388793023947271,7.269107151375868,0.9724289307567636
6380,7410,4.193174759394246,10.935136442455127,0.4329712822899241
6381,7411,4.7109333667514335,10.467173260205092,0.3629565521489098
6382,7412,4.9996109145847445,10.077526435454095,0.3239196721779786
6383,7414,4.788543009397348,9.961699773233624,0.35246166493896025
6384,7415,6.348014220834797,6.538990978710428,0.1415796931475203
6385,7416,1.5031222745266524,8.584464356370269,0.796737902712782
6386,7417,0.6314301230453706,8.342291611703796,0.9146138585824992
6387,7418,3.92047007486741,10.76078878799473,0.46984820644729475
6388,7419,1.6439528699726222,8.378804255686529,0.7776938617337671
6389,7420,4.756490570970064,10.344078406557335,0.3567960068406867
6390,7421,5.055463378113554,10.03000373779346,0.3163669340754854
6391,7422,5.45459504414399,9.293176892281831,0.2623937205146419
6392,7423,4.587414391876937,10.313438800103686,0.3796596017365847
6393,7424,2.3497453943773543,10.252123131759372,0.6822519464675436
6394,7428,5.4524098488431,8.965695323070713,0.26268921702039416
6395,7429,1.4693987587718937,9.004024397579927,0.8012982187006277
6396,7430,3.0293027526766974,10.766832742828194,0.5903577232125633
6397,7431,1.4140125623172977,8.580788281808733,0.8087879050973436
6398,7432,5.2082736361480855,9.79284450346131,0.2957029241932015
6399,7433,1.2818715188121426,9.958146198994722,0.8266568876117818
6400,7434,5.1571577984633805,10.036397795835548,0.30261514454178096
6401,7435,4.758976827993215,10.42736603847472,0.3564597987853041
6402,7437,1.038921621631283,7.190221998206974,0.8595101733847216
6403,7438,5.916520926596307,8.31396806476624,0.19992905928934382
6404,7439,4.765124050812531,10.337405117881886,0.3556285308146797
6405,7440,0.0,6.582587100349848,1.0
6406,7441,5.0123877511642885,10.051534562517032,0.3221919041554656
6407,7443,3.649386874657777,10.763446389207301,0.5065058628121388
6408,7444,1.6790292240995326,7.711840423057154,0.7729506060280593
6409,7445,0.383241770485651,6.745403426226153,0.9481755228053479
6410,7446,4.175547418929378,10.654600352271629,0.43535496740537033
6411,7447,5.1386041705167225,9.559413702606076,0.3051240883533628
6412,7448,2.154910386840339,10.180587750721669,0.7085988198577446
6413,7450,2.485296491860357,9.0601378367303,0.6639218339870697
6414,7451,5.048653888260615,10.113276123050028,0.3172877581577446
6415,7452,5.496860813526249,9.150810769069317,0.2566782647106214
6416,7453,4.794909200071261,10.324532793022096,0.35160078669236683
6417,7454,4.363466769401869,10.758329328421052,0.4099432747272621
6418,7456,4.4592448425341935,10.49031911257897,0.39699153264418013
6419,7457,6.093071642127692,7.282518866248074,0.17605470833025819
6420,7458,4.036160600212433,10.996143618971203,0.454203771382759
6421,7459,5.509321874051128,9.221042136131583,0.25499319800671166
6422,7460,4.802860950809632,9.752554069361782,0.3505254985673902
6423,7461,4.225371406696226,10.933416187888618,0.4286174395140407
6424,7462,2.5383822421529803,9.903844252188193,0.6567432290768722
6425,7463,4.639909720417915,10.803586495113503,0.3725608375456403
6426,7464,3.2843433987477963,10.989825851226328,0.555869446714749
6427,7465,4.568290940777322,9.804799161124645,0.38224560078919095
6428,7466,4.479770402163561,9.493441421961924,0.39421593123838433
6429,7467,4.472776713951768,10.20496172326536,0.39516166383631934
6430,7469,4.3341827984623365,10.506068751294535,0.4139032462152383
6431,7470,4.533384346228347,10.572242646234322,0.38696590048630874
6432,7471,2.0028578448401193,8.570336141519663,0.7291603663856545
6433,7472,5.181205854256552,9.414044838260882,0.2993632079967388
6434,7473,4.676502125739798,10.115276592052908,0.3676125714088403
6435,7474,4.192939273414119,10.286913223248696,0.433003126255657
6436,7475,1.4652626444259151,7.97237131221957,0.8018575313332929
6437,7477,4.725556105684616,10.24749456571634,0.3609791690484045
6438,7478,1.638507700861815,8.805405687183132,0.7784301933764438
6439,7479,5.223425093651049,9.734560822810597,0.2936540442842264
6440,7480,4.250296018606779,10.605227536325863,0.42524696927561356
6441,7481,5.0541381218107,9.775558621888432,0.31654614396421255
6442,7482,4.709978157194389,10.413755072596674,0.3630857218786145
6443,7483,1.1017278320489323,7.478291777461704,0.8510171038131368
6444,7484,4.2596216580859005,10.991367119035754,0.4239858948632424
6445,7485,5.1731412142238495,9.114218979229307,0.30045376175586647
6446,7486,3.884851507767501,10.769362659941105,0.47466478376358323
6447,7487,4.060015173003547,10.69463099599631,0.4509779988840184
6448,7488,4.182333859569694,10.681368059173293,0.4344372601895018
6449,7489,5.483129364582058,9.289090802184575,0.25853512170654847
6450,7491,1.8995463095746958,8.874811236005725,0.7431308328526126
6451,7492,4.190454026295283,10.445371625258343,0.43333919774512425
6452,7493,4.777538449719432,10.077523061887316,0.35394977400218325
6453,7494,4.684795409997772,9.906121815210483,0.3664910988711483
6454,7495,4.9913156907444005,10.164823058015894,0.3250414069987777
6455,7496,5.52212717765123,9.314359487570092,0.2532615804861238
6456,7497,4.662185838921236,10.707600110995308,0.36954851403534605
6457,7498,5.607864044610507,9.0109431200306,0.241667676458279
6458,7499,6.776018685298086,4.333696464957252,0.0837021095540651
6459,7500,3.721454007179172,10.928159914852479,0.49676047033807175
6460,7501,2.9243730718558973,9.524075021159524,0.6045470059826764
6461,7502,3.2516929035145803,10.180804349446113,0.5602846617980727
6462,7503,5.513808804527507,9.250279488591293,0.2543864457055405
6463,7504,4.558081462917176,10.207476502820091,0.3836261936506161
6464,7505,1.2010632576026352,8.21524545659406,0.8375843130980086
6465,7506,3.5251409368696502,11.164578386952236,0.5233072171145922
6466,7507,5.044823853212946,9.95701011987259,0.31780568073108817
6467,7509,5.043093455596015,10.094315417068236,0.3180396764975796
6468,7510,3.8634176799897357,10.947682536484255,0.4775632071725328
6469,7513,4.135916755723563,10.867564917735468,0.440714086790807
6470,7514,5.0333821209169125,10.176179401937269,0.3193529071560462
6471,7516,3.1107842295058505,10.05285959994897,0.5793392610747647
6472,7517,3.138902562372886,11.484138907480112,0.5755369148467617
6473,7518,5.206537748849307,9.36059096288631,0.2959376623106411
6474,7519,3.668386397527619,11.088847898390561,0.503936622151264
6475,7521,5.398438224267821,9.259868085278146,0.26998761568767776
6476,7522,3.7314768626828965,11.53056511487711,0.49540511378124386
6477,7523,6.717700582854877,4.399538580584185,0.091588267595433
6478,7524,2.2916671958838037,9.106425100394802,0.6901056631162308
6479,7525,3.0878677665165335,9.696528603126879,0.5824381761853671
6480,7526,1.9861626525728084,8.794906754182648,0.7314180002803659
6481,7527,5.664845671948843,9.247007779240061,0.23396224538596236
6482,7528,6.74884682658487,4.45662738744355,0.0873764673111408
6483,7530,4.218917508198803,10.664099246482799,0.42949017819039226
6484,7532,1.1170274752446983,8.518506663594982,0.8489481852584592
6485,7533,3.788428944101378,10.808161337610638,0.48770367810287335
6486,7534,3.3815919481905463,10.738098986761276,0.5427188571367335
6487,7535,5.9753323222356265,7.100980402995455,0.1919761948919341
6488,7536,4.829985781894461,10.071442576734933,0.34685750019606665
6489,7538,3.0539144439185733,11.370865394812839,0.5870295681686334
6490,7539,5.036884903574557,9.88765894616511,0.3188792378069852
6491,7540,5.723791606775398,8.236551027282932,0.22599118771324284
6492,7541,4.523436451571163,10.82793321298194,0.3883111203435877
6493,7542,2.489166127805299,9.37067173166448,0.6633985563194864
6494,7543,4.081071628195874,10.969455771325269,0.4481306062823923
6495,7544,0.0,6.022701115868008,1.0
6496,7545,3.9473838451193837,10.517386741409018,0.4662087491123649
6497,7546,3.679462271158285,10.10214642700191,0.5024388695454979
6498,7548,6.483313367912767,6.334952670578185,0.12328365106079095
6499,7549,4.245805930897168,11.069284128298065,0.4258541485186638
6500,7550,2.8449820043165484,8.988773009003356,0.6152827892036395
6501,7551,3.587151249107138,10.959549860060614,0.5149217741387064
6502,7552,2.2601665871677152,8.14519458798245,0.6943653829686776
6503,7553,5.236385813059836,9.703909921326295,0.29190141041403067
6504,7554,4.9563789470919986,10.098574042965915,0.3297657836562984
6505,7555,4.337469195488431,10.374482043834481,0.41345883795693283
6506,7556,3.9408891256578222,10.039505380006855,0.4670870078684363
6507,7557,2.417593628840598,8.703990640618132,0.6730770611851227
6508,7558,2.00744037452399,8.977867571218763,0.7285406865297906
6509,7560,4.717526021565267,10.212174890016414,0.3620650499292567
6510,7561,5.863927275838613,8.090644754741703,0.2070411192582288
6511,7562,5.404809887742006,9.625390376029955,0.26912599737297405
6512,7564,5.132798102394835,9.871076319186965,0.30590922313810204
6513,7568,3.485918202866201,11.085781815087902,0.5286111736256421
6514,7569,6.052967624544516,7.309475973561435,0.1814778378132982
6515,7571,4.366968951988933,10.500301259555584,0.40946968652369864
6516,7572,6.50533424851094,5.872014957641868,0.12030584250166645
6517,7573,4.993506596285875,10.001694047327994,0.3247451383166716
6518,7574,4.531310357929128,10.537849206148948,0.38724635884860753
6519,7575,4.680234651816064,10.81700590569026,0.3671078346410482
6520,7576,3.0888120214340558,10.080900164133407,0.5823104878141934
6521,7577,3.0514431932566275,12.81645522076887,0.5873637469649844
6522,7578,4.927790209335843,10.21582838438053,0.3336317411326723
6523,7580,2.084185043710419,7.9617829234655355,0.7181627667299129
6524,7581,4.41775763465373,10.043069248208461,0.4026017062323729
6525,7582,3.01374047418104,10.360863099537518,0.5924621570428659
6526,7583,4.616419519120234,10.31501441938481,0.37573733733037606
6527,7584,4.952501255457486,9.89915697776193,0.3302901506673004
6528,7585,2.2881147793994296,9.779921480117405,0.6905860442783547
6529,7586,3.878661148259913,10.773314886014445,0.47550188496140194
6530,7587,4.5397620779283345,10.43516315254951,0.38610346158613157
6531,7588,1.8942211814244447,8.97700474036509,0.7438509317657126
6532,7589,2.7697264936239807,9.671718384026281,0.6254593351806519
6533,7591,4.385148821718989,10.425883696683385,0.4070112847606729
6534,7592,4.747758608080629,10.110519930034137,0.3579768003931604
6535,7593,4.880929894160619,10.355613126375754,0.33996850168999654
6536,7594,1.2322958850756547,7.014353354371483,0.833360831434845
6537,7595,3.061133005748381,9.36786329197145,0.58605342667849
6538,7596,5.7899940751164145,8.137531607776118,0.21703885376900456
6539,7597,4.747034358647253,10.739813432900103,0.358074738173261
6540,7598,1.2891774125028097,8.625108457507753,0.8256689365320268
6541,7599,4.794815752744776,10.053170780200603,0.35161342325553224
6542,7600,6.13266991726384,6.196018869827251,0.1706999686729908
6543,7602,1.9424073787453144,9.013959951823086,0.7373348766890756
6544,7603,5.382026702456649,9.327084039456187,0.2722068897943463
6545,7604,5.052860375476863,8.824948674351141,0.31671892924190964
6546,7605,4.898162320023681,9.967434656590815,0.33763821952890266
6547,7607,4.454796323420689,10.333313958518202,0.39759309070779
6548,7608,4.695848730887345,10.40750803093282,0.36499639599562156
6549,7609,6.488676393277598,5.590075380129775,0.1225584274366494
6550,7610,5.272389427507525,9.733814303041559,0.28703276445848974
6551,7612,2.9827630599032737,9.760073898702252,0.5966511270962945
6552,7613,2.8423256587830474,10.692263428873424,0.6156419977480203
6553,7614,4.743812351845145,10.59086200957896,0.3585104391612438
6554,7615,3.5998056480698093,11.27342495065121,0.5132105629374275
6555,7617,4.957827406479089,10.364590617812766,0.3295699134347969
6556,7618,3.2181171818845584,11.767335417133843,0.5648249920906294
6557,7619,4.915063959645741,10.071123633382488,0.3353526684627031
6558,7620,4.5099927772118615,10.39900854227307,0.3901290625641423
6559,7621,4.700355633035835,10.128828085075664,0.36438694299336405
6560,7622,1.3364781060539395,9.295154245292755,0.8192726251092782
6561,7623,6.8332075513337,3.595412272866861,0.0759686542997098
6562,7624,4.70802841257227,10.133129625731534,0.3633493791923158
6563,7625,0.9186794678683796,7.491766072722006,0.875770109632341
6564,7626,4.089828751448087,10.869868045560246,0.44694641037989463
6565,7627,5.39851153202981,9.518212757117446,0.26997770252911324
6566,7628,4.525557796050249,9.972581335017919,0.3880242581666411
6567,7629,2.3098231025737532,10.541300655567573,0.6876505017933687
6568,7631,5.639515611682681,8.83150310502431,0.2373875430223327
6569,7632,3.0792063739982423,10.1126267999609,0.5836094267473017
6570,7633,4.8382001633052525,10.79589837966361,0.34574669742122227
6571,7634,4.14383925603782,10.436189740747665,0.4396427541008954
6572,7635,3.93142349976757,10.997017210978623,0.4683670121656215
6573,7636,4.895171280677507,9.771933109944287,0.3380426875757641
6574,7637,5.24756931965573,8.921214820887318,0.2903891029695663
6575,7638,2.849824467005031,11.24554711893203,0.6146279594943227
6576,7640,2.8884772910941727,9.075378443198506,0.6094010699567386
6577,7641,4.761369031009149,9.738224455164394,0.35613630933245255
6578,7642,0.0,7.23200132769029,1.0
6579,7643,2.7572855368573377,9.881449773869935,0.6271416833219193
6580,7644,5.35652568524133,9.706471745170012,0.275655305355732
6581,7645,4.865371676472442,10.241770908060358,0.3420723863911569
6582,7646,4.7613331634320115,10.17800788701529,0.3561411595825468
6583,7647,4.892734722660103,10.421101087240125,0.33837217500414746
6584,7648,5.458345028896662,9.2676052743184,0.26188662286959946
6585,7649,2.112692606346893,9.070047671496633,0.7143077862880448
6586,7650,4.531656051790122,10.613609609216848,0.38719961184711876
6587,7651,3.40348239754709,11.661705915494164,0.5397586863494489
6588,7652,5.064979600310715,9.889639944924372,0.3150800878123261
6589,7653,4.728413975343831,9.030932544914656,0.36059270908400237
6590,7655,1.036464372068834,7.39982505642282,0.8598424588601523
6591,7656,3.876588425524277,10.950692250781815,0.4757821721858547
6592,7657,4.794697436438581,10.210167572862007,0.35162942276598325
6593,7658,5.326695882572551,9.592925997028418,0.2796890878063508
6594,7659,0.0,5.044014863913354,1.0
6595,7660,2.0034985882063667,9.929022106701924,0.7290737208461309
6596,7661,5.081734287639503,8.351934939735084,0.3128144086034184
6597,7662,6.059459448970862,7.761936975755615,0.18059997054296262
6598,7663,4.734511183064771,10.41528466722881,0.3597682044845051
6599,7664,4.7492574161294225,10.350141280815574,0.35777412169390105
6600,7665,3.2941835375861475,10.223546423428797,0.5545387983092422
6601,7667,4.5732986419299495,10.120736473302108,0.38156842644607825
6602,7668,2.9026849427489614,9.932950558896817,0.6074798176928216
6603,7669,5.427940499956973,9.464105572588775,0.26599812359315655
6604,7670,4.362308819060864,10.740005758649847,0.41009986040153223
6605,7671,2.1162751317508954,10.944349944117397,0.7138233335994361
6606,7672,1.6110647853476303,8.034875395637208,0.7821412052200051
6607,7673,4.17415827535493,10.647803018482987,0.43554281655188387
6608,7675,2.6535382543581756,9.245223688528618,0.6411710744007456
6609,7676,5.148938604468814,9.845604858103389,0.3037265981059111
6610,7677,4.582856922754489,10.258795618547005,0.3802758927382214
6611,7678,4.484585382874938,10.898391508132793,0.39356481782307673
6612,7679,5.7647880275491,8.245644313674276,0.22044738159117863
6613,7680,3.3237328411747127,10.407185179637217,0.550542946792319
6614,7681,3.4635100168933812,11.534941627285669,0.5316413561692889
6615,7682,5.0084198105801185,9.688263532683571,0.3227284752240458
6616,7683,2.5735415479955392,9.199997228889766,0.6519887560936469
6617,7684,2.8661082596464365,11.228482036201262,0.612425957767534
6618,7685,4.95877229291127,10.080809159700276,0.3294421396660502
6619,7686,5.2090543541712,9.945127501921686,0.2955973503583529
6620,7687,5.17907792985726,9.803268246551777,0.2996509599538475
6621,7689,5.008795451387305,9.848643650743199,0.3226776785991874
6622,7690,4.349883732468176,10.473333494789877,0.41178006247331667
6623,7692,5.073904057101622,10.111167606882812,0.3138732639662487
6624,7693,4.385097731435023,10.278345841791356,0.4070181935254793
6625,7694,4.353404537057313,10.783715567691665,0.4113039560799418
6626,7695,3.1650199434241,10.855478372362699,0.5720051505065712
6627,7697,5.0374033575273165,10.169187167988927,0.31880912904765757
6628,7698,4.267518428600699,10.684656650865836,0.42291804152633455
6629,7700,5.11283591704013,9.766383950866862,0.30860864136268484
6630,7701,5.889570277330737,7.81240932984538,0.20357350364746962
6631,7703,1.5684094288426458,7.187478106308996,0.7879093435615565
6632,7704,4.804603519583412,10.544372687475914,0.3502898569368799
6633,7705,4.118513201410462,10.407941249067068,0.44306751006839556
6634,7706,2.9625490066458133,11.846309441358045,0.5993846045581203
6635,7707,4.7419171473252595,10.067020579597225,0.35876672120298353
6636,7708,5.63888988935957,8.625310530214641,0.2374721573174372
6637,7709,4.138849441553747,10.930654146768141,0.4403175096908399
6638,7710,5.830519536273847,8.409143143001483,0.21155873390917113
6639,7711,4.096444714695149,11.041704917765724,0.44605175624033266
6640,7712,4.648119866215489,10.356623566450335,0.3714506075383215
6641,7714,5.782235613369551,8.15015269790688,0.21808800408306453
6642,7715,4.427495295495769,10.479727591960474,0.40128491557670415
6643,7716,6.007199357090261,7.962987396731319,0.1876669244828333
6644,7717,1.797733798024409,9.072156497491822,0.7568985914564875
6645,7718,4.717036956368461,10.601948396969382,0.36213118454737636
6646,7719,4.122837356066075,10.38455885583154,0.4424827693861573
6647,7720,4.699246856354888,10.140901304543936,0.36453687908134036
6648,7721,1.7076083360282328,9.312005175309004,0.7690859502194937
6649,7722,4.053702511627485,11.92222181969106,0.4518316385462785
6650,7723,4.97144307216088,9.470193735427284,0.32772871341445
6651,7724,3.5906114795609114,11.389694015702249,0.5144538589790082
6652,7726,6.2215916956395585,6.694144592731869,0.1586753799396161
6653,7727,2.4412051718285483,9.40947584372255,0.6698841527775684
6654,7728,4.3553796866094405,10.845522533638912,0.4110368633442242
6655,7730,5.135346100420689,9.686530365699202,0.3055646660575533
6656,7731,4.461732997800632,10.810249145440721,0.3966550678958337
6657,7732,4.051778959995462,10.393264896149812,0.4520917538712864
6658,7733,4.885149070419079,9.982472407750452,0.3393979568782719
6659,7734,5.232009363332246,9.643156784435458,0.29249322278044787
6660,7735,4.72553557004731,10.597207703068893,0.36098194601258016
6661,7736,3.7995190340572873,11.212348432735954,0.48620400307194356
6662,7737,2.5285393920978683,8.963721501529264,0.6580742441109724
6663,7738,4.1968482391936845,10.92293301650097,0.43247453014871107
6664,7739,4.852481879854528,10.586906173331023,0.3438154296142959
6665,7740,1.891173139685369,8.38731235138782,0.7442631080517028
6666,7741,2.7993778826119873,10.811445769736302,0.6214496790034264
6667,7742,4.717227258881877,9.76130022933971,0.36210545058770355
6668,7743,5.527564618191914,8.93354683462693,0.25252629395161885
6669,7744,5.04593372531563,9.893449654740508,0.3176555965129675
6670,7745,4.611685555258588,10.541397902841524,0.37637749511348334
6671,7746,5.111496614878531,9.625333057827449,0.30878975062497266
6672,7747,3.5619909912271117,11.743572749074051,0.5183241099776799
6673,7748,4.491173819686425,10.337685276989184,0.39267388598949127
6674,7749,0.0,7.325109560680188,1.0
6675,7750,5.72636767027149,8.835655872902882,0.2256428354348991
6676,7751,5.060358215731448,9.812248826170745,0.31570502188314115
6677,7752,4.621404346022951,10.681874884032352,0.3750632561940434
6678,7753,3.08152383104749,10.029359158530951,0.5832960449365294
6679,7754,5.009082101865628,10.103109474614321,0.32263891583291104
6680,7755,3.4524722148426936,11.028791296273079,0.5331339604851756
6681,7756,3.9053106279662853,11.24631359030726,0.47189816673532736
6682,7757,1.9188571819779319,8.702136637747456,0.7405194894565048
6683,7759,4.475224663201137,10.455689178785864,0.3948306360104984
6684,7760,2.4589026029433825,9.206988085375748,0.6674909895426413
6685,7761,0.7611691151466193,8.043949428933853,0.8970696972848203
6686,7762,2.2706286272999843,9.52882044707347,0.6929506369728085
6687,7763,4.163727530360038,11.254770058502984,0.4369533306130886
6688,7764,4.805455760789334,10.065976297138,0.35017461126602134
6689,7765,4.893473080294374,10.186699587863359,0.3382723294201698
6690,7766,2.8019404946731825,10.944329620652056,0.6211031457167341
6691,7767,2.9174583956437012,11.29645609995563,0.605482054057455
6692,7768,1.6098871126115175,9.382518813351773,0.7823004578864828
6693,7770,2.2561572875568485,9.612268872795195,0.6949075468773418
6694,7771,5.169484003661379,9.676497706084742,0.3009483138636667
6695,7772,3.793859134563422,11.099129163319356,0.4869693719717692
6696,7773,4.656866796001916,10.399635417105278,0.3702677900634271
6697,7774,4.551653113676386,9.93791015372445,0.38449547738815454
6698,7776,4.506806749366371,10.301008878269847,0.3905598982405638
6699,7777,1.7929397400104428,9.338149235264016,0.757546875566802
6700,7778,2.464574588290079,9.04785428889552,0.6667239863141681
6701,7779,4.737954557434578,10.556202203710374,0.3593025687155372
6702,7781,5.504575750544851,9.04365338416697,0.25563500009707973
6703,7783,1.446933086595174,8.592004076912891,0.8043361749075137
6704,7784,5.122465913323731,9.911663995104949,0.30730640981795615
6705,7785,4.407141314907241,10.294524545911674,0.4040373149341485
6706,7786,5.103353485499151,9.823921151254172,0.3098909182306853
6707,7787,2.653198322703032,9.62677583621822,0.6412170421987948
6708,7789,3.992036706824102,11.48127189791509,0.4601704949571363
6709,7790,4.8192252103956195,10.546941738025936,0.3483126155701984
6710,7791,3.9630311660852433,10.786643416490648,0.4640928152789391
6711,7792,2.6986955707366422,9.624826925834546,0.6350646045609315
6712,7794,5.236942068380006,9.60621630611324,0.2918261899047474
6713,7795,4.353809657733938,10.361301025747824,0.41124917299290975
6714,7796,0.0,7.256296144644368,1.0
6715,7797,3.066941289575119,8.93826153732601,0.5852679922715427
6716,7798,5.679482494295803,9.013928488969508,0.23198295783345746
6717,7799,1.0327539442204219,8.300949626757903,0.8603442073599799
6718,7800,4.481637788370643,9.156026234464399,0.393963410972183
6719,7803,5.7468405587610505,8.441146372402795,0.22287435656765198
6720,7804,4.5898360696215486,10.13386310267347,0.37933212651672704
6721,7805,6.573700682401034,5.039718638078534,0.11106088287858823
6722,7806,4.889626155225864,10.12008647232124,0.3387925359734114
6723,7807,2.3107805615004446,8.87552324404817,0.6875210278890804
6724,7808,4.348844550989019,10.223165823005733,0.4119205874395787
6725,7809,4.605254803475135,10.657272839642495,0.37724710373866976
6726,7811,6.026315012920254,7.89249076915165,0.1850819795579446
6727,7812,4.668351382534807,10.089187135353036,0.3687147686062159
6728,7813,2.4177527686067783,10.015546977143359,0.6730555412574468
6729,7814,5.275726200407664,9.670090169262991,0.28658154404259434
6730,7815,1.0211018158838188,8.524733892542464,0.8619198849237387
6731,7818,0.3797610983728145,7.69248513510961,0.9486462022208646
6732,7819,4.046731507056766,11.37586801682062,0.45277430371281613
6733,7820,4.803522062526126,10.103781240274596,0.3504360986853493
6734,7821,4.14065293720944,10.842587709192573,0.4400736291259404
6735,7822,5.288710759808267,9.838282346994284,0.28482568637163536
6736,7823,4.244465993265893,10.50588769744248,0.4260353437133481
6737,7825,3.8740001763320624,10.688513724229585,0.47613217229431376
6738,7828,4.153760372379459,10.876876321399699,0.43830115538387354
6739,7831,4.181321489292121,10.678246861017147,0.4345741595684399
6740,7832,5.273006595260624,9.516278317892812,0.28694930696870397
6741,7833,4.187225888207388,10.781248592355242,0.4337757278459671
6742,7834,4.7308098784056565,10.096364038464948,0.3602687192865677
6743,7835,2.242854768401201,8.874719400912028,0.6967064011612567
6744,7836,4.386816520169594,10.826525958499332,0.4067857675885457
6745,7837,4.278347068082733,10.611630457442164,0.4214537215510493
6746,7838,1.8085761634112956,8.665482415726245,0.755432415373915
6747,7839,3.3325251307396453,7.554352745202619,0.549353995469322
6748,7840,4.814709641025675,10.249794731672289,0.34892324061124497
6749,7841,6.330002682442507,6.448018400638498,0.1440153320380017
6750,7842,4.493101249888407,10.676843916070121,0.3924132461786995
6751,7843,3.9472286121261986,10.30036233314937,0.4662297407404564
6752,7844,3.7071232134428316,10.94802041065789,0.49869837468557826
6753,7845,6.604717024062228,4.94077440272264,0.10686664880789928
6754,7846,4.14816222536167,11.133424885616215,0.4390581737070278
6755,7847,4.902554680316806,9.91400251159617,0.33704425563098694
6756,7848,2.7173015552976105,9.19681417887859,0.632548580743011
6757,7849,4.876924313660998,10.266192796628445,0.3405101626759347
6758,7850,5.542036411198369,9.143427597453247,0.25056932275383326
6759,7851,5.742091804352324,8.367549721353654,0.22351651442598303
6760,7852,4.477425956772278,10.370051795718878,0.39453296259057935
6761,7853,1.9308869229358672,8.020243951575099,0.7388927486261875
6762,7855,2.834215082694186,10.937262042782113,0.6167387632833116
6763,7856,4.560495404208504,10.591030532028617,0.3832997646049431
6764,7857,2.165307820784723,9.597827419799643,0.7071928103362595
6765,7858,4.648182637054229,10.876037785645229,0.3714421192519412
6766,7860,4.447564079044245,10.424253576690852,0.39857108244203715
6767,7861,5.201060154665775,9.88555634952383,0.2966783786852844
6768,7862,4.83430970688297,10.25136759730927,0.34627279057092736
6769,7863,4.300417214559825,11.339668012581079,0.4184692509351891
6770,7864,3.9837018884101383,10.581467585562933,0.46129758401704923
6771,7865,3.5944683041793826,10.89565728923601,0.5139323137433977
6772,7868,5.0210773561127136,9.971299686830495,0.3210168385228507
6773,7872,4.94610857173365,10.05781926056843,0.3311546114786538
6774,7873,2.5068754448045274,9.632210786970806,0.6610037857969613
6775,7874,3.872617213892791,10.86209275456595,0.4763191855870043
6776,7875,2.155848436201664,9.60845262250798,0.7084719706427651
6777,7876,2.052519563542359,8.579127570987136,0.7224447815863513
6778,7877,3.900540011664914,10.181090794047272,0.47254328090281894
6779,7878,3.993116272724729,10.494376502293953,0.4600245089433303
6780,7879,4.477465720021402,10.387247892833397,0.3945275855420525
6781,7880,3.4176734878335036,10.120003421938026,0.5378396736228781
6782,7881,4.796559143168996,10.519417210969355,0.35137767051603597
6783,7882,4.8983769937625325,9.962476728315034,0.3376091899315565
6784,7883,4.764130618582373,10.287177921550594,0.3557628692660731
6785,7884,5.769581733398069,8.549293105128207,0.21979914510293536
6786,7885,2.940902636410399,9.672930915928998,0.6023117693585298
6787,7886,2.0227330238155408,8.170350349307038,0.7264727137369204
6788,7887,0.964467613902535,8.442793853591724,0.8695783348502617
6789,7888,2.187011939575507,9.053450834605563,0.7042578363957164
6790,7889,5.351632178222023,9.310331623538543,0.2763170376157687
6791,7890,5.938187547575545,8.32643126659615,0.1969991560499323
6792,7891,4.638928596229158,10.530508672515822,0.37269351162258363
6793,7892,4.3381249256866665,10.45673905890446,0.413370165799247
6794,7893,3.4075976343649677,9.562093965627396,0.5392021969136851
6795,7896,5.305903242918801,9.623182551244025,0.2825008055327011
6796,7897,5.968021282575686,5.052332417301285,0.19296484184355855
6797,7899,5.454142710666759,9.276163319676087,0.2624548880276335
6798,7900,4.833194056586491,10.298309332365289,0.34642365615448273
6799,7901,4.966948065489933,9.676983671089934,0.32833655783186066
6800,7902,2.476194891312479,9.404454201181244,0.665152612379077
6801,7903,5.227868970997491,9.632843514085861,0.29305311391094097
6802,7904,5.510403881870422,8.614801865757816,0.2548468817805749
6803,7906,2.7397152042504693,11.438368834215472,0.6295176594592105
6804,7907,5.4603101289294,9.289545826836626,0.26162088909610504
6805,7908,4.136773745838512,10.745249459043116,0.4405981989411816
6806,7909,4.143970509497482,10.242522418870404,0.43962500514331615
6807,7910,4.032881433021606,10.849468920651159,0.45464720197510583
6808,7911,2.43977279969013,9.895991985718906,0.6700778475753135
6809,7912,4.219543720238807,10.874282025744986,0.429405497672543
6810,7913,5.420504556298678,9.323124388206754,0.26700366088636895
6811,7914,5.673689713554754,8.651946051238205,0.23276629581101574
6812,7915,1.8237030099589466,8.676683751458299,0.7533868635204667
6813,7916,2.9850056482175384,10.247405159912224,0.5963478695291397
6814,7917,4.994373159107558,10.104425337420649,0.3246279559825719
6815,7918,1.4761569432243093,8.196081965873637,0.800384332472653
6816,7919,4.893105722568094,10.821929379347205,0.338322005952255
6817,7920,5.411119105892002,9.318172444302013,0.26827282332642843
6818,7921,4.2774980092187755,10.697731364478994,0.42156853688466067
6819,7922,4.222043339165228,11.548541974721111,0.42906748273256545
6820,7923,5.298384461426904,9.636046418012318,0.2835175447035504
6821,7925,4.48342052229032,10.760809119587284,0.39372233794601635
6822,7926,5.21986037651196,9.67665198971556,0.2941360888219239
6823,7927,4.293072389847593,10.678268170305905,0.41946246652417735
6824,7928,4.55791100478135,10.414644164416227,0.3836492441228065
6825,7929,4.225989123732118,10.532204976296502,0.42853390774661676
6826,7930,5.575911957274661,9.041796166340838,0.24598844822425764
6827,7931,4.854156564262906,10.477051288521322,0.3435889677549316
6828,7933,1.361408766343505,7.839105965437913,0.8159013369691912
6829,7934,5.335394321127497,9.349482052469835,0.2785128276352619
6830,7936,4.960257193357848,10.011385213168204,0.3292413416443927
6831,7940,1.2738781059176705,7.637233774130425,0.8277378095679977
6832,7941,3.7733685197186935,11.272501350309051,0.4897402479135523
6833,7942,5.620852019172421,9.012873850131749,0.2399113569667066
6834,7943,3.747560357397151,10.938928550700131,0.493230197659828
6835,7944,2.573983365084598,10.29764592830496,0.6519290106759512
6836,7945,5.219559978876522,9.748048970366215,0.2941767105693585
6837,7946,4.872539913465843,10.058439275262765,0.34110305015695774
6838,7947,3.0907393246812385,9.27338586571681,0.5820498651710658
6839,7948,4.680038968217797,10.277514711578451,0.36713429626646776
6840,7949,4.854236168987225,8.824294984752758,0.3435782030796332
6841,7950,4.2768959359337195,10.789162363720079,0.4216499532010276
6842,7951,4.595670733444928,10.664225848866618,0.37854312483282915
6843,7952,3.9983771254393865,9.98597573647362,0.45931310177811
6844,7953,1.9726257670432865,9.503853843529448,0.7332485471294796
6845,7954,5.052966261066127,9.61421591974609,0.3167046106949019
6846,7955,4.969599392829204,10.253060275139774,0.327978027880766
6847,7956,5.333089298043008,9.324644511610046,0.27882452804339813
6848,7957,4.34188130593402,10.288895834034426,0.41286220331327705
6849,7958,4.829981336981023,10.14574420313727,0.3468581012665471
6850,7959,4.831184867128219,10.141129466070893,0.3466953519905811
6851,7960,4.73333493429265,10.520613958838723,0.35992726459318997
6852,7961,2.1970302637930113,8.886791936869868,0.7029030925892655
6853,7962,5.01228069220708,10.01758839422035,0.32220638137301766
6854,7963,5.37354478917883,9.395930805083397,0.27335386999088473
6855,7964,4.591499188151612,10.628581384110202,0.37910722867163027
6856,7965,4.270865393144216,11.010895264008923,0.4224654429292739
6857,7966,2.6623290590379804,9.466320387542723,0.6399823238736987
6858,7967,4.374316365022494,10.422381324614117,0.4084761209248471
6859,7968,2.2039239246486635,8.868649613851149,0.7019708863494586
6860,7969,6.106558482366921,7.070748356354468,0.1742309289350212
6861,7970,6.282702724968091,6.784808673832232,0.1504115439236074
6862,7971,5.394281577115121,8.976689211329576,0.27054970490174834
6863,7972,5.147506185666215,9.90589514513952,0.30392029921389424
6864,7973,5.002672778654475,10.153199370678479,0.32350562674536887
6865,7974,4.700717016527136,10.174512776662942,0.36433807433669413
6866,7975,1.7843141273797958,8.72070305262448,0.7587132877365934
6867,7976,4.428976575637998,10.366449297241063,0.4010846071164531
6868,7977,5.503374027040545,9.225248303548414,0.25579750506689103
6869,7978,4.675060988887143,10.614732444123774,0.3678074514289909
6870,7979,2.4717382374274446,8.912038574250728,0.6657552704800891
6871,7980,2.555483374850372,8.87754578352885,0.6544307012426657
6872,7981,6.326130030979662,6.842058120142935,0.14453901748378367
6873,7984,2.1680920821630183,8.768744011541756,0.7068163041685718
6874,7985,4.692848260740429,9.723935081216748,0.3654021393374944
6875,7986,4.438348137403386,10.364467399761976,0.3998173227899739
6876,7987,5.602266129031078,8.894248454795688,0.2424246634848134
6877,7988,4.897778251098672,9.97138971177402,0.33769015585938156
6878,7989,6.589839373074277,5.3623097536217825,0.10887850279593926
6879,7990,4.650767891230509,11.010696004170248,0.3710925241492695
6880,7991,5.190707231726306,9.95038436457828,0.29807836913542396
6881,7992,5.2477734650801,9.484232098424881,0.2903614970802702
6882,7993,4.4459171765551355,11.067352862349608,0.3987937874472366
6883,7995,4.992679055409388,9.886051147342137,0.3248570438462458
6884,7996,3.1104856380117383,11.017298524523907,0.5793796385838696
6885,7997,2.2673519044466497,9.716818318627734,0.693393737025735
6886,7998,5.012896636561542,9.823512591658204,0.32212308931925604
6887,7999,0.0,7.90583920274201,1.0
6888,8000,4.97218830987391,10.299649256555444,0.3276279374608931
6889,8002,4.529680704428785,10.62714949361425,0.387466731331901
6890,8003,4.597013653229401,10.192724652734656,0.37836152637174164
6891,8004,3.298418026805489,10.729720835906,0.5539661827780576
6892,8005,4.797919613139265,10.45308785327554,0.3511936988031956
6893,8006,1.9052003889971685,9.041762230366288,0.7423662509811861
6894,8007,3.414673450685724,9.139335811841189,0.5382453584117548
6895,8008,4.33710342577095,11.063396790595789,0.4135082997480055
6896,8011,3.6704879436817435,11.06057793267871,0.50365243723426
6897,8012,6.267920196227186,6.852706888297966,0.15241053485468867
6898,8013,5.9991486699037715,8.18227872305106,0.18875559144616774
6899,8014,4.6894043765453155,10.70665862888548,0.36586784404839917
6900,8015,3.9410913295674943,10.826156366547714,0.4670596645235494
6901,8016,5.806123966798679,8.224028168947425,0.21485766354388786
6902,8017,4.610549870524747,10.401516770619562,0.37653106988565566
6903,8018,5.234059829809507,9.635064353697228,0.29221594519388794
6904,8019,4.805099955199089,10.37180021541557,0.3502227256421605
6905,8020,5.005536387141413,9.812754226946359,0.3231183907388717
6906,8022,4.068685021548548,10.951901584428128,0.44980560484243964
6907,8023,5.450386232802041,9.490715904838435,0.26296286371406674
6908,8025,1.725081727710689,9.281328576504638,0.7667230830726972
6909,8026,5.66167452264925,9.059077611901285,0.23439106908738025
6910,8027,4.612246027868624,10.300518577524656,0.3763017043144788
6911,8028,1.774570999871866,9.829856108949233,0.7600308176308412
6912,8029,4.776318194118997,10.264732530074934,0.35411478500413185
6913,8030,4.669688632234822,10.5327210637892,0.36853393689130615
6914,8032,3.293814745990351,9.912784066831222,0.5545886687386103
6915,8033,2.2740442001505503,9.864842964836807,0.6924887607084428
6916,8034,2.767441357818729,8.814113696667718,0.6257683462998623
6917,8035,1.9066036637846084,8.613262199142861,0.7421764909189483
6918,8036,4.746762676933352,10.067058710210468,0.3581114767645905
6919,8037,5.059548598477825,9.988389689050784,0.31581450366234176
6920,8038,4.58869170155293,10.631984437620355,0.3794868755066382
6921,8039,0.4294721589359267,7.4002052627874715,0.9419239450900453
6922,8040,5.359878054386238,9.518504544181514,0.27520197591286316
6923,8041,2.310696471260764,9.381004818296962,0.6875323991253189
6924,8042,1.5755012780491144,9.040883465483152,0.7869503369871875
6925,8043,4.086427989204759,10.942421566414069,0.44740628385636994
6926,8044,4.575142942571768,10.099769126115167,0.38131902796211115
6927,8045,4.587785182143736,10.536630979257597,0.3796094610337553
6928,8046,4.377523768565643,10.876230083075729,0.40804239468575443
6929,8047,5.698955428435783,8.588454534474096,0.22934969938156297
6930,8048,4.722023537826164,10.519475091437222,0.36145686614855854
6931,8050,4.9008531443580505,10.242070131075684,0.33727434853390476
6932,8051,3.27679265956304,11.607155562508268,0.5568905074153802
6933,8052,4.292771796687931,10.647386740888546,0.41950311471168583
6934,8053,4.684913995617514,10.159286148806416,0.3664750629423451
6935,8054,3.7667340431216614,10.796002256780898,0.4906374055502724
6936,8055,5.718073419012772,8.827334067540193,0.22676443873680274
6937,8056,1.9680393236038993,9.90073851680462,0.7338687562291503
6938,8057,4.992835097788906,10.109591171144483,0.32483594276760164
6939,8058,4.985396307595932,9.824021036419856,0.3258418649879876
6940,8059,4.987909491962638,10.029648750113346,0.32550201563979875
6941,8060,5.350580589340063,7.725756398718504,0.27645924039278397
6942,8061,5.550795864219076,9.328083611654957,0.24938481180469013
6943,8062,4.698272132310219,10.07195785092863,0.36466868768863286
6944,8063,4.954096232354003,10.039856098415335,0.33007446738284313
6945,8064,5.393111440900527,9.60510820605224,0.2707079384301318
6946,8065,0.9425043175921068,8.23930421093373,0.872548356482603
6947,8066,5.228744108547937,9.699779793355631,0.2929347720455233
6948,8068,4.8659774991331535,10.31498352288397,0.34199046305951103
6949,8069,5.802221673476483,8.198683575011398,0.21538535735718672
6950,8070,4.706082998538323,10.12153888626168,0.36361245089535255
6951,8071,6.235248944309591,7.100684845058538,0.1568285567936295
6952,8072,6.756023243319624,4.195197266292857,0.0864060249584237
6953,8073,3.8419290314375383,10.705647995947972,0.480469043807788
6954,8074,1.0397396591109656,7.139717429451807,0.8593995529670765
6955,8075,1.2819950114952092,8.974426750530428,0.8266401881175456
6956,8076,5.07102185184446,9.705232380113213,0.31426301475054036
6957,8077,1.7113398351703437,8.64859743870925,0.7685813523205038
6958,8078,4.455833353484303,11.014008319455552,0.3974528566701124
6959,8079,6.166045263397869,6.38545082817357,0.16618673447517682
6960,8080,4.167085394505625,10.803483124678545,0.4364992581000242
6961,8081,5.842407177811877,7.585343051596757,0.20995120869863598
6962,8084,4.717683828644364,10.107331201000669,0.3620437102163088
6963,8085,3.444768325504814,11.14435648414473,0.5341757311585422
6964,8086,2.5267874290100454,9.885199223306177,0.6583111561025219
6965,8087,5.229694545026791,9.437768969144885,0.292806247762899
6966,8088,2.9690562601998174,10.16601998711879,0.5985046508594878
6967,8089,4.902447821638487,10.275414443683976,0.337058705765508
6968,8090,4.579263574930812,10.585126917919315,0.38076180890572214
6969,8092,3.9903879362841392,10.840752766286679,0.4603934525724799
6970,8093,4.510854586734796,10.45043165690371,0.3900125230024164
6971,8094,5.146127981242802,9.713013835212159,0.30410666909633227
6972,8095,1.4358030536929192,8.771287234588364,0.8058412512868126
6973,8096,3.057148778293938,11.547758567510783,0.5865922001649748
6974,8097,2.628374333017294,9.4578591964915,0.6445739056370325
6975,8098,3.3482935433426393,9.90440891412598,0.5472216868269102
6976,8100,4.191769209753231,10.902960214883537,0.43316134997285033
6977,8101,1.0024186931960464,6.038953882628272,0.8644463398673905
6978,8102,3.4663017908014044,10.056278689973823,0.5312638341078351
6979,8104,1.923681519260728,8.516197416401624,0.7398671107839642
6980,8105,5.075312817533565,10.098654504993767,0.31368276209901896
6981,8106,0.684859417416112,7.144924949252484,0.9073887973786174
6982,8107,3.864874715607223,10.252163102460326,0.47736617721665253
6983,8108,4.700735292020744,10.343220958039232,0.3643356030040403
6984,8110,6.0556596880079265,7.657164951666589,0.18111379925510748
6985,8112,1.6731200346792998,9.124669783384885,0.7737496855541758
6986,8113,3.1086407874211233,11.934498521853346,0.5796291114355364
6987,8114,0.3136241437520068,6.988508465053967,0.957589676968219
6988,8115,6.240097628782075,6.7473650340387685,0.15617288573368768
6989,8116,5.255298965545554,9.861205945827365,0.2893438493255485
6990,8117,3.403083173878959,11.289174644554663,0.53981267200414
6991,8118,1.0614808625238907,7.8202089850435375,0.8564595641995952
6992,8119,5.0493731251937115,10.324354127505087,0.31719049820095657
6993,8121,5.247909816244373,9.723746586693057,0.2903430587774871
6994,8122,2.5293603754481895,9.599673187865474,0.6579632253332907
6995,8123,5.51383489130558,9.102717074585359,0.25438291807953667
6996,8124,5.198144150931716,9.806096918958673,0.29707269992230345
6997,8125,4.382039241582362,10.282358621284658,0.40743178267422586
6998,8126,4.428691007213937,10.821820553608095,0.4011232235602231
6999,8127,5.0166401391454905,9.932964417841324,0.3216168682357762
7000,8128,5.192521792879109,9.62887607680516,0.29783299222110027
7001,8129,2.4341470300673587,11.669303680263603,0.6708386012091051
7002,8130,2.396968748098696,9.643740076328305,0.6758660934461327
7003,8131,5.110209584377976,9.53642891574104,0.30896379136886215
7004,8132,6.5206749367220125,5.0269201363330485,0.11823137356959386
7005,8133,4.936578622134352,10.033361957512893,0.3324433140515732
7006,8134,5.256553112397036,9.319460347176495,0.2891742553253408
7007,8136,2.052520259135913,9.98106365232902,0.722444687523608
7008,8137,5.144373711523954,10.135651318474565,0.30434389300572623
7009,8138,1.9070374558708325,8.287768819958846,0.7421178306950086
7010,8140,5.212422668035993,9.825028540257268,0.2951418647654093
7011,8141,4.895556001551755,9.688736186430056,0.33799066308441367
7012,8144,5.121750109530548,9.45798423234541,0.3074032055229459
7013,8145,3.884876504891083,11.434688512180859,0.47466140348783886
7014,8148,1.0483041868230898,7.589415263949821,0.8582414011024259
7015,8149,2.1005693875645965,8.969225196101048,0.7159471678056512
7016,8150,5.344859312246542,9.621853876239179,0.27723290917602156
7017,8151,4.288101877945579,10.658299676488905,0.4201346118918007
7018,8152,2.0915592175863598,11.271987667253931,0.7171655823536409
7019,8153,6.531321306043884,5.904767054910969,0.11679170136625344
7020,8154,4.604728395745154,10.467583350628074,0.37731828806015677
7021,8155,0.0,6.606970962319134,1.0
7022,8156,3.022944490664748,11.813034466981735,0.5912175292932479
7023,8157,4.456540173371621,10.414601597395759,0.3973572758280643
7024,8158,4.63859781373467,10.339298745111474,0.3727382422108499
7025,8159,3.577459045412268,11.706499262479376,0.5162324177794405
7026,8160,3.502954969484958,11.313161375281839,0.5263073497966646
7027,8161,4.252175407550242,10.817601282184357,0.4249928259203187
7028,8162,3.127651111558329,10.200121392391305,0.5770584101561245
7029,8163,4.268969561185734,10.674094629467042,0.42272180981739466
7030,8164,5.0440608438066565,9.728221499582165,0.31790885989009643
7031,8165,5.3644351596559545,9.30989702335091,0.27458573411379
7032,8166,1.3934940561419382,8.99633356657673,0.8115625526886168
7033,8167,4.72155765001591,10.210846112718155,0.3615198665677643
7034,8168,4.066329197567802,11.58940113653518,0.4501241748824697
7035,8169,6.207841498148428,6.515838932577527,0.16053477223758525
7036,8171,4.7129392378525345,10.712703040714047,0.362685305042931
7037,8172,2.5217799401029257,9.71576631421705,0.6589883017443987
7038,8173,3.821983637962714,11.15180052682862,0.4831661913237399
7039,8174,4.810572172686527,10.44853600809907,0.34948273633978744
7040,8175,4.688287108236862,10.51150649207029,0.36601892843019396
7041,8176,0.6928804887207294,6.116558790172593,0.9063041352699541
7042,8177,4.558923971624286,10.655855371636985,0.38351226407236955
7043,8179,4.698986317668949,10.365806523258703,0.364572110839013
7044,8180,0.9045506654619082,8.754113127249049,0.8776806993814021
7045,8181,0.0,8.002141276527267,1.0
7046,8182,5.990864544592094,7.670362441063675,0.1898758254507978
7047,8184,5.09415614514588,9.945532954939548,0.3111346431899598
7048,8186,4.663352863440776,10.370672838828336,0.3693907012908691
7049,8188,4.894306196749242,10.239272141567714,0.33815966992415225
7050,8189,5.486994239540776,8.540673787241122,0.2580124878508901
7051,8191,5.258344126300885,9.622719928411634,0.2889320626251617
